path	bytes	sha256
.dockerignore	87	30a0a8c771af19782999c9c424e2c75fc6eb96c088d1f95b5651a01c6466447d
.env.example	1146	1e528212ceedabf437fda26457bffb60fd43c9138a4a7f7d2857302a7130304c
.github/pull_request_template.md	260	591ee62cceea72f434fd765039eb4f45b9644ef7503157f6bd560b34aa3d5841
.github/workflows/ci.yml	495	9e1beffd4f0c492625db461ea1886e654ff6867bf7591a2afc6cb9e4885ee8ac
.gitignore	249	5e2c5d00804c3122f7d6445f0a7e0f7eedfedaeec85b692912f93abba9f940f3
.python-version	5	7b55f8e67b5623c4bef3fa691288da9437d79d3aba156de48d481db32ac7d16d
Dockerfile	503	11a1b4acd403a29b58cdae8fb42a41c3a6473beab852fe754480251c6b0c7829
Dockerfile.airflow	563	9f10dbe07270c67e6cf0abe03ed1177a9905b60eed25145a5d1591d0d4ae1021
README.md	30939	27347c952057bc7283baf676527b2e4b99862d9210fe01b50930cf8532f41f0a
compose.yaml	1978	32b6f3009852c8b950ecd2340f445cc8da78256427a251f226de0d3ccda0fb91
configs/gate.yaml	218	2ab3eb798c2d50b94ce61392cf86ed9c4886b91bb8c646e43c8bd47df5d935c3
configs/production.yaml	54	aae3b5c7422eef838793aa7512f6aa61b3c8b5072b5059dd5e699b98657ba19a
configs/v1.yaml	107	522919834d1ce9ec6cc3791c289343e53db753240bf8704cdc5578a6d3d6a154
configs/v10.yaml	138	234d5e38b8e5849dd0eb9daa03ee3f89f22748365ce92b2cbd29086224e9a6d9
configs/v11.yaml	138	bdc92431108b02e079c54d8382dd7699be4d20a85f5f12a10d6ac6e83c439c78
configs/v12.yaml	173	ff91ae43a52c1bbcb05e363b3a5f5ba33223fd2bd7068d492b6c0b7b41f0ca60
configs/v13.yaml	241	ff7304227563f2e374dabd1e1bc009a6033bfd5999615df05e9918c44a812bcc
configs/v14.yaml	287	97aa8f1c9b327a1fbfa966d532d14a8f46543c049b46f8b18a1c389045d3927a
configs/v15.yaml	312	a8f6b78e49687fcfea1c8d73b9c57ad97091494822676445d8207b10093853dd
configs/v16.yaml	315	bc446989e6f4ae3d56bdd72d7f376e30f69ce45a9bbe17d69450c144c3dce116
configs/v17.yaml	344	3aece187de7742d204e65ea4c03341c4ba1d86bb48d3583eb1cb9ec94687cb84
configs/v18.yaml	370	3476f7d3606d616a02b60964574185f59d27d5a6e9c514ecea5d2d705e8f7b15
configs/v19.yaml	392	f593bcea6228b83d8c1e9237662ab2ee4580c4ebdf46b1c48585e625578b8e1b
configs/v2.yaml	107	e16eb131bd9ecd29d65d7b396f2185d2e757ffc11d5d8c4b7ae9505cfa193dce
configs/v20.yaml	391	167634bcac5497b3b4c65c8b1a8520ad13dc5fbe12f22b7593190e614598826d
configs/v21.yaml	425	8c9a6946385218778960b24b200ed5dc1c1f9a5942e27277b1674e9c562ffe80
configs/v22.yaml	428	a8fb350bbf3ab4e029fdda9b93836a8e11cb4344391249b7781d2d4de69bddc6
configs/v23.yaml	427	f9521f30061640d8c58871b41c256c54838755034c181561be217a61f85baca1
configs/v24.yaml	429	f70f21bf1db202a37dc242fb4db4623e7afc3138338fb256020cea3882a45ada
configs/v25.yaml	364	576afa926c47bcd7606a74dcb5b5ceef20b3cd774e1409311679fd30e530791e
configs/v26.yaml	365	0cdbb026a14860b0c1889ba2637e68117c42f4af9e50351fb265b21c9f8bc290
configs/v27.yaml	482	8e6886a6b2524ba41983287d5b985941d48f5b7cae1191e82ff15128aa1be2a2
configs/v28.yaml	508	ca0511e4bd9c0b512caa71af0e350cd091307a99d593ee9380da32307e30e08f
configs/v29.yaml	531	d3cbda945358d2e70670333ce5720a8992b741e39e8cb65b97fea5a62337e62e
configs/v3.yaml	107	8997991365e4fbeeda4c511035cfe566f94eebc967464627495292586781b943
configs/v30.yaml	531	7cc54a0bb007aa6cb3109b65f4e406db81b1df7a5f92bb934b143de8871482e8
configs/v31.yaml	591	2a23506c2a31e074e85762ff9eee54e4914ef642f6104f9836038e4b6b3f316f
configs/v32.yaml	701	136d0d2d2338b435f4115c45d618b032d18402ff79b4f85d4eecfb30824e4bfa
configs/v33.yaml	548	d1202cc9a9770a9ceec84fe1d4d7bd9990c2447a8f134b6301bb0320d554cb97
configs/v34.yaml	581	4c88a4a07b32f6ac842bf6feaffd8c1ff34eae218c14f74443de9d00e2dd02dd
configs/v4.yaml	107	7501ee37021d8177eea9ffc698ed48b2464c4ab8c2e2619c334fd3e56448455c
configs/v5.yaml	107	4b0e0a08d9552253d26f1f45fa042c64be1bb6b4b60d37b6b36e87d7ef05b7ac
configs/v6.yaml	107	dca2d8393e76b963618137d52697f5c968632446554af71bd64cc7ba01ca1a8a
configs/v7.yaml	107	09dc9586a26d8a3ad072d0254990ae852ea2de53c24fa6715a743de0a0fb6a5e
configs/v8.yaml	107	612bd8fec8fca27bf79834ff0bdb4168b9288736b553e577ae4b0084e28ee41a
configs/v9.yaml	107	4afc6e454ba659d5cb802b63f8cfcf090ebd01f66f7d95b1444cb65a033a21ba
corpus/drift-runbook.md	367	1444c872c97724269b24329ad5e79324049ab31bedefcf16ed160cb1a05c118d
corpus/experiment-policy.md	382	920eb01c659081ee06056d5ea1e41821437848aa351f5d222e602f10a276acbd
corpus/gpu-serving.md	393	1ca6f5e6f857927bbb49ad8e2dace4366ec6ee1485b597bb57c6589c25bbd7eb
corpus/legacy-policy.md	255	99ef25b881e7ed9c2bd712587110459374cfdaf3564ff939251ffb7ea16863e8
corpus/release-policy.md	344	e3130bfd58c8f32799b48d3803242a68e20ec98e4ce96dbd4af92cc0a3b4412a
corpus/reliability.md	378	d0c091032c692c29582fcb6b39165ab19fbfb3d550337dda24c076d44c7a1cfe
corpus/security.md	309	240814cc10d93d569ee170177dde9e99907bcfce037a11e137275b0a674b6f08
corpus/service-catalog.md	388	d952eb6b596c9372c8d10cdfd7638506c65d716a6eaacd19b8769bb7168821d2
dags/assistant_regression.py	3014	e56d8498824399bde313f5f0ba219f5481e1ec73b8f3f30e48fe95797a69538a
datasets/README.md	1030	d26b5e66dc28d825c4bfd1f9b51e4fdf4c03f041420daea73b85172be48957f7
datasets/calibration_review.json	453	f44d621dac1d7ac5680dedfcbb521eb9dc283e6be06c19c52e923ae045f47aae
datasets/dev_v1.jsonl	10697	dbd5de6891190a47a2020709e2f7d8cf04b6fe89d08c5f241ceb2ab6ac57df01
datasets/golden_v1.jsonl	6210	1bd4e56883be92a1939a5b571453e47cce94c8c8a1c95ed06e1c9611afff9ca8
datasets/judge_calibration_v1.jsonl	4910	554c83bb03756d7f772a466332fc1eed49c21f1c9dd5c5229cfef6afdbc2e62b
deploy/azure/Dockerfile	552	1a83392a2fa496d005584dcce1bff678dc5226afc59289ad533d9dfb848557e0
deploy/azure/deploy_demo.py	19083	bee2dd191e26e2babbc9f28d467385c41f4c1c6266e4cffe6e6fe91c0edd438f
deploy/azure/entrypoint.py	2880	c6b3d702454df936797544e6ea01724e4cefca8cc505f19333b9aca4249b54b6
deploy/azure/index.html	664	9629b9fb7221bbc6a71d67200eb7583d4b51af33d53337f28237cf6bb464a66b
deploy/azure/nginx.conf	1198	4f3412dad63355f69cf04d9cddf68d7cbf0e433ad2ea249f1cba1312f19187e1
deploy/azure/refresh_provider.py	4857	cf1fd19b4ceb1a539f5bdf5a806b947f013777154a408a1deaf74e7c9b649193
deploy/azure/smoke_demo.py	4364	1d492426b3400d3bfd284f891d4867173b3cad7f920c7a5dc115142708659f53
deploy/cloud.md	1288	8ecaeaaab79721bb33f11d5fd9527233d35cac897ee21544c317cffc64afbb97
docs/azure-demo.md	7764	ec900902613ec5de78beffa64ed4e2934dbfaa121cf3832cbdc86a8f3ce6f0f8
docs/demo-video.md	4204	1ab38fab1bcc0a0f4ef2c18edd5d59a90cbc77cf1eaa5f47e302ace7fda2be1f
docs/evaluation-runtime.md	9498	09be30f21ec1d441a1669dd495c6cec74cb7ea32e649acba56f6155557a9ce44
docs/images/week17-core-demo.png	70855	1af9ea06e1775612f25e7412630d761d8454716111f2d54c2d16593a24babeac
docs/implementation-notes.md	1868	55f321c48c3401890956f088b921a6c9cd3a8c99644f593acee313bae116e608
docs/provider-allocation.md	5341	13fc6325fa108fa9b894599295e06f53c1ceae147bfdc9441af7828da51fd946
docs/provider-setup.md	3890	caa72423d11d12eb54622e4bb3c659cfe2155abb6fd8d027083e0175f4bf861a
docs/qwen14b-session.md	4598	6d936fa5fe04acf455c1071026b2842cad660759a4c671b5d7819c6f1ff44b2c
docs/semantic-retrieval.md	2294	71efd06603b47896ce830ab310307374f4a8b0c0105a003ebc7eff374ab6ed20
docs/week17-submission-report.md	25644	02c171f5ec4f5dda36acf8209dc319a51a235a5d38548743e6f4b4160e82608c
prompts/prompt_v1.md	673	d62427609f66446566c8d9db736e4ab3f098e56216c3f365b9441e214c5ff0b7
prompts/prompt_v2.md	1618	39239fbe4fbcf816646a3b5303155040af8311285c24d21909dc3848695c3147
prompts/prompt_v26.md	2646	8c1e87ae8ae9f2b79bb9d4491b99ec1639c71d1d6b3b9cdb1a1d695401117709
prompts/prompt_v3.md	2163	df816680864ac7931a5cc1d8f5ffd741e82b11f96bdc0810c6f5f560f4edcb43
prompts/prompt_v30.md	3393	d659f6033ed9dc300247337719118c95545755445ebe2d4574632fb0a91a9f77
prompts/prompt_v33.md	4049	914fd89e71d850274b82620f2414b01af9a1afc573ced33712ac18267c7c473f
prompts/prompt_v5.md	3475	5d6037ac53801490b6d5742f21e6064b72ccdfa128d721c853ffbe5206a8861d
prompts/prompt_v6.md	4177	d9d03b446251f488f020b64740096a23ddb4fc5443315a48c124c8488ae7da7a
prompts/prompt_v7.md	4152	3227ae2a9790efb4e8ab4dd65b228aa917bb183440bfdfbf7aec3f3273e6e246
prompts/prompt_v8.md	4630	ade8bc282ec5ee8f1f46e522983f992bfe9a0672a42ec163844cec377246fbf8
prompts/prompt_v9.md	1839	f25c644a0c29da2ad7ca4e72b72467bfa730001dc5b18e52b8cdd01848371ad6
pyproject.toml	1002	45a793bf8e5d0d1abdf023a8e817b8186cbe1039186344ab02ddbcc949258d69
reports/airflow_healthy.txt	6849	b92d8184a1f94b8320674fd36e2754fa702a6f90a849d52df80399ad46dddab3
reports/airflow_healthy_states.json	747	ee47aac7baea206b7cc77be4adffd2de2d5a08f240a3790e8d49d9c81b56f169
reports/airflow_image_validation.txt	773	bb9fab707a6e0e8b68398df78634cdec0774529ca01831d5c9fe53a73253e0d9
reports/airflow_infra.txt	11678	0888e49664c883d62c6c9e18e08095f9cf1aa254e594cf54e0f9c25beffbfc0b
reports/airflow_infra_previous.txt	11678	728d48ec2671ede73cd3a817f88e5f3146c89cf74e2c348d4b9d8bccb3fc0161
reports/airflow_infra_states.json	746	9a42116df61cc2430517bb976d1c3945e6fedc276cf166be583c74ed58bb1648
reports/api_availability.json	2465	4d128cbf82ee9e4b6e31ea40d0dde03a4575ec0236c68dc1dd62548c9af7d624
reports/api_features_smoke.json	3834	846ba023f0393e868b8ba851283ced7cb4f67773681c0ac2418545aa72c81293
reports/api_features_smoke_development_v25.json	3847	22bcd8d6b6190303fe30c2f4a4ebb298a1de5a3029fa4f6157b784ae26bd96b3
reports/cloud_demo/azure_browser_outage.json	498	82eea9fa3db36efd00d898d540cd561bcffae78712a7fca55f4727831f549a59
reports/cloud_demo/azure_browser_smoke.json	570	a464205b71a0980e749a5d84ade28a27197be8f3a5f19ad26c66bab568cd97f2
reports/cloud_demo/azure_deployment.json	978	cbb7a0b5d941e389b644e68cedc3ef0caa5c3c23625e10909e101a0aa85afff2
reports/cloud_demo/azure_https_smoke.json	2606	a6b325c4ae3614d3106d995c6ba75404661f36c59fbf63696b749482658e34f5
reports/cloud_demo/azure_provider_unavailable.json	1808	1bb531afb3a47a1c307b086fcf8550590074c9d66eb70ee62f7ed76870de7e0d
reports/cloud_demo/local_gateway_validation.json	2365	ada73a185ea86d955ec4f5d9b2732911784f881ba68dd0ae74573c729b73e90d
reports/cloud_demo/provider_connection.json	870	043b48d29b491a256c9f829866871c88d858412a393f1a6cf9d94a1b07706666
reports/completed_experiments.csv	4628	9865316a9254022da1a95fc1cc29a3559039f594ef5cf083b57226ccd1167129
reports/completed_experiments.md	5176	7fa0c236e7a9e4e4ddfaf66940be17137804d5d758191346490e6d2e86f23cfd
reports/cost_quality.png	128069	6cc154f0014d13cae68680f014c969e2fdbe84c8cadc02c116351ac06a674eb7
reports/deliverables.md	1271	5d1356d3e7cffef9040b51fb322078356d400bfdbad52f729302bd855097cdcd
reports/deployment_smoke.json	749	3d3f9de54c5e95257a2f58bb6e9ee3aa57e61d7c46a47506595d287403460a5c
reports/diagnosis_v10.json	392	36a9ec7a2ca1a71ea77521c811fc0e0b32e9f26d336383afb1f6034a45079438
reports/diagnosis_v11.json	333	64b9d01f080c1ee0705625df377b6140182f4bb55c177b0eb18d593aa1523057
reports/diagnosis_v12.json	553	1700e8251c2192fc3a916a7c38e8153b7a52d7e6faefeabbdfc6225f1357a53d
reports/diagnosis_v13.json	462	46017c61a5b565987cbc9e4880c88425f70fd25da9b6d215a50810f9464a6b24
reports/diagnosis_v14.json	649	960de9feffd9ce8bf0ead0159bbd911f4d72a4152e78e410ee104d9efe4074ba
reports/diagnosis_v15.json	671	aa14a63cd9d3c6fd0ce527695ec85d3a2b15550f96648b9793ab99c1b03f49fe
reports/diagnosis_v16.json	885	0d7ee7a4cc506ae16b2f24f442abb60e9291998f1e65759092240e8bf52dcfd4
reports/diagnosis_v17.json	753	27332ba50d4772edd1b7464c60ac7a7d2e59d9861807ff325159354644fc98ce
reports/diagnosis_v18.json	1201	d6857ba8a82fdac487e2e2aa5f94bcd79dfd8c890edb4f05b584bac64931d6b7
reports/diagnosis_v19.json	1290	bd25b7c8bc2a7c39a70c2c75019b3d0477e0a663d9bd158ad912b114e0697424
reports/diagnosis_v2.json	482	8eab793bf0931a2077996cddb4a0eb41898c7d5cef3ebfe65117a1f69d31124f
reports/diagnosis_v20.json	662	bcd21745e722f0bb6a19d883de10902c17f529cc4d7bfebc6422fba82f94eff7
reports/diagnosis_v21.json	857	78b40e1dcc0da6685eb8a0b2000e8981ba14052c770070334786d607474a04de
reports/diagnosis_v22.json	1180	9d4e647ef7fb67902ddc1eddd22b5f60453edea61b7de93d033ae5e8af322c5d
reports/diagnosis_v23.json	1202	42bf742b556b21ff3d1e23c0e885e802946f8f2e5c3a914de452a633045953bd
reports/diagnosis_v24.json	852	1b5cc65f2156d6bcbf41c78a5647a6193c69714c0b599ab7c5c5a9caa2cee59d
reports/diagnosis_v25.json	596	fa7eafa8053eac431978b83a40dbcdedb5863bb1807732f93d93af91c036d2b0
reports/diagnosis_v26.json	815	2a8e24952f9a70a39cc8c1a572cf8b6cfdf80b3c1098f498e63c05b00039e96c
reports/diagnosis_v27.json	620	ec10423b73044e2fe0594f2ac42b0f97fb002c9e1358ddf04acee719704d25b8
reports/diagnosis_v28.json	585	0fedb73d221744ef73b2957fc87588c227d77a4aa964206cafb8316b9e3aa44f
reports/diagnosis_v29.json	372	64f4efcbe1c7b3033514db05632605b197ada8406c61a86015faa8945664d144
reports/diagnosis_v3.json	444	39ed85f8db71941079d2f25f403b7a4f96d87c3bfa7c62f80613d53de928ba02
reports/diagnosis_v30.json	558	1b0e8365999d434c85ab035e15c110b16cb9bd98ab3e04f509ef7f4e82faa22a
reports/diagnosis_v31.json	962	af0cf9ceb44207dea9e16520e18ae357f1526b70e19595abd8fa672c21cb88ae
reports/diagnosis_v32.json	1313	8aed61441f3f0763dc4c60f160222ebf61500cbbc9e40817efa7d0b3f3a07e5c
reports/diagnosis_v33.json	710	776be1c085f90849a8d728cdc69b41d3b72b4143cb8199adba671abd5f170aa1
reports/diagnosis_v34.json	929	0136b2873f8b0370bcd1b4cf2e00b8465d001188c5299597efa45a94fb3c375c
reports/diagnosis_v4.json	333	75bb3d19977691748aa2cf17ab376e53744a5ff33ca69df4042be31829f1ab49
reports/diagnosis_v5.json	543	114f245d5c081cf643541c992651b0c5a16f1cfee9285771cf12debda6f99744
reports/diagnosis_v6.json	605	a3b1625cf5a57419b2839a2f2b6ef217a4c958c20c8b016e1b9cd0dbf12f63ad
reports/diagnosis_v7.json	630	3191a9f652efcd624847dfcddfa7f186993f5f73c599a2e36d6eadd58e29b50e
reports/diagnosis_v8.json	383	86140d1821351abddf2b4fe8417d01e649c49e7ad815b04df3d2862e14b96443
reports/diagnosis_v9.json	422	ab95471fbdc0f15c4a2771eb8c12d8f149c400eace221e99786536f3b7deb434
reports/engineering_validation.md	1683	31380854393d78a53f6f684b0a0277e57e697029e197a4100581ae812e535501
reports/gemini_flash_lite_availability.json	1817	9698090df7002e6da6fdd836643974d881935cb28c922f3bc9be32d2437eed02
reports/gemini_flash_native_smoke.json	20652	da13ac98dd7e885c21af603641607fc29fa0bfd22b4a26be5e874b4f92706ab9
reports/gemini_flash_project_quota.json	8302	22aeedc96cb28390ed6724a45436f1563792cd1caeb234febf2f693387ca8c1b
reports/gemini_lite_current_quota.json	1571	677cd6480dfeb4a90988e88fe56d278863f5525bcf42ef35d37ac30b82d6e8c8
reports/gemini_lite_semantic_smoke.json	10667	6180129c56772bacc6d9607c4677aa19bc2a8e902e90f12e52032e6c87e332e5
reports/gemini_native_agent_smoke.json	26385	9629cbd2d252aee9720c311f770ed519681fd56d3509be22a7d2be481ee62d4c
reports/groq_120b_current_quota.json	3431	7562c55e0260a7882c09950e764fca4e38abe9ef76dc86642fa89582b69c35f7
reports/groq_120b_judge_availability.json	2109	7ab3f7d60a0a862518a378ed439a719045fa52d5cad5932aaab35bb37e2e315e
reports/groq_all_accounts_native_smoke.json	29926	e064378f28c617ef0f830062779fa3cc3ba54a2f4749c686a934521a0a3b3700
reports/groq_individual_accounts_models.json	2252	34b9b42b0787a6390353930eaeb0d4a1ea7527485064278ea07709f2ba7e7c2c
reports/groq_judge_smoke/evidently_judge.html	3656755	ce16677209327c243c947e3cd1328489b664ead78c8e084198a442fbbb100e6e
reports/groq_judge_smoke/evidently_judge.json	2609	bb93ae30bf69f704e6afbadfbe0c58df0506dd2cea035e0f5b2d70e80471aa52
reports/groq_judge_smoke/judge_verdicts.csv	1357	9c1c54cfd451fccff1f34c904e4cd9a5c85cbc93cdf868ec47f8f9c7ae36d58b
reports/groq_key_scope_checks.json	841	6ca9b282a51abd003a43b87f378e1e4d3855a570b57b8307cbe32cab1e44d204
reports/groq_qwen_semantic_smoke.json	29446	540317921c0da6e3cbab86e958729dbf7952368caae835c0005b403ac6492ec6
reports/groq_v31_account_diagnostic.json	3409	dc867b18b859cc64f01597c8221b8b8ad809d51b591184d4b1d1853288ed79b6
reports/judge_calibration/calibration.json	284	a364551a99318095fbc361c23280f54a6b10cde223defd150326f67ef74b05a7
reports/judge_calibration/evidently_judge.html	3656755	a84b56b0c86ab58d1bd6c18937f5be6a61a83c65f8dd44807dc6396d5c3d7110
reports/judge_calibration/evidently_judge.json	2624	42481c04a56c944db0c5e71a83ca7f9001cb04f1bb7158428843c8c590a56488
reports/judge_calibration/judge_verdicts.csv	15071	dd86b81781a657f5cec0f707c227565c69aa529eb8d83682d231e97542b9ba44
reports/judge_calibration_groq120/calibration.json	284	a364551a99318095fbc361c23280f54a6b10cde223defd150326f67ef74b05a7
reports/judge_calibration_groq120/evidently_judge.html	3656755	11f3759588148c7c1417512249bb6e7bfd2e15dc4bfd09fb5abafad2a010812c
reports/judge_calibration_groq120/evidently_judge.json	2624	42481c04a56c944db0c5e71a83ca7f9001cb04f1bb7158428843c8c590a56488
reports/judge_calibration_groq120/judge_verdicts.csv	15071	dd86b81781a657f5cec0f707c227565c69aa529eb8d83682d231e97542b9ba44
reports/judge_calibration_groq20/calibration.json	283	7b17feb14e177ad0002d76aa1b749da4dc1302172811efb42c8bb843979e05f5
reports/judge_calibration_groq20/evidently_judge.html	3656755	49d8d11f3cfceba1fd4d3125e10c31e86f009c53a4b73180636119bc0a1a321b
reports/judge_calibration_groq20/evidently_judge.json	2624	42481c04a56c944db0c5e71a83ca7f9001cb04f1bb7158428843c8c590a56488
reports/judge_calibration_groq20/judge_verdicts.csv	14562	56c816cb39076e3fe55d041dd5294bebc34d49ad92b4c9be7e35b113ba0983d1
reports/judge_disagreement_v32.md	3097	ef7a62969e5ef2d91748822a005d3c4bccd5dfc6cb1392801838bedad884ab9e
reports/judge_rate_limit_diagnostic.json	209	8421333cfcf7437b2c5be35962f509bcd5a4c912b2033d0f422c41584e605d99
reports/judge_sanity_review.md	1901	14c6ec828b303f203a8db531dbe4e603bc8d3125f53aaca83db6e7d963987a44
reports/mlflow_comparison.csv	26276	3d30ee94f8cd47e87786b55cf86ed0b7614177b46bf605fcdb60431ebe9711d2
reports/mlflow_comparison.md	40517	b128ba3aa927b6e9b2162ff99d239acd8b6901e513d95253a42f199674e79a01
reports/nightly/evidently_ground_truth.html	3655678	73550746e8190ed978a3e8e7e26e6bfb042ff67ca1c2efe9f912dd6885db10c3
reports/nightly/evidently_ground_truth.json	1313	026a3d4ca55f2efbd6d131f5e64aba60e568cef5023b160bd31364cb374ef91e
reports/nightly/harness.json	15356	502b69bb1aef892f723ec485c7f54722c77ead49aa7f3d70c863095bedec8b32
reports/nightly/harness.md	1182	73a558d38de1d271881603526fee6c694cc4030ef78dcc13631c3d0f0fa1af8a
reports/nightly/status.json	194	f98cb18fa4332f0a35ed78688549fce3cd960595310d87d594af70a05327fb73
reports/nightly/trace_gold-01_r0.json	5855	7ca95770185d6999c14e47b2010ce5a7c3f2cd457d5652e26cabcd1b21b192e8
reports/nightly/trace_gold-02_r0.json	6070	22546129459353a67ed2f78d9381cbe2ae774df4e288f3b71562f83b229a4625
reports/nightly/trace_gold-03_r0.json	6085	07a23dabe6b5d475e4fabc7dcba2367519b4bf6ce9cf537495fa988188fb5717
reports/nightly/trace_gold-04_r0.json	11021	a0ed69cc8a2fa9c9f89ac93cbc9083cd75cfda3e4c86d329ffdf7f9df14004df
reports/nightly/trace_gold-05_r0.json	8128	3bcec77a95ed41dc1e6ef1f5fb383d274967a874970624b07d18f84028e5e3d7
reports/nightly/trace_gold-06_r0.json	8265	7325995e1b56ef1af7ef6c35e2e218a8db7dbb9b76fc804165aafb49c36be2cd
reports/nightly/trace_gold-07_r0.json	9532	eea9d4243ebe9216593155f41263636fb375d48b094e6f1e8af11e2d048c1192
reports/nightly/trace_gold-08_r0.json	9121	292dbd9aead3d324ddaf2bf023a496210538e06e39b167f44fc1c1f7170dcba2
reports/nightly/trace_gold-09_r0.json	10790	ea44574d6898ce55d938a0eca143c0017b26e1253810f2c4fcb556a3236466b2
reports/nightly/trace_gold-10_r0.json	994	daf6105d0d05990b128915125f7a77d6cb094d0c6d6967948da1299e7a7df5bd
reports/nightly/trace_gold-11_r0.json	1151	e3fa5eaf6b90bd071727af874f88ee1cddaf508cef6ac5e8b85139165ef8a6e1
reports/nightly/trace_gold-12_r0.json	1074	337baaeef3527c8a967add89652499b05fa6ad5558a49a32d83f4faf93ade615
reports/nightly/trace_gold-13_r0.json	1085	9b2492f808e628a81943af74a912e6a7ca561e5c4cbb19b830c80df1d7658664
reports/nightly/trace_gold-14_r0.json	1133	1e260b6db93b0f1c5b528b78bb26558f02a4f3df190547b93d5fd0dddcf8576d
reports/nightly/trace_gold-15_r0.json	1171	599d81fa25f282db8feec48333edc0235c986ac90787662bb06472a032069900
reports/nightly/trace_gold-16_r0.json	1593	b92b7f2a68151b4424b2cbf96b2d593ff01198580d88438f6f95c2097fdaa2c8
reports/nightly/trace_gold-17_r0.json	1546	d3fc114e1a014c04c52b60e5004745c236d199d2ac76819e42d086ff096661b0
reports/nightly/trace_gold-18_r0.json	1558	b7065798473039609f090de90046df7607089027cf89cbe175d2e5365a80b4e7
reports/provider_120b_cross_source_diagnostic.json	10310	c577db8677a8bdacd1d15aabad3e6181168724c9a58d4680be2666292adb140b
reports/provider_120b_finalization_diagnostic.json	1988	b08f724a85a5489d8dfd6fc6aa04cfeead06eb14c55aa063ad7c7641c1564c7d
reports/provider_120b_generation_diagnostic.json	1043	a811322131a7a6aa680fc534a887d61072a97ea3c533e5bea6bca2323c95e379
reports/provider_120b_remaining_rejections.json	12656	f4a3c54a9b901a2485a36a292a78bfeff88c37df0c1d94ec26094bf901add9fb
reports/provider_120b_repeated_diagnostic.json	1943	9fbd6d9dce6bee52ae5ad663768c73fc1e885b9c7066abc6eb68d1293f04cd19
reports/provider_20b_development_diagnostic.json	111697	888a7b5afe2946e648cbf10ebfa5fd164fa1854a38a3ce161dfed6c2ab93a43a
reports/provider_21_failure_diagnostic.json	80851	19a920138ea0555983fa2afa33bf98c7490f6ed977f14eba25e25dc1259d15ff
reports/provider_21_native_protocol_smoke.json	31415	4799c651db77709aa826b04c9081a0496c888153cc086e59dfc5e991b3f5c20b
reports/provider_22_medium_smoke.json	18451	dc52f8c7749b280d703ae0816b8029fe18ab81e052fb6aa75ad91b6724e871fe
reports/provider_23_structured_smoke.json	7627	5c0f1f43dbf6196e31a1b895b7c0b05dd8c79f2af2b1d2da2c42be62b75bfc70
reports/provider_candidate_120b_quota.json	687	5c8f87552ffa747ee67290f96e6a38ffe7d6607f11c1bc887288936ced3ae913
reports/provider_candidate_120b_smoke.json	15206	8e6f9a6e4f9e59a803808baf8f69b2a2a27d16d6ebb2deb442b059a06adac0f6
reports/provider_candidate_20b_smoke.json	16322	1293f014b025b458a19e2b62fce9f87c98df90a27dcbc8f4e0423cf4d07a3323
reports/provider_candidate_diagnostic.json	130	bb9aca4535260b8b2067e97fe4d58e9adef44f745c086d25db716d56cdd1aa9b
reports/provider_candidate_llama_quota.json	681	bd2e4c4b0768c5123ebe54d9afabbe93c756960f822a0eca91cdeb89d1021d50
reports/provider_candidate_rate_limit.json	488	c7b1b3be677c78d2541c56b74d2d6358b8c1aa632a619353f91fd9f3d524b202
reports/provider_candidate_smoke.json	4450	1af08cab284aeeffaa2d367c8715e3a946383aa53b09dd97f726454daf1fa651
reports/provider_connection.json	853	2bb8dd0bb37c216673f0788b78d9e247d74bb75ef4097cbc7d56f2d3edc2e8ae
reports/provider_diagnostics.md	1433	65ee8f8a651a15acc1269ed0483132b25ce40109ee9497d4cb4b813f980ef313
reports/provider_judge_smoke/evidently_judge.html	3656755	bf207ddeca52e7f4b141229d36e54a92d34501261ca0750a4a39d5397f565809
reports/provider_judge_smoke/evidently_judge.json	2609	bb93ae30bf69f704e6afbadfbe0c58df0506dd2cea035e0f5b2d70e80471aa52
reports/provider_judge_smoke/judge_verdicts.csv	2010	33323bd2a5fc9e9885fc12c0f00b552b7d4d2af1a4fe0a7b0e71757751f80d78
reports/provider_roles_smoke.json	1028	41a33771fe606199a7e09bc02d63e9c68f95b1b7b694d934a7123959e45499a3
reports/provider_routes_smoke.json	973	ebc37f12a9c5474ac0dfb13bad4f18d05538950627dc04988f590032c466ced3
reports/quota_recheck_v15.json	653	678c677fbe1fa147656f35848bdebd506e88e9c45f20c104fd4534a6bbde78f8
reports/qwen3_14b_connection.json	870	2434933f0bd6da29c185610e29c8570559bfbc89e3ce6e2b24b743962286c092
reports/qwen3_14b_execution.md	1969	e41aa99ac096667e35aacfc402a7b5034fd89d31d7ad600e799afae76123ff92
reports/qwen3_14b_preflight/dev/.rows/dev-07_r0.json	7326	fa405059df38ad0d76d31e2d497acb5e80edf43436ade0317a9c2bcf728e40fd
reports/qwen3_14b_preflight/dev/.rows/dev-08_r0.json	7498	61d309b513df272ed24e11575cef5ae1c4027de06e3ad9faa6758018b8b68bd2
reports/qwen3_14b_preflight/dev/.rows/dev-10_r0.json	10169	b4dddf54288ebf85d16c1f24543feae02f5078ac7a718c7e30f3ae0f58ebd92f
reports/qwen3_14b_preflight/dev/.rows/dev-13_r0.json	8593	04a19821d1c3f76082956b4dac8148adebfaff695175c05c3447f25a67c9f712
reports/qwen3_14b_preflight/dev/.rows/dev-16_r0.json	1367	541172c27e9d3c8f52921ed618bed0e49d71d37db5b322f83252861cef7bc981
reports/qwen3_14b_preflight/dev/.rows/dev-18_r0.json	1591	5d5077f0177f4e26185bcaac5cae0b18664f515d3abc80f2a9c2633b4235f894
reports/qwen3_14b_preflight/dev/.rows/dev-21_r0.json	1602	d75779d2d3b391ef3822b24a523f23437d1e716fe772fdb011e449bf28e9dba9
reports/qwen3_14b_preflight/dev/.rows/dev-29_r0.json	1718	7730538a4b9bcef35b97bdea0bf463b61194cdf036df188bbea296dc64f0b738
reports/qwen3_14b_preflight/dev/.rows/dev-32_r0.json	1859	80c5365226014d402b2c949ce9869dd27bf5297e5a6c35820533a5779a107b0d
reports/qwen3_14b_preflight/dev/evaluation_identity.json	96	7fbc3de41d47abac3daaa86824b9efa247286bada8be254fc0a79c704652dc7e
reports/qwen3_14b_preflight/dev/harness.json	7648	8c1ea21af33f53cb673d5e8c870c2e15c576fff24955f74960033742ee971c73
reports/qwen3_14b_preflight/dev/harness.md	813	2d2b58082323024fbd5aaa1cbc9d85f81fdb6ab6dcc3bee5930d4fcab920df3f
reports/qwen3_14b_preflight/dev/trace_dev-07_r0.json	8118	3c5eb1e73e006354c1a64fe4083ccb266ad8a24917eb2256dfa26871674e65b1
reports/qwen3_14b_preflight/dev/trace_dev-08_r0.json	8222	e09aa9955b69bc1b8c6bceadfb6c2986fa4ecf923c6e3675d1924f53738b4da5
reports/qwen3_14b_preflight/dev/trace_dev-10_r0.json	10761	53a2086277d2f8c94e25a4c8789503d9597aa71fa04b19599946e76f221878cb
reports/qwen3_14b_preflight/dev/trace_dev-13_r0.json	8866	b52161c803aed960f5ba1a6d4258deaa6de04c7c7c388a5a853aeeb1313a12b5
reports/qwen3_14b_preflight/dev/trace_dev-16_r0.json	960	2fa5fce3b05eb6dde655bcfcaebfe60c51cc092b01526553c9f4fab7a80f5931
reports/qwen3_14b_preflight/dev/trace_dev-18_r0.json	1105	a26934cd3787e29cbe51cdd3ebbc3a3b53e809b3ed3a474c0168a7bf70b25ea3
reports/qwen3_14b_preflight/dev/trace_dev-21_r0.json	1122	d7a7317e21a31c24dcb4f4d69b549ccbb925eef282a4cacfc14784b6c05150c5
reports/qwen3_14b_preflight/dev/trace_dev-29_r0.json	1168	7aa10950dea1038a42a2d73125fda5b88e7e2fef818b9f70a93c13b748791879
reports/qwen3_14b_preflight/dev/trace_dev-32_r0.json	1484	6958f301a04d4608a823af975439f41ffa2a55726bb3c6b59f0520d53abb7adf
reports/qwen3_14b_preflight/result.json	55209	4e48814ec0b22432d7f13831fec3b92ad603ab733f0c1b4451a7d28253c71631
reports/qwen_current_availability.json	94	0869d6ba7fb948244c64e73e3e2ed298d2ff5c5e5602c3c6f9a3a22d755227ec
reports/qwen_native_final_smoke.json	32481	6e1364efd3abf42d68d4e5efccde0dab9bf1bdd19cd3171aab294c476b32fd5e
reports/qwen_reading_prompt_smoke.json	73482	5ef355bc2a51f2102bc8c7df09e0ada2d1bf27b1a32f3b15fbad21cd8d934bcb
reports/qwen_review_agent_smoke.json	72108	f8d7fdcafefbf896805e1eaf7dac25ab19952ac67c2527ee99aecce47eab3c06
reports/qwen_scoped_review_smoke.json	68087	3ccca395b7c00ddabc24765d0ddea2e3e0273c85b159b795929fbbac0d783e13
reports/qwen_semantic_agent_smoke.json	56217	85a7390aeda5e08c69297e2a06d8571e9306ec96727af6d5f202e0a491282fc0
reports/qwen_status_prompt_smoke.json	45891	e32f659c7feb985deed03d110aa41d3e9f522bce05f6b427405bff75c13c3c6e
reports/screenshots/airflow_healthy.png	131588	a0dbd6d4ff6f190a59f1ad9612b0389f5d4379622eebeaf0af38ddc2c8fef682
reports/screenshots/airflow_infra.png	131290	573608c8f84327bea00336f4a1bd14fee8944ad90a1236f34097834af1ecca79
reports/screenshots/api_docs.png	53765	b11ce3f7e9bec7e853d6357dd643375395396dbdc7508abfb826af441051021b
reports/screenshots/assistant_answer.png	53246	0a866add2c746fc623edb452d616ac9d36ff31cc76c9ed225b7fc28e8d3ede08
reports/screenshots/development_v25/api_docs.png	53765	b11ce3f7e9bec7e853d6357dd643375395396dbdc7508abfb826af441051021b
reports/screenshots/development_v25/assistant_answer.png	59250	0318934b0ae79726f9e69bd602cd64cbf33d5520beb0e2288285816bf7296011
reports/screenshots/development_v25/evidently_judge.png	33394	c6cf1a61a1b82cfc63efa1e40bd1233facf82fe9a18046adf0b917f4ffc26c46
reports/screenshots/development_v25/manifest.json	821	8f03a5ff8e417a0c680e2f5655824ca04fb259a2c01ec44ebe7608ab2239adb2
reports/screenshots/development_v25/mlflow_experiments.png	131657	e44fbc37cd943cdcb682229cee66b0ceda542e331b11b053fa3f9485c06cf7d1
reports/screenshots/evidently_judge.png	32641	c219c8a12209f318d14b596e52fc84d88e3fc462ec436d833bbdbc268c61e2b2
reports/screenshots/evidently_judge_tests.png	46593	997e346ffc7cb2e57adfcffd94ac67f2bea0e7cd6ee81ef0a05e21d25a6cc6ab
reports/screenshots/manifest.json	1166	f5293aeaeb717818b8a3a711d0ad221a3dd0f247695e194ab61e8c257f68a114
reports/screenshots/mlflow_experiments.png	143961	f4a6e06cf8cd4f691413a762871b8d5a7f5554161d4cce6e5afa0313f94ad9c5
reports/semantic_embedding_model.json	209	22b7aede37d968ba36c34dfd39611c31784ebfc944a29e925ec7671132b526f6
reports/semantic_retrieval_development_smoke.json	1530	6efc543f13c78e85c69dad4fc0d48310b9c7debb41ea62bad0e844a7f0f22a2e
reports/ui_screenshot.png	32761	07e97ef8ea4819a76070ebd979e2e9f995a48b3c8826152b34bd9d75b94e80ab
reports/v1/dev/.rows/dev-01_r0.json	6133	9ba95eb842934c607f9ec4134791503f68cfa20224e7fc6585663d6900578192
reports/v1/dev/.rows/dev-01_r1.json	6110	b91fd5795ebb05be2e957970faa91c99b3c83adfc86a95c42e97dab3c676cc74
reports/v1/dev/.rows/dev-01_r2.json	8459	0e3e1fb208696e84564af7b976e25721082e4af4f09ce480d188760e9e9b0674
reports/v1/dev/.rows/dev-02_r0.json	6289	412f7988a2a0088212c73c5bd0412eba8d27d11537c9da25c4bd41043f79370a
reports/v1/dev/.rows/dev-02_r1.json	6290	4918e8b17960a782f7bb43e297d551abc3300bd964ee1debde337edc2eadbf2e
reports/v1/dev/.rows/dev-02_r2.json	3175	764f8a06cde80344421e6a894d4570f27b244d6ac71b4b2051999ea3f8d573ce
reports/v1/dev/.rows/dev-03_r0.json	6423	0fdf15c07707988d2f73ca2fc1856ccafd89e10c5fc0108c8d6c2e17f363606a
reports/v1/dev/.rows/dev-03_r1.json	6411	cb9fc2f78f9a29b2da62b0516782a4085cecd9eb04d7bd4c83ece67a307c56e5
reports/v1/dev/.rows/dev-03_r2.json	6427	63b6b88cdda227d4bd264827bdfd7e1d585bf44c9bc64d592b52420204d7ca1c
reports/v1/dev/.rows/dev-04_r0.json	6120	795c350eb9d726f257e96b426da9cef6c2ad3ac58b58b87b7d12dcecdc68b632
reports/v1/dev/.rows/dev-04_r1.json	6669	e2ff7122df9dff15a9eb530d6015747d171c2c6e2c3731076e4439556c3eeb29
reports/v1/dev/.rows/dev-04_r2.json	6128	99fa1630a9694b5d18bda521acb7e393d4fcb1ca0b42e1c24693a72b771c57d7
reports/v1/dev/.rows/dev-05_r0.json	3487	8f86e3ba1d9dbf6eaefdb3906c6c0686c35cf1633127c573507692d76c54be15
reports/v1/dev/.rows/dev-05_r1.json	3489	a1fbfae542488c2480b7cfd8ae6c8c5023d42f32fbdab892be60442ce91b6c5f
reports/v1/dev/.rows/dev-05_r2.json	3487	3ec1a1a1a0061f28a8da3dd1bb2b871b0dbc7d5d5adfa9232ab0539a2d8ebda4
reports/v1/dev/.rows/dev-06_r0.json	6197	ceb7e66d1a815e1f5f8af9df8c9afd1595aa89e3c6f3d21e020447d799774c51
reports/v1/dev/.rows/dev-06_r1.json	6179	46a19fdd3495f78fd0414abbaf333520dcb437fa1dc537e304b0bffeecc85442
reports/v1/dev/.rows/dev-06_r2.json	6179	be0f80b323354a8de98ff5d56951f3e6a6555a352d26f8a154abcbb12db16e4a
reports/v1/dev/.rows/dev-07_r0.json	4257	6db58bc72a477d79382a9a273086863150d23c17ab48f6e76b3286e40ad112b8
reports/v1/dev/.rows/dev-07_r1.json	4191	4fcdadd57a4c79ad2504c67b69473235706741f7037bf9dc8f7961a839f289f0
reports/v1/dev/.rows/dev-07_r2.json	4189	a7a981a47acebebda7bc460bbeaf73067670fe89a96f97814b180999803e8594
reports/v1/dev/.rows/dev-08_r0.json	5287	531e6c42505b1ff7ad7238b2f8abee5d8a376ec94fcc967140274a38e0c51585
reports/v1/dev/.rows/dev-08_r1.json	5355	009594f0e6b772289f4853748dde47bea99d2d06f56658e364b69d832d075c1b
reports/v1/dev/.rows/dev-08_r2.json	5446	b0ae9a69f15ec29b6596ac626b3030f49ff17a3eca915270edc2603f0d77cdb3
reports/v1/dev/.rows/dev-09_r0.json	9421	5eb894294d4a5b3d36bce0459f50a971e7b685f1345e9eb633ac740309aac721
reports/v1/dev/.rows/dev-09_r1.json	9302	30e42d562c00ee73695f01cec5a92162b02822fe727988b47868ef4eab1d1dc3
reports/v1/dev/.rows/dev-09_r2.json	9516	b8b3061245c8a2b88c948090a101675f98e56beefd517a39ed5179c7c96825b1
reports/v1/dev/.rows/dev-10_r0.json	7346	c76898b4f63fdf2cc54fe34aa8088831c29b995c9770c569ed18b87b5d370979
reports/v1/dev/.rows/dev-10_r1.json	6807	a2e3be667a19c49ff1d8fa0c65c8e50bdbcfe1420a0a44005fdb89d236736b65
reports/v1/dev/.rows/dev-10_r2.json	8139	d260fb6f4d63d00efef893f03b315f7608d63621647b894b8d8f5d58343ccb27
reports/v1/dev/.rows/dev-11_r0.json	6766	b9920df9da6d98865ae08736cb17684ae9776f96a42aff2cd9a4464bc98bccb6
reports/v1/dev/.rows/dev-11_r1.json	6766	777e5a586b0927b10e3d7b6d9a07f16301aeb08143fa6227a9258b635e09abd8
reports/v1/dev/.rows/dev-11_r2.json	6680	5025d3dc9f83d3e31cd3938e298824433d7a3c811e71582f90cbe6bdba29d0fe
reports/v1/dev/.rows/dev-12_r0.json	3850	558346c11762612b1b481551eb1c43cf9c75f39eaf22ce03219919e6ce2e2b94
reports/v1/dev/.rows/dev-12_r1.json	5093	978399754aaf278e2457be8602e9a22e335f61737ba50814a8919b567bd79b3f
reports/v1/dev/.rows/dev-12_r2.json	3630	9c1d28c5a5d1e7f215cc51e4b913aca5d9996c7c2879b8125e37d98d4fe220f0
reports/v1/dev/.rows/dev-13_r0.json	8316	816ad3b42dd7c165de1058cd71c89863a8e5078b08eeecd0a3a069889aa77654
reports/v1/dev/.rows/dev-13_r1.json	7665	f7ae31e494f4e46ffd9b0dc1095156c3daf9bbb4af27d546a5f14b016882d8e7
reports/v1/dev/.rows/dev-13_r2.json	8357	a868b3c67e534018ba5c7a577f3b759099e3b6bf505db8fa2eb5d9264a0b1e89
reports/v1/dev/.rows/dev-14_r0.json	3681	841699e7725f451467c5ca296421d5b4b9f8258b0acbb91a6a96bbb6f7f4da1a
reports/v1/dev/.rows/dev-14_r1.json	3681	31307a1e486e257df7ee614e827a8a2b22816f4cb9e70fad76caa95235b379cc
reports/v1/dev/.rows/dev-14_r2.json	3681	00b5fe2035cc319d1e708f9f99955f443358ed098a71e19e201770b8b679e541
reports/v1/dev/.rows/dev-15_r0.json	5995	24ca2c16669e14625684e46034800f0bde7b8e4fbed396d298b6507263222923
reports/v1/dev/.rows/dev-15_r1.json	5539	81e195cc9cda6f2edc199b61b0a4d3640f811bc51a89940fab1825e58ea9e5f6
reports/v1/dev/.rows/dev-15_r2.json	5539	02d01d5d9150a9a4d1811c3a15c3f0e449c440888f1814380e4f27c65767e4af
reports/v1/dev/.rows/dev-16_r0.json	1419	76dd96d4739451536a65d0b5eb0b92f1cd840474ce773ebf00a1831c01251171
reports/v1/dev/.rows/dev-16_r1.json	1436	1c4fc78a22a22ef517e8c4c9720e53a4c66e3ea80d8c67c74694c1284d720d1c
reports/v1/dev/.rows/dev-16_r2.json	1421	dcfc907cd23a4c24180580009a9d364729856f9d094964a4c5fec8921edc70d1
reports/v1/dev/.rows/dev-17_r0.json	7236	ba5cdea5c2497d66378c17bcb07e647c084b6c01cc3e988c7c9f164a74dd786e
reports/v1/dev/.rows/dev-17_r1.json	7232	d89e14346d1fe6f6fce8139ee99fcce586cff5085bc72254d9dc38b155c053c1
reports/v1/dev/.rows/dev-17_r2.json	6206	3cec11e3f29590fadf93f2c177bfa49eb9b384cf35eb4c8a957173cd775f27eb
reports/v1/dev/.rows/dev-18_r0.json	1500	d8763fbbb33f2557e7b3eb0a81dba22deeb0f299d2a80a1c4aec3e1446d5b66d
reports/v1/dev/.rows/dev-18_r1.json	1500	0206fc11860da0b31c452af933b001dcb6a39a64d1a991aac9d8a4ad518ba22d
reports/v1/dev/.rows/dev-18_r2.json	1509	b8411caf63dec0081926eb8d592448e2865d0af179ee73d12dc3cd7e10d8cac0
reports/v1/dev/.rows/dev-19_r0.json	1379	13a4fecc62f201c14282530ea85ca80907bc1781fa1ef5f72402fc24452add13
reports/v1/dev/.rows/dev-19_r1.json	1379	065139d3c6ddd8c83bec4d42b7e69ebfaf9a944321c5ca107751908e460d74fb
reports/v1/dev/.rows/dev-19_r2.json	1379	eecd6d40bdcca92a985dde738df44d2f3899fd00ff9ead8c5abbe7e67a776fd4
reports/v1/dev/.rows/dev-20_r0.json	1611	5b477149174acab8fcb4d61243d53f618978ba805999f009f375125351cc9121
reports/v1/dev/.rows/dev-20_r1.json	1455	e399b219183fb489fccaa31be6514c8918d8edc048ddf14291de55243653978f
reports/v1/dev/.rows/dev-20_r2.json	1635	7fec560767a93b47821afbfb20803644f3fd23c62c402ad4cef8a76206156981
reports/v1/dev/.rows/dev-21_r0.json	5976	18bbe2ceebdc1c34cde10fd630c237e65916ffd4ddb8a063fea8439605ceaa0e
reports/v1/dev/.rows/dev-21_r1.json	4994	b6a821a2cac622452866a5dcc1e7068a047a6741632982e1395031a4bbe16c96
reports/v1/dev/.rows/dev-21_r2.json	4994	620f6879a6fc63bc885c0e8da9434682acbaee3466d26c88260206573f09e3d0
reports/v1/dev/.rows/dev-22_r0.json	1268	604e2593e1fe88b736401cfcf2fb908b0184908015780f0386d8e2be1e8481ee
reports/v1/dev/.rows/dev-22_r1.json	1266	b39791ed9eba42ef483d1f072a5cbf18c3c2f40cfd1e411848a4ad3470927152
reports/v1/dev/.rows/dev-22_r2.json	1266	7be624475e6b6b5e267d7f63e11695654fba0410bf39fbef19a184da3f6b018e
reports/v1/dev/.rows/dev-23_r0.json	1284	85c951b480983da90b2fc288766799ac3c856e15c80e2f9e045dc4146d790705
reports/v1/dev/.rows/dev-23_r1.json	1282	1bcab9dedb6b839cafe13bb41a96a1ceb0118496fcc8d4d335eec663d19bbe12
reports/v1/dev/.rows/dev-23_r2.json	1284	20cb204d642436034b2c840bbe2ef9bed82348a654ba2965243a7e2a56927205
reports/v1/dev/.rows/dev-24_r0.json	5327	3d2732c18035dbf5fc8932997766d7943b4b3410f02cbdc903b216c4c02a8897
reports/v1/dev/.rows/dev-24_r1.json	5325	485c1d6d38dd0ca3a850cd549af72787696d5fcd88615b37aa33ba8c4b012908
reports/v1/dev/.rows/dev-24_r2.json	5325	7ee8deb6c523cf8477be27a555a2896282c1758a970a24037473f5a1667545f8
reports/v1/dev/.rows/dev-25_r0.json	5996	bf08082a2bb58f120478aac203b5cd324a03f2013ee349b299b96173768a3d34
reports/v1/dev/.rows/dev-25_r1.json	5981	8f246c6ed11c0678426b999245c47c7d0a78cb349becf4ac73071d25f7c7e948
reports/v1/dev/.rows/dev-25_r2.json	5983	18c8ee42fac0bee43647f314d744cc9fef96fd30c6a65c187608b07aca3d7c14
reports/v1/dev/.rows/dev-26_r0.json	6320	0e4114269425956affba821000137e1ed7aad82b709f3c05c5e1318ca8dade72
reports/v1/dev/.rows/dev-26_r1.json	6320	fb2dafb5a448cfac62305f1b06dff6996767c21ddb16592548863a7a171c51d3
reports/v1/dev/.rows/dev-26_r2.json	6320	e9703f6581be1e403c38c155bdad78643b3f274dcc47da510c8039bee78f097d
reports/v1/dev/.rows/dev-27_r0.json	7899	facdda0c9d91be19a32d4d1bf6441d14cf6a34c7b4d9addba08d518fa8f6fa99
reports/v1/dev/.rows/dev-27_r1.json	7352	8193935f6cf86a73b41ad79759c59717ff9c6f8f738621760f3968dc9f645edf
reports/v1/dev/.rows/dev-27_r2.json	7599	c309f4bbc98ee6db13adf75d8fada5788004779a41278a919954d2f542cab54e
reports/v1/dev/.rows/dev-28_r0.json	1367	a9b0d67efe25a2f7f4f01e72fcb2383075d30b75a5fc1e14e7897f23d5dc9f3b
reports/v1/dev/.rows/dev-28_r1.json	1365	ca528d3aa352d441c8cdca85087e3a3137836fc89ab8d6ec9e88c33e5394714a
reports/v1/dev/.rows/dev-28_r2.json	2219	7c4eaeab98e31c44a582b4215f444996ba87608fb9b093d7ce030d49ef0b9ca4
reports/v1/dev/.rows/dev-29_r0.json	6573	6c036f9c36c9284432acdead4ad65bcd4d7f689c6d86533c0b69a0101816da57
reports/v1/dev/.rows/dev-29_r1.json	5978	06fe7da8a064839638d1bea684ec9c89aa25bd03f9b545c2d47e1d87fa72abcd
reports/v1/dev/.rows/dev-29_r2.json	6432	26ad75f92934db2abd388079c7bf76dcfaded0fa06c785c1667a1c80fe3cc03f
reports/v1/dev/.rows/dev-30_r0.json	7648	62f490e311a94b48e59df7f3af14f3fccdc4fd8d5adbea47b5c3a51778da7039
reports/v1/dev/.rows/dev-30_r1.json	6532	5a84a22cd59ee47c350c7a27be1fe844448e754df90590ba7064dd5e2c89113a
reports/v1/dev/.rows/dev-30_r2.json	1629	ef9683a15b574d61c37e569f2c3d3163bb30bfa702750bf49f5ec08aa8a5ac41
reports/v1/dev/.rows/dev-31_r0.json	4175	b852aa812fe97d98925e26aae6556f96f14dccb09f2264fb18afdc56dc008f27
reports/v1/dev/.rows/dev-31_r1.json	4171	b96f6ad7b9c8ce17250f2db541fa592fa1102f9921e925f4332ac98ccce657fa
reports/v1/dev/.rows/dev-31_r2.json	4165	8fac5ca4bb61c79f95d6b52f9b25575ef5f27d7f63ed8fa2466b6a488339d2ab
reports/v1/dev/.rows/dev-32_r0.json	4514	863cb22e00c158a4b8eb17320ff9e1364b8be8d13d899c75407201d749b046fb
reports/v1/dev/.rows/dev-32_r1.json	4642	86c91d04a81c85986c1d26677fcc0d4952813a64b794ae218d5c8455219d0bb2
reports/v1/dev/.rows/dev-32_r2.json	4543	61e9ea4c34cccd845b8c4ab63236f0cb0d4513f79f7030c7c1412de4880e251a
reports/v1/dev/.rows/dev-33_r0.json	4480	d66730c4c0a553e08a1d3ac64d9bb80bcec06eeb86885fc48eade4a047ec2866
reports/v1/dev/.rows/dev-33_r1.json	4390	eb5d2ad1209cccaf20f5f00395a120b04197713da1a1b62956711f74b8e0113c
reports/v1/dev/.rows/dev-33_r2.json	4374	78e740313e69a87f3c8a28637aa5a27ee54b8504f6d5ef31d13bf99805443375
reports/v1/dev/.rows/dev-34_r0.json	7935	a7d54d47bb3a57a6834b1c630c50e80eea4e9ad616fa8594ba2768090abade25
reports/v1/dev/.rows/dev-34_r1.json	6459	9c018a967651bc1051d2372fd9759b43f12037fc45259a0281720df0304a2736
reports/v1/dev/.rows/dev-34_r2.json	7933	2a89a217cfea3ae3cf6326e380c6d9ec1360c2cb1d787602313f175a417f8d46
reports/v1/dev/.rows/dev-35_r0.json	4694	44fda6b79f0f765056f75ad389a280f9811c989fe82a42573a19de62cb713df6
reports/v1/dev/.rows/dev-35_r1.json	4465	892154810715448d4a429e1197538ef415122b14a7a94d6f904ebcc42fa5d7fc
reports/v1/dev/.rows/dev-35_r2.json	4668	96341470cde35d173a53fa951723e2dbab2090c6f740a1198b6235aaef2e72b7
reports/v1/dev/evaluation_identity.json	96	cfabb5e69494d009c879dd9f0d8dac02f126c6bb0f79332631da2c840875fdb7
reports/v1/dev/harness.json	73429	fd285771a05b1011d098527fadfa624532d579d6c28bb741d1b628530fd0bc23
reports/v1/dev/harness.md	5386	9fb4cbdc3e140854cd35dc9f993cfe4c3ca20a9ae415127520b258cd5b25eee6
reports/v1/dev/trace_dev-01_r0.json	6708	22f459d494aa82318a6fd1db4467a3d8bc178e941766472e057ce6717a4cb27c
reports/v1/dev/trace_dev-01_r1.json	6685	7ed7a2c313181c6e43db426dd6e8da5107836da25ab4c06bb0fc537b3baf3629
reports/v1/dev/trace_dev-01_r2.json	9034	c5125a276aeb274496403f7c1c36a5885b3cbf435d97ebb2c072f589d3a27837
reports/v1/dev/trace_dev-02_r0.json	6841	92a26414a462261de686964aeb2f80b69bd6499f7ea94118fda8ee39684b72bc
reports/v1/dev/trace_dev-02_r1.json	6842	73dc62eb3c4417981e4aaf6128af577fa180ca408c5fb645da75e013ac73e808
reports/v1/dev/trace_dev-02_r2.json	3116	be5db6ba35b8b4545bde4529c8092eac951d612a0adfaeef9aaf43f536bf6590
reports/v1/dev/trace_dev-03_r0.json	7040	35a38cf5fd91813e21bd4ded3fe08d9c64aafd2b2c36178cfab6021f338766c2
reports/v1/dev/trace_dev-03_r1.json	7026	0033da872116c935142f7a59e33400c7aecad385e9ae2c9e84d8a3b9ea7c735c
reports/v1/dev/trace_dev-03_r2.json	7042	7ec835c43a9e609c84cb1cf1632cd97c31ecf06ea05e3f7d28a6b32c8fd4856f
reports/v1/dev/trace_dev-04_r0.json	6752	0a67f564b60d3bc0cffbc30e5d539e14d921ea3860575b3489467f54eb5db206
reports/v1/dev/trace_dev-04_r1.json	7408	70fee328951f48e3fac55ecfab54aab9bff7e7efdd92af822716cfa89b36cc73
reports/v1/dev/trace_dev-04_r2.json	6759	c3963042474f64de1d49b787445b1b560fd742e4c50aad05217ae8df96707b00
reports/v1/dev/trace_dev-05_r0.json	3436	c75d0249cb0a0ccd40cec2b7e5afbef6a504f5c5add05da93e6da66520df4dfa
reports/v1/dev/trace_dev-05_r1.json	3437	6f078508f17e10eee5e70afc59d8a06058bfd8122c34905c98d5bd465d477b00
reports/v1/dev/trace_dev-05_r2.json	3436	234183e94a573e9fdb6598d1216a8b6547411a4983b9490e233359ecbdcbaf68
reports/v1/dev/trace_dev-06_r0.json	6297	1725b5614cc4905e2182b8e55646b3c269a3bde61f227448f2399372f2c70cfd
reports/v1/dev/trace_dev-06_r1.json	6279	28341e3baecf0dfb976c4d8fc135162491d6c694a270c8013a1fc35d240f0c70
reports/v1/dev/trace_dev-06_r2.json	6279	65af14a6718864f0338041c6d0f6c3a4f3923211d30743f4673d29fdd2ec13bd
reports/v1/dev/trace_dev-07_r0.json	4387	03374768471da0576da07ed4ba9b415a1a4310f681f785b0e8482f0187476bc7
reports/v1/dev/trace_dev-07_r1.json	4320	24ab4a1a4321eef4a0062d04f17b513bc31879db45ee018c3dfc166922148a23
reports/v1/dev/trace_dev-07_r2.json	4319	b46fbec6ea7c3f9851060d53411ed443bdf7e5c393520acf6037193eec174f0e
reports/v1/dev/trace_dev-08_r0.json	5515	8045f1e9177bfff86f415b153d2ad5ad5d0fbd4c5381fb775fbc1931b207d8e6
reports/v1/dev/trace_dev-08_r1.json	5565	60b07a6fa746f917557f3f2a76592b3a5f621f0c570957cd564f2c92d89d2779
reports/v1/dev/trace_dev-08_r2.json	5628	28cc67588a8c4e596f42af8d78994eb95421464cc68aeceaad3201f20ff62658
reports/v1/dev/trace_dev-09_r0.json	10053	6ac4b139cfb487b40bed3b76c36d1412ecc64a81d099b22c0707492e98b03019
reports/v1/dev/trace_dev-09_r1.json	9935	927973a241474c9094a53c7ec78205dec57d77725f3bfd8752addf1b7bc87d54
reports/v1/dev/trace_dev-09_r2.json	10148	004cd56e9ee8ef9c7df23380340dcd2a199875f87a6857daee6601c8569e3023
reports/v1/dev/trace_dev-10_r0.json	8001	b524131c401defc508c6a5570693907b9b331ff53fa222e14cccc0aefa55e528
reports/v1/dev/trace_dev-10_r1.json	7547	bbf5012c2d4cf551637938d782f815598754113b6dc73de11392874ffd9de3d7
reports/v1/dev/trace_dev-10_r2.json	9011	3897fd70b1847f737275d5ca9b893b28f32604e768dec5f30240b95faafdfc9e
reports/v1/dev/trace_dev-11_r0.json	7406	9838797a71e6e6e17a436c41959892e79973335d627d4815cec558e34c36cc01
reports/v1/dev/trace_dev-11_r1.json	7406	d8215777dd5bfaf32240319b65a28fc57ce8775867ae44a1ddb0526e4413d2ff
reports/v1/dev/trace_dev-11_r2.json	7320	6546c506f8a75c5ee0832a51e04d95d020c58bb55fc0303048e5d31f506082cc
reports/v1/dev/trace_dev-12_r0.json	3647	6d5b0d941a1a1e7b468aa513b848bbb8a64e008d50327db4f7b7f5b899c8f2f7
reports/v1/dev/trace_dev-12_r1.json	5048	fba6241435e6ff8e66a2c7b4a93111a5b08690bb47fab6c4176c7c936d7b2317
reports/v1/dev/trace_dev-12_r2.json	3450	bc9400789943694cefd0e5c90b747a9de2f14005060d28d05a58dda742a343fe
reports/v1/dev/trace_dev-13_r0.json	8849	2d397a6fe39c8625c98efeb4bf08978d5a2bdb2c426a5a29d5370da1b8122529
reports/v1/dev/trace_dev-13_r1.json	8449	778121b92e93cee047bd8a29288dbaa427a3e8e94e4321babd52638f7124b3cf
reports/v1/dev/trace_dev-13_r2.json	8875	16d2cc337e4f3fff10aa49b9ad9cdb5457f67ecb429c7d875aec139b00824318
reports/v1/dev/trace_dev-14_r0.json	3487	822e2111e345e6383e726f9b0303eb04893e7336b3ed84801c9a5e0749553f53
reports/v1/dev/trace_dev-14_r1.json	3487	ef0341c994eb59cca329d25e3312058547bbe7f6d819fa248def54c5b7da9391
reports/v1/dev/trace_dev-14_r2.json	3487	2f9c68bf9ff0a9072f3f710fb6e81c4cdff6506f121c85408bc1c56f33dbd125
reports/v1/dev/trace_dev-15_r0.json	6505	0b844f4179f2f6ad969f90ae019c90d73369416186e6f2796868213ccd849e45
reports/v1/dev/trace_dev-15_r1.json	6049	531d9058c12438810c80c3ff413f79a54e479907980f0e468e079ef49983b1c0
reports/v1/dev/trace_dev-15_r2.json	6049	501a3c47c17a57b07e6931289f6fe433a7579e2ba919e94e3019029dc79abcd7
reports/v1/dev/trace_dev-16_r0.json	992	db3a24fea3193173b537a3f25a427b3a4be1be4d8a328b4e0782fb0016cd805c
reports/v1/dev/trace_dev-16_r1.json	1008	899eb080e62292470f20aac991f6a5a5386ef5ae81279a62c529086769a32808
reports/v1/dev/trace_dev-16_r2.json	993	5a3a93b9f59cb006b341a6c7894c4214b5507642b53209ff412fc90a9e6da517
reports/v1/dev/trace_dev-17_r0.json	8151	38f80b58503905049f403955d8f08b4b5605c96f9069fe5d98b98f6fa539b783
reports/v1/dev/trace_dev-17_r1.json	8149	fabafdbb0dc9eacdd8ddcfebc851930012002bbb53ec983b18cfbdf6bbd8fb24
reports/v1/dev/trace_dev-17_r2.json	7002	64eb2e68ff9f41d1cb9c35262ec03faadbf1cc80cfea1b977b002b052d4bd4a4
reports/v1/dev/trace_dev-18_r0.json	1039	b32f7ae0b982bcc4fd38cd2633e941995a0264534bae354053443bfc849664ce
reports/v1/dev/trace_dev-18_r1.json	1039	9fe453686c8315d8e7baad474b78e6ac1121ccb1f3ca5f5a9f71c88341599f04
reports/v1/dev/trace_dev-18_r2.json	1045	78e70c728720d6ff1b71665336069ba6f6a70d50ea0f9c82a3f6988e04e6b065
reports/v1/dev/trace_dev-19_r0.json	961	14e8a4cb425bba6c4e2fce328364d730fdc2c874cac228dc157927d61aecb5fb
reports/v1/dev/trace_dev-19_r1.json	961	33bf509e0497eeb2285a12fb2951b29dfcdd701d2cfc56eee59020b8fcc074a2
reports/v1/dev/trace_dev-19_r2.json	961	5e482ee7c0479bcdeb009a8baa7298d3d171485801360cb8bf2aeaf066965c8b
reports/v1/dev/trace_dev-20_r0.json	1110	057ee9e6e483ac25c688f415fb5ab89889780e9a5304f465a030514914573b5f
reports/v1/dev/trace_dev-20_r1.json	1006	8674cb61922eda620caeee345bcec50b30f96f8b8135d60820afb65abdd8e223
reports/v1/dev/trace_dev-20_r2.json	1126	1c30795f60f5a8ee3187cf2ca0add6dc5c0ffb7ae1e575a9e9a6dba22e34f12e
reports/v1/dev/trace_dev-21_r0.json	6571	a617442f2afb01e26188bde602828f91aed237599c6eb5373b22d437ba29d2c5
reports/v1/dev/trace_dev-21_r1.json	5590	00ca0a6cb54313df1c16159ddb1d2149acdae844bb074030392471e3a9283034
reports/v1/dev/trace_dev-21_r2.json	5590	b786ddccc74d00533e4db42554eb747ceb08510bd7134b3a5e0031b788290dd4
reports/v1/dev/trace_dev-22_r0.json	912	1d4a3d635ee190e791727605b52695e836ced119903889923f06ff09c086b2ec
reports/v1/dev/trace_dev-22_r1.json	911	44182482e60564715413a5de445d9ccc64287f0e50fa969b9e6c1b06ad394935
reports/v1/dev/trace_dev-22_r2.json	911	a5e32fd4b77bb96a79f6409a23d16851ee6aa0cf90546326c730b39b08922495
reports/v1/dev/trace_dev-23_r0.json	917	10dc084c42d1b5961740070155e0af02b0837ef2b8d36b21112e825ac642cf68
reports/v1/dev/trace_dev-23_r1.json	916	8cedba7660ee380d56fdb955d70e4cffeddf595be3fb0b6bb3fc43e949f817ba
reports/v1/dev/trace_dev-23_r2.json	917	f7b765bec484b82b4f97da79d413691932e9a3fdaa5f2b4de4b8776a5445c22f
reports/v1/dev/trace_dev-24_r0.json	5923	2b46fa18cc1b3deeb08425491a76cc1940558abfa826c3a27d79c4d438d27375
reports/v1/dev/trace_dev-24_r1.json	5922	91b82cddee46ee8782450f6e0a7155fda992ef7c44a9a169963c1623080ee3c9
reports/v1/dev/trace_dev-24_r2.json	5922	77084fce77a2363b8438f4e1064bf55c4153b303c4396a68356d00dde5cf0573
reports/v1/dev/trace_dev-25_r0.json	6637	fc7e3cb6d120faea2831914e84b59945a288bc4d01e749a30154a1bd4240793f
reports/v1/dev/trace_dev-25_r1.json	6622	ae49e0b6547b2351d7687af2c6bbd138e738b71d130f7bac4fb7b31d824ef922
reports/v1/dev/trace_dev-25_r2.json	6623	44e93f1d21780dc08052bdbba156c0b0fea168f13f097cc0570d4c1f70f46dd9
reports/v1/dev/trace_dev-26_r0.json	6927	6a751b418503298bf96172a229b8919e82615644fff4c7246393d3099d599623
reports/v1/dev/trace_dev-26_r1.json	6927	28315f2fbfe38f963f1f78ed1ab6fd38b15b2b37e596bee72efbba126a250d7e
reports/v1/dev/trace_dev-26_r2.json	6927	7000fe301227f4ced5b3b2f92950b7fae78d335f9b014a91e1ad7bf2345c3f9d
reports/v1/dev/trace_dev-27_r0.json	8772	c4e677e01e2c2122fce1f35b96c44ce8c64ac679bb14b199c966d0d93c0f2f42
reports/v1/dev/trace_dev-27_r1.json	8277	cd759f4f693e410985d59e6eeb2e5b1deba2392091db378ed598ebb1186cf64a
reports/v1/dev/trace_dev-27_r2.json	8420	d92f23762d95c1a487f26968067ceea09c601ab6791a5ef38471f631b6322292
reports/v1/dev/trace_dev-28_r0.json	941	06064e4e559a34454b21948d9f4071d6911e0fd83c587d6aff63278213e06c31
reports/v1/dev/trace_dev-28_r1.json	940	022d838c3879a696268a1f878ce8b7ec5d70f0a47f0c034fcb3a0399dc92796c
reports/v1/dev/trace_dev-28_r2.json	1886	c95424e47e2c39c5f53932b2babd4cd01f7735848986fa89d78dc598b22f5924
reports/v1/dev/trace_dev-29_r0.json	7121	c636d9ef8675286160c6e18e29e5e7e578b53c3a1dfdad1e34ae22661e4e37e2
reports/v1/dev/trace_dev-29_r1.json	6528	0debc92dfef96f6467004e2bda5626144d7147e8d51269a5246afb20ae47e2b4
reports/v1/dev/trace_dev-29_r2.json	6980	471d5e0bcfd12b60217a113fcf1429b419967a3429df708e18f201a06424fe71
reports/v1/dev/trace_dev-30_r0.json	8384	87ff41339f204b4daa56b92518f4c1fc80b47a28e12aaf9c3af4ba4a32ef8b16
reports/v1/dev/trace_dev-30_r1.json	7360	9a041398678ec8703621feb2cf0f9675063b6bb4413441b48991be64c7da9df8
reports/v1/dev/trace_dev-30_r2.json	1128	89113f6ca928934c4654f1692b4a58134bef85a3b128209d3a77415dafa78595
reports/v1/dev/trace_dev-31_r0.json	4842	394b32e9563e3a585e605cad5981c85774834cd22818165b3cf7c3827dd5f8e5
reports/v1/dev/trace_dev-31_r1.json	4840	8481f70eb9ecf2de7cf36ec3fe12768c5fd52a8cdd363258af9cc48fa9ecc94c
reports/v1/dev/trace_dev-31_r2.json	4833	915cf8b19d0705ceb8b3386ace9250d5e015ad1442258a274b8f99811d92acbd
reports/v1/dev/trace_dev-32_r0.json	5168	36c472e517649b02c591534c548a370618abaa3915dfc23d8b8f78edd99cfba1
reports/v1/dev/trace_dev-32_r1.json	5296	d4a95a5712eb4624bd23b48687ff8d6fce38bfaaf29095a4eb4e2bf2324b9e4a
reports/v1/dev/trace_dev-32_r2.json	5197	348e15754c43a2a3c3219e7bb983b92360259907b9ff086b77f038f72b46f39e
reports/v1/dev/trace_dev-33_r0.json	5139	02c5d45d0a986b1146dcd55e5ddededf4008bf412924643506075d359bbc3747
reports/v1/dev/trace_dev-33_r1.json	5049	ec0103cb015aaa6c6c00ef285aa46176de06e53d6359a9d6d7b1dd82b53b76ca
reports/v1/dev/trace_dev-33_r2.json	5033	36877f1de6795b5b3345378919b56002fc8964ad6b171ac60c987b4203dbed08
reports/v1/dev/trace_dev-34_r0.json	8557	f0d59d0144e0abace280fe9d258c7f8409334605d096c2dfcaa2330707a2ed69
reports/v1/dev/trace_dev-34_r1.json	7100	26ab4e55184d65e8aeae4eecc712791a2a859ea5a2af46560fe666d00d956ca9
reports/v1/dev/trace_dev-34_r2.json	8556	f4d63e042fc17d04f6fc047ab6b2df039af9d8db9f4d15555ad3470b80f4694a
reports/v1/dev/trace_dev-35_r0.json	5355	ce3d6cdb91b7f932a0fa9201b683c96d560f599a6b4d9ffb1947d2883669b766
reports/v1/dev/trace_dev-35_r1.json	5125	c0c384e1434900d3a8b68c4e6209fd7807cf3931d76cc76e087ec7bf74344ab7
reports/v1/dev/trace_dev-35_r2.json	5328	ce214a20ae1ebaa508fed2d5d1d65ac033d419201abf4c2a30faf3781526f2eb
reports/v1/evidently_ground_truth.html	3655674	fcf0174e91b16772b1f51ffc1d9f025484f220fa579d72419c2d9f15eb3e2598
reports/v1/evidently_ground_truth.json	1324	2cdd38bce6e709d85cb8b3723dc09dcd068d479bca368c8d649f28808a41729c
reports/v1/evidently_judge.html	3656757	ac7b859b74093d096520e4f7bd480ec24411aabcebaf67f511ddfade04c4f094
reports/v1/evidently_judge.json	2626	0f054d8532d986b3748773e5c2e9130fe4c07d1981214f6f0ff0437fd56978c1
reports/v1/gate.json	370	c6192185ec85772b0d5b610adee6a6afe77a007384d7e4481da2d18414ad5a8e
reports/v1/golden/.rows/gold-01_r0.json	6259	ddb8df02cda1d1c097f926cc488f17d9f6dcc0412dfda236724698e671c279d3
reports/v1/golden/.rows/gold-01_r1.json	8461	4fac56ef9b6c74236b7e075c3e8dce778cfd0fe2397cabbde7ed7d2753eaa4e3
reports/v1/golden/.rows/gold-01_r2.json	8625	91402e6ada806bedb824f739fffba04d08e41ec9f9b0b4cf2a387ceb64cbd8ed
reports/v1/golden/.rows/gold-02_r0.json	9720	17403008689898107b73e205d12ddda896b72d390e1a022b077d118bdf13e48f
reports/v1/golden/.rows/gold-02_r1.json	9726	e173df70f34276781b0bc3aa33b1ec8f980fc3c37d0582267ef2e3f8564bbcad
reports/v1/golden/.rows/gold-02_r2.json	9724	dc860546f5568ab5a88d8baa9344aa3b1f9c50868a44d2e5cb5b88af4f9cbb6b
reports/v1/golden/.rows/gold-03_r0.json	4412	56ce31a528d9019f7c07d32a39f7fe4dfb0c0fda5e03c5c29cdb56efcb2854d7
reports/v1/golden/.rows/gold-03_r1.json	4597	ecfdec3730b01c541c6a82eb9d826e3cc04f7e5a7942d33660417094ac5eaeb5
reports/v1/golden/.rows/gold-03_r2.json	6212	2dc786e6b75c3ea1fc6c6f39d16ae6277a9d85bfe35f31b16665a45df67e73c6
reports/v1/golden/.rows/gold-04_r0.json	7164	32b3de3b68e016f1039cec5365e19754b08635efd99e31c24289070d34307703
reports/v1/golden/.rows/gold-04_r1.json	7337	2494db4d73195f7bfc42c5bdbb0a3b98ea6130db2e3b3db5bbaf24cb51bd405f
reports/v1/golden/.rows/gold-04_r2.json	6579	3caff43e0dc5504184ef3300d1307d98faefa62a5ef5ae9e899d121c78400d8a
reports/v1/golden/.rows/gold-05_r0.json	5666	9f688d7ce1c5503d935f624e873ced2ddf507fae7d22df43ad35fcedec5a7e59
reports/v1/golden/.rows/gold-05_r1.json	7228	4f0d055219b5834f8addec750df2cda3f4620c342959394b18e4969da365a2bd
reports/v1/golden/.rows/gold-05_r2.json	7261	b2c4d769230adf75bcc6d1805442d502073ef21ec1fc125be19c3eb44f125807
reports/v1/golden/.rows/gold-06_r0.json	5537	b7b260d278c3b0d6d888323a6a4af807f7da8a151faf6c8df0ac027d788312c8
reports/v1/golden/.rows/gold-06_r1.json	5606	03889a195c23f48594eada606a44d28df58c42dd7986b56af58f88f502d0315b
reports/v1/golden/.rows/gold-06_r2.json	5545	3f47f13daa9b8d3f3d51a7c42677433cfe5918d4b9f9b2336a3da622e57b4de7
reports/v1/golden/.rows/gold-07_r0.json	7227	cb26e4b5915b6cd0e166f70a80c0d47a34def18b73c7d6d4032c90a1e81b11fa
reports/v1/golden/.rows/gold-07_r1.json	6942	191c0544124aba684539402498a6954799faa6201e2f7e3578b55c842ce87f55
reports/v1/golden/.rows/gold-07_r2.json	7227	7889c243cfcca06f4409a85f25b37307823bf1e7cf185484f83aa8cc0e58fde5
reports/v1/golden/.rows/gold-08_r0.json	5936	9999831f5c4cdb7bfc94c34543b51a9877bc4caf94f245d551a9cbae74bda3a8
reports/v1/golden/.rows/gold-08_r1.json	5633	78df78b66b3aebaf3aa71089061587b436cac4d03905239ddc9e6454194d0240
reports/v1/golden/.rows/gold-08_r2.json	5785	9839c283f0e47f145223dd3d9151ce9bc41246fbaabcfed60f9f88fc5d4b193a
reports/v1/golden/.rows/gold-09_r0.json	4718	222880de1fddcacf95127976a7bb2cee2de69098c42d1808131fa19a2c8d2b2e
reports/v1/golden/.rows/gold-09_r1.json	3861	b897a82df3437dfb79c4f1ab600c8002f35f263c5e51efabdafaa9ba1f6109a1
reports/v1/golden/.rows/gold-09_r2.json	3861	d9d354010b7b7a153eb0e89725aa0fc393936a8406f4827abde00fe16076d120
reports/v1/golden/.rows/gold-10_r0.json	5654	df5d8881251e7e1b0c5563479f890e7fb0de49e255c9788af1bb5f7363913e97
reports/v1/golden/.rows/gold-10_r1.json	5654	1b4be6897d66ba8bab135f0d4de5d31f8b122e96efe2c940ecc9aa69a39bd320
reports/v1/golden/.rows/gold-10_r2.json	5654	18db0bcad8c1e963715a8dd1baa1dc933cb24d7a803b01097853c87a9a44ccd8
reports/v1/golden/.rows/gold-11_r0.json	1558	9e29b5dbd2a5fb057c0b8f870b2805501013acda21c485ab08f9c8df4ebdefdd
reports/v1/golden/.rows/gold-11_r1.json	1615	f111359343e52c37407435e9676e5674b96c5e8912ea2ad73ae795c2dfffa4a3
reports/v1/golden/.rows/gold-11_r2.json	1615	306d7c8df74ada75b6325eee26dcb6728e4bb0df70e6224b68e387000844d887
reports/v1/golden/.rows/gold-12_r0.json	1504	0b252c3dd63af70c5b859567ed9603d6822493d8d0de54562fff304ca9b46f9c
reports/v1/golden/.rows/gold-12_r1.json	1525	466a0402d5060c2e0123ace6212e364f86688abbe4a03b594d409d927ed21de3
reports/v1/golden/.rows/gold-12_r2.json	1525	88c3f8caa4146553f429dc2c53330993d0dd1c3151c809734c8ab44687dd9b2d
reports/v1/golden/.rows/gold-13_r0.json	1432	64c61c72b3a51039b23f5af98234023d0020c24a4b5a5225a3a66d5946edac97
reports/v1/golden/.rows/gold-13_r1.json	1432	c2c6608c2adc96998e4fccda2f18ed1299bbf58b69789513e03bf394442b261d
reports/v1/golden/.rows/gold-13_r2.json	1432	ebba04a71c1cbb897a11bcf32fe05ef4d2045c8343233afbce2d9e7db1b80c17
reports/v1/golden/.rows/gold-14_r0.json	1615	28a7412e953ea0663af3bcebbcee4bc90c1c0853ca7492fe9773c1e223163f85
reports/v1/golden/.rows/gold-14_r1.json	1489	f0e9cc08eafc5bc075afddc4151af9767042e3683a3f3c28b1095ad947f691ff
reports/v1/golden/.rows/gold-14_r2.json	1489	c3139aa6dab9c07af3c907341ed68de4e9552da1070f31c156237e7df0ca7377
reports/v1/golden/.rows/gold-15_r0.json	1633	96ae82a34da148dc42ec84cc6bc9ea690d294b095e596139f1b6f306339b3452
reports/v1/golden/.rows/gold-15_r1.json	1621	709835970a6800bc02fc3ec811a0f1fb7207240923b00d348a9a3859f728aea0
reports/v1/golden/.rows/gold-15_r2.json	1633	02a24b8328c378b0e3ac72133ea44b64d4f4bd42c31bc80fe7495c9647affbe4
reports/v1/golden/.rows/gold-16_r0.json	4847	10a5ae7be3a039fc653d7eac4f91c00564fe825772206dd7e5aeaaa6c3f48ef9
reports/v1/golden/.rows/gold-16_r1.json	4581	5472b787108396e5d668e63f4d14a7bbb3ecdfa5d8b04fecea326f6a40ba3b1d
reports/v1/golden/.rows/gold-16_r2.json	4509	e5db53fdea55fd3d51e1fdd5e4c5a67c1e35569cc8675ae6caf63f0bf7a8081e
reports/v1/golden/.rows/gold-17_r0.json	4780	be5e1fe21e598d9fee3e4cc3914ebb02fbf8184844efa98bd161f3474977a1b3
reports/v1/golden/.rows/gold-17_r1.json	4780	f5f139b02dc0a332d823208e867accd72c61c38f26effde075de033bf72118b7
reports/v1/golden/.rows/gold-17_r2.json	4780	3acdca9d5e313c35cd95e6ec69f5d9fe4519acd4102819803f2fb6472e1129f0
reports/v1/golden/.rows/gold-18_r0.json	5766	4f65acb4d60b6dc73e9348fbb61457d0aa8ac3177647fd9e982b1fbdc441072d
reports/v1/golden/.rows/gold-18_r1.json	4918	2e523bbb70a53f006715ef06f2d24fab65998dcc7653e0b92bbff2ba294a76e8
reports/v1/golden/.rows/gold-18_r2.json	4918	ac55ef4ccfd670bb84d8ef0a4b16341d21b5093fffdd922f0998a5260643133b
reports/v1/golden/evaluation_identity.json	96	71888bf2b322aa0d0e7b539ebde95921cda0e582c993fc66a924be2d228492e1
reports/v1/golden/harness.json	40631	9a20681957f99ca574c9adf0e804bc607e160f19ecaeb5689782fdeea25c6a9a
reports/v1/golden/harness.md	3037	da4722a2e9c342f694b51b3f97a42218e8134a10908037523559131f407a08ea
reports/v1/golden/trace_gold-01_r0.json	6843	cf86f2e3e625da8a2ebd33b2d0c875cf77a60019853082abf895e2904fdd5971
reports/v1/golden/trace_gold-01_r1.json	9289	71a1d81fb4d34159454184c27b0e48ad407f43c7e6c7189986a55649ba997244
reports/v1/golden/trace_gold-01_r2.json	9389	4b4816e001f21dd25777dbd46911e4ea2f5b13eab4010a7fdb9b759546e21bd0
reports/v1/golden/trace_gold-02_r0.json	10292	a18632188c6942e1fb2ed6eb478810f90cab92be9533ecbf8c6097227fdc8f67
reports/v1/golden/trace_gold-02_r1.json	10299	97295e8c5789dae8915642f910af971d9a1f93b52b402e9fd5cfa464850c41be
reports/v1/golden/trace_gold-02_r2.json	10296	e50a5d53aad50a1804390006c48cf81c84d9b4ab53d59729ae2c194cef2fb7a6
reports/v1/golden/trace_gold-03_r0.json	4648	10e402f677fc1f860e9d737377a3d4385cc06b9f6706b6f92c297e689bed7ee7
reports/v1/golden/trace_gold-03_r1.json	4834	1e089d9df924a4f36c6b9343902b544f94b383d456da1a9043f912dd3ad53e2c
reports/v1/golden/trace_gold-03_r2.json	6857	4483c4daf10de33d4abc3e11e14970392a7e4c69becded816ae40eadf312c0dc
reports/v1/golden/trace_gold-04_r0.json	7706	e5c912c65ef925032d192dafa26181bb0d8d24efb32616a7a44f4b785af97991
reports/v1/golden/trace_gold-04_r1.json	7879	fbe98ed1a46160eb2d042419c312c3f618ea792364fba284d9fd36684e51f26b
reports/v1/golden/trace_gold-04_r2.json	6801	4317147fe72a7895eb5451e4f01b35b914e0c951c55f4074866c63d9b4e96ccc
reports/v1/golden/trace_gold-05_r0.json	5952	1a61835dbc9f35cad4af0e37fdc6c311d5965c2400d81b208347057ff4c4a1c4
reports/v1/golden/trace_gold-05_r1.json	7827	13413f68c3080ecb0b6701ffea3d8805cb5a76c29a559e5e883692cc5342aa56
reports/v1/golden/trace_gold-05_r2.json	7806	8379950688af0a7c47f1485789d9644209a5fb3b04a6c7ef6de06711b9e7219e
reports/v1/golden/trace_gold-06_r0.json	5739	21b5b560c68e4a06912ca9538a86819fb753ed01716c7c08211960e27b8e7f59
reports/v1/golden/trace_gold-06_r1.json	5765	568c0f77ce6951ec18c8c8ce302f8e3b0797d5073a4771b1f517b33ee52bc188
reports/v1/golden/trace_gold-06_r2.json	5747	2c21570055f0d7d0ff2949fef8bae31953d233adf7527c02c0e106bb9b3f3672
reports/v1/golden/trace_gold-07_r0.json	7489	d3664fff011fc5b99390baa0450f54652ca85a4f4cb3cb805567b05544004da6
reports/v1/golden/trace_gold-07_r1.json	7551	c6ece305023bb274eb26b574495bc4d68f8d1f977f06129ab63536d6ad66a0bd
reports/v1/golden/trace_gold-07_r2.json	7489	9b52e1af6cca3ec61223121cda555f6aa7468c677cb7ebd3a240082357eda1e8
reports/v1/golden/trace_gold-08_r0.json	6023	b6055035e2bba23a826937e1febc5bdf6420b455319216af934e2e2b8aea6734
reports/v1/golden/trace_gold-08_r1.json	5779	74cb0303aae19dda9e3218c799f3238ae1415d2237ba0017ad6eed54ddee6a79
reports/v1/golden/trace_gold-08_r2.json	5894	fea9b4dcef7bee40ebe379b40569d8d6a3b26429656e869c0d8b074bcf3f5203
reports/v1/golden/trace_gold-09_r0.json	4700	3520676d17ba2c5aefa84c63c1410576f05d13be22164ba3b5659dfcd9ff052e
reports/v1/golden/trace_gold-09_r1.json	3663	5dc56293702e9dafb1cf9aa91f1a96c51a0905f3e386e7fcf66a80f413dcb45a
reports/v1/golden/trace_gold-09_r2.json	3663	4d2e61bccf85fd0e4175b69bf6c08c39d2aa7ce1e331d0e6350cac9c5f5a8192
reports/v1/golden/trace_gold-10_r0.json	6229	7dd07429f9de7681f836530cf4743417439dcba5baea2c8cc44fbfab4a71f18f
reports/v1/golden/trace_gold-10_r1.json	6229	abf7144fbd9e5fba862561bb3f02ce91c684ef66319d7e61fa02252df66d3897
reports/v1/golden/trace_gold-10_r2.json	6229	a3f9a14b294feeb337519a0ca3121d037dc4c7ccfa5712b153dcf8237c1843cf
reports/v1/golden/trace_gold-11_r0.json	1067	4dfc9f7019fe73aec35d10f30a176dcdccfa4844b1b5f7fb98fa5ef8b8a275a3
reports/v1/golden/trace_gold-11_r1.json	1105	c2038a139ca9e0c89f7d70de04e4a3c105497c8d50f8693359a46684de8f111f
reports/v1/golden/trace_gold-11_r2.json	1105	6b06f21ebddcc159468c8e75bdd63bccd5c6b136e93e0ddf471340ee7e7a69a5
reports/v1/golden/trace_gold-12_r0.json	1048	daf84e8522bd806936b808446b3341efd593da8979f85ba1a086461524a9c637
reports/v1/golden/trace_gold-12_r1.json	1062	ebeeb9ca6e5e29dd9491132b18adb8cd6adac95f28cf5800b08cf7fb37022914
reports/v1/golden/trace_gold-12_r2.json	1062	160fe53ba5bf8190a807e1fa45fe81dfa0557371157550a2905799d3b6d5a636
reports/v1/golden/trace_gold-13_r0.json	1005	54c448bf1d1365c8dcb30702ed2ccbcdf1a25c7e3ccc346203a2ce77dc17ef03
reports/v1/golden/trace_gold-13_r1.json	1005	16a9a29f8ad0e9da8a4eadf5ec6b1d591adba04deef0d96612335844e8c95dea
reports/v1/golden/trace_gold-13_r2.json	1005	46fd4759307e1817efca7ece4936915b2f81374935e9e896d5b0cbf23dd8b0d4
reports/v1/golden/trace_gold-14_r0.json	1113	cce1563d7e71fdde8e30d8cf5216b4a49489ef4239a43c901de96f1e802eaadc
reports/v1/golden/trace_gold-14_r1.json	1029	cd5fe7fc7878c9e14549a32121ab96f7a733bc82042e79c97d868bf978753b19
reports/v1/golden/trace_gold-14_r2.json	1029	1bc67baf34b955b830aef6b52834798fe854b4c4d6917418c0b9dea902c971f3
reports/v1/golden/trace_gold-15_r0.json	1101	a147a87e8f2af74d27df95d186392120a39d9438076f5883178efd767ee6f39d
reports/v1/golden/trace_gold-15_r1.json	1093	b8623723b2908b52b9b8d80cf3e34c144db74da70def7a79bc6790bd5d6529cb
reports/v1/golden/trace_gold-15_r2.json	1101	72d72c7f20dddede0d4a2acd2b98d699f7d2a17073812be03c2d32a6cf8ee4e3
reports/v1/golden/trace_gold-16_r0.json	5484	96e915c71c6d20f8a1b629ce472f15385f99e3cba71141e6de41613a500c1bf0
reports/v1/golden/trace_gold-16_r1.json	5218	ba8fae9a1c968d0dc80d5477b30e33f500aaf860f7b138335be275507c386aeb
reports/v1/golden/trace_gold-16_r2.json	5146	e0ecf65068c212937ad1ed068a53369b3db9bf428894d3efed48c495fccba3f8
reports/v1/golden/trace_gold-17_r0.json	5403	b2f3bdfc1d74898b89d30c3e6fc6e884d3cf5e9f9462741d3bd1c7b89de319a6
reports/v1/golden/trace_gold-17_r1.json	5403	e278391ed9990c18bdf921598c97aa6ea8741ad9b833d6fca3e3df34d58c5491
reports/v1/golden/trace_gold-17_r2.json	5403	509f36c84638db93eab0fc58fe35c42db881aaee8905ce3a7b6bdce82bf13d79
reports/v1/golden/trace_gold-18_r0.json	6354	7dd10fde6873ff349e22db0e129ccd6b232a03480b7bfb4395298a360ca2eb1c
reports/v1/golden/trace_gold-18_r1.json	5546	1c61094e5094ecb57ee12465c5cf610f4b65aaad59ad64a70900dc48af71d89b
reports/v1/golden/trace_gold-18_r2.json	5546	fc8189de225098213f9922a74e6482addff49299f9cd94db00e2d3e520a2a4e0
reports/v1/judge_verdicts.csv	61574	0737699c9be7fc93f9241a3604d7f09ce4cdc5dacdcf36f756b08f5651ab8b0a
reports/v1/metrics.json	671	6e029a18eaaf8d36f1c79b46063b63beec9213eba4c110d43af7a21dc7a1e45e
reports/v10/dev/.rows/dev-01_r0.json	4773	48a50e40bd8ae4b3487bcc81a840673cf7a97f8ccc9aeb23b36f453db3a1bfd8
reports/v10/dev/.rows/dev-01_r1.json	4583	26f095125459bc8f681c2802a3605d05a7fd6394686adcfe4ea767e68b92516c
reports/v10/dev/.rows/dev-01_r2.json	4615	be19379e682c0e331e5e74580dd1502977b2b5c3d9876d9ae8e4d2946ba35222
reports/v10/dev/.rows/dev-02_r0.json	4548	5c24f6beba472207ed75117ba7daba4fe51f55ef6004395d2a0d025173dfd733
reports/v10/dev/.rows/dev-02_r1.json	4548	80c90ec761ba473fdbf73a605ae9706dbd54ba98b79793c1a0856ab2f6d5d203
reports/v10/dev/.rows/dev-02_r2.json	4548	84bddab44dddb6ad4933a2d514fc181b1f0008ea71d2a4b50e9d2c03801170f5
reports/v10/dev/.rows/dev-03_r0.json	4203	6543cef089f431717e9a128a1dd3f208f5b30fe0e935478cb7985981b6a90d3d
reports/v10/dev/.rows/dev-03_r1.json	4258	4f0ae5d47c81d6370ec1b53286e79523863a606dc2bab270fffc16be90c9652f
reports/v10/dev/.rows/dev-03_r2.json	4203	085aa55a72527162ab7490409a5f6ba4981869d63247c8eb0f9245f00bab2955
reports/v10/dev/.rows/dev-04_r0.json	4306	bcbf676f75bd5f052f98165eab908cd843e1b18d0162370e8b7299dbbadc7983
reports/v10/dev/.rows/dev-04_r1.json	4364	a914b65ff14cd5fc1adeacb5c9800f06cbb7843f9475bd2cbd578ec6d40360db
reports/v10/dev/.rows/dev-04_r2.json	4304	4d0e506b35e5b3331cc9d4f1a5a9cc459f6541c0b9c33e240fa60af5d5a3de5b
reports/v10/dev/.rows/dev-05_r0.json	4831	e5d9562574e82fd7f07222c87a17645abd1441348584e18503b146a97b338dcc
reports/v10/dev/.rows/dev-05_r1.json	4926	40aed78574edfc61afd530e08bd9e8d177b97777169538625ab5ba47c8707ba3
reports/v10/dev/.rows/dev-05_r2.json	4817	d6a57173db47d8b64e5eab6febddc460b2c8aaf940cda795985a43974558cfcd
reports/v10/dev/.rows/dev-06_r0.json	13420	a5cd43c9117a25d65809c728cbb675ba0ede1c324b2a631d8c6b98f4a4bc97f0
reports/v10/dev/.rows/dev-06_r1.json	7824	9bd8c11e5f42edba8bb890e55bf4ee5119982100a004c6d31ba82ef5cdbce6cf
reports/v10/dev/.rows/dev-06_r2.json	7847	e104a7c8f63ffde2cd08721b70e9954afb6e4aa357169317db82feaff55c3c29
reports/v10/dev/.rows/dev-07_r0.json	4277	e0d2ca93028846d747cf3176121f0929fa816d55af24a6d198091923a588e5e3
reports/v10/dev/.rows/dev-07_r1.json	4277	852a41a143ef7a517c9b978e3589752377841bb90d37f02af94fa9b2c9672988
reports/v10/dev/.rows/dev-07_r2.json	6813	d40b90a27e245c32976d379ec1cce505b0506b77f1e2e57f2d01304179a3de06
reports/v10/dev/.rows/dev-08_r0.json	9513	3ed8a42c3266682bb74604afa0a13b01abac1c4c98f8354004c1eaec134acc77
reports/v10/dev/.rows/dev-08_r1.json	12046	5a4881d66b24e7b5f4218d2a30fc473c5cf2c5873c9f16f5dfc2d4e21218d5ac
reports/v10/dev/.rows/dev-08_r2.json	12153	3550145a632eb3c18e74e98acfd039b0e5e2d3284cb57a1cfca1dea5fe4f4e40
reports/v10/dev/.rows/dev-09_r0.json	6008	8d20e0ceaa1676b0b51178091da01acfb954436eebba1e847ddb51540c46b620
reports/v10/dev/.rows/dev-09_r1.json	6008	175d4013f4e05bbe0f03380fd6281355cc5bc32ee43d6b10d35c9d680c2d5493
reports/v10/dev/.rows/dev-09_r2.json	6008	d64111aed7e4f7e623c9a84794d0fad5cbc40b4dd0850f017d0df800dcb12a01
reports/v10/dev/.rows/dev-10_r0.json	14805	a566f999175cc48b6506426f9c39b9db7ac2b8dfd3a590239be289e0ef1504f2
reports/v10/dev/.rows/dev-10_r1.json	6543	0334663f1393280dca04aa99d4abf10ca683905dd204a2b2a2123723e98e2d7b
reports/v10/dev/.rows/dev-10_r2.json	15895	3af11312aa1331b2ae380a17a832b7aae473e783a214a2373d7b7740203cbf56
reports/v10/dev/.rows/dev-11_r0.json	6424	bddd5387e3f536c6e9128af35454b91257a2d268054513fffbeb52ae7d86a6c5
reports/v10/dev/.rows/dev-11_r1.json	6470	581e4fd97bca29e23b7977e609e4a3d5f3c894605bfdc553431e132a38b9705d
reports/v10/dev/.rows/dev-11_r2.json	6470	af5a7adc5dae1d59a1ff50be2e1dec9d6df21ff32dcd60230a444d8fcf1086f9
reports/v10/dev/.rows/dev-12_r0.json	7877	6d658a3faa092791ff327dcaa9af199ce9f22b8acffab81e928cb91b9320de7d
reports/v10/dev/.rows/dev-12_r1.json	7877	dc0ecc18a011ef23a411b7e59cc73e2c3a0c05ff5ac40d312e370c8d487567c2
reports/v10/dev/.rows/dev-12_r2.json	5228	d76c5e1601ac3c1777af2304f47f88e01332389c320263d42d09e06996f25861
reports/v10/dev/.rows/dev-13_r0.json	6321	47d75dbb1c1eabc0fe97a8825473235602588a1f15ab3695292499cd6a7b9978
reports/v10/dev/.rows/dev-13_r1.json	6458	8c028b9f00de66ef49d9df47651bad5e46fcfcea8908191812f70151df0f1c5f
reports/v10/dev/.rows/dev-13_r2.json	6383	7c6b67b7802205c50204f2e0da89624bff4b783d66f1e966035d921dad59dca7
reports/v10/dev/.rows/dev-14_r0.json	5267	3169925b9ce6d8ece6f6455cb8861c76bf1421e1a165bb3dd7304c597486c08f
reports/v10/dev/.rows/dev-14_r1.json	5064	6c629b93bbdf9d2f0de5df07d7369512b81534ce5e369d5aca9ec14119fc9adc
reports/v10/dev/.rows/dev-14_r2.json	6927	a48260803fbb4c086d22d7f11d77acf39a761852a370944b09739debb6c5c7dd
reports/v10/dev/.rows/dev-15_r0.json	7241	3bfbd5e21fe2576a4e0514311ff34f020bc15e7e4b0bb3a2e2fb332eaaa5cbe8
reports/v10/dev/.rows/dev-15_r1.json	7040	34881d84148a6a5314d75412f5349a13780f9b40d3d4c4571334267b55b43f21
reports/v10/dev/.rows/dev-15_r2.json	7122	b530d97be1aea48973a0deebbc35d492375ef370aaf536903150dac78ad0613c
reports/v10/dev/.rows/dev-16_r0.json	2053	9e95c83a1bfaed92d039c01c715fe255edb0b66bba4cb2fa90fee33210212661
reports/v10/dev/.rows/dev-16_r1.json	2053	42c06607947d947ba21fe943129f3dc1a9c88584a9acaaadda5ae9aae5a02404
reports/v10/dev/.rows/dev-16_r2.json	2108	9a9592a80270fd7b3d3640e9f8e02967bdae1e57dedd31b691db02cd064126ea
reports/v10/dev/.rows/dev-17_r0.json	5742	aaaa2dd4ef2f3f5b418ac37e81d069c2d43f7af0fb2284c4971207b292df1fb3
reports/v10/dev/.rows/dev-17_r1.json	5272	d767e63eaaed2234e749adfc335c573c1ee5dab87921f3662aea8984c1bd1de5
reports/v10/dev/.rows/dev-17_r2.json	5098	6847ca42f50e4eb068d38088861e5c9315fbc98bd988f77eafc412e3cc5144e6
reports/v10/dev/.rows/dev-18_r0.json	7232	810b984861d82410f345fe45c5f6714dbca3d3d591abaa31b6f75caec8054f76
reports/v10/dev/.rows/dev-18_r1.json	5737	b327a188f8d226352e4f795ef375bba2f261a9a9fb3a988e800bd56c48a7b448
reports/v10/dev/.rows/dev-18_r2.json	6865	13837f703b5200abe41e856fbd318189bc917c8dad61e2fd8fa5d9552cc14f4d
reports/v10/dev/.rows/dev-19_r0.json	2190	20cc417275bb03b9b16fc77b8428318f3e7512b4e0b6bd4ef004d251fc61cc10
reports/v10/dev/.rows/dev-19_r1.json	2156	e7a7662807cfaaac01c8f0ce8e001a9326d395673ca37d09063dd0498ed622a3
reports/v10/dev/.rows/dev-19_r2.json	2111	eefc32ac2e205a97f03001335d3c5281b7ec34dcf67bd1d50b6e770ca911806c
reports/v10/dev/.rows/dev-20_r0.json	3022	985ec20c143a35ced1c4d81ef15bccf51d4352db02f370c0869b5317855adb60
reports/v10/dev/.rows/dev-20_r1.json	4516	28e375bf39332d219c660db32aa4ee7b3fe5413171266120f504fd7f630ffd0b
reports/v10/dev/.rows/dev-20_r2.json	4514	a71286550792ec75a7a9fd0dfed1b781c35ca880498b589284107f73e8254e68
reports/v10/dev/.rows/dev-21_r0.json	3216	b8a68193e1885a621918145741bd76c73fe71b0a8f5e182d10b67a74391d1890
reports/v10/dev/.rows/dev-21_r1.json	4226	c11129ed443892f69737d46916069fabe0bdcda0dc1016d29bb8f796b12f6133
reports/v10/dev/.rows/dev-21_r2.json	2847	97ff384e01ee111cfee4100f3835519dc49e9e21f489c07bd24d508624d10edc
reports/v10/dev/.rows/dev-22_r0.json	5668	5c59353860ec60794fedccda30808878c3909df8977efbde56016350c669323e
reports/v10/dev/.rows/dev-22_r1.json	4911	e5266d56db2e27db797e8bddfb140e075947762eded07e90712116798b277a71
reports/v10/dev/.rows/dev-22_r2.json	5487	f2a53980684a5beac3f7a05b598e5c2bdf9ae28c8fada1ecda15b66d66ddd2ab
reports/v10/dev/.rows/dev-23_r0.json	2446	7b1456a6c9848afdd3b8debe2b3668f750bb8e93e350bfafc5bef6035375c8f4
reports/v10/dev/.rows/dev-23_r1.json	5345	c124a88110afb294387354757a78fc160fee3064e893d706ea778537b698df2d
reports/v10/dev/.rows/dev-23_r2.json	2344	7b68fc921a7df955f9d4ec3917495d31f8e438a9bc459d14a5cadc88d716dd6c
reports/v10/dev/.rows/dev-24_r0.json	6620	a9e60e1b787ce045ce7c94af8987ab94f010732c4c016304eac429eb6923623a
reports/v10/dev/.rows/dev-24_r1.json	5398	96fdbcc8727df846b34e96ab4b77bc9096fc41d6d645eeded76caffaebc7cc70
reports/v10/dev/.rows/dev-24_r2.json	6772	138a0bc1042ba79da00594fe8c8c15aca1ffb1fdc23947c3cd428f50fb006250
reports/v10/dev/.rows/dev-25_r0.json	12022	d306610c9a5e07afaee3eef891926548a3000c3a12fcdad3209f89bbc866068c
reports/v10/dev/.rows/dev-25_r1.json	15140	8a42d517b3320b56af698095f6431ee5e909481f33a9cbc1aec8a0fb0f863377
reports/v10/dev/.rows/dev-25_r2.json	12433	35c6a228ba1fbcca7a2e8cc3d7fe52144762e410e08dff7a8578ad4adee75f0a
reports/v10/dev/.rows/dev-26_r0.json	2668	2e88fedaeb0f8ac8658277e247c680fb3b999eaf75586846880e6ec9c738ae32
reports/v10/dev/.rows/dev-26_r1.json	5485	3633aebeb989b047a45e6637f7c87d4a7712dd33c9815317fa60450ed3ce4ad7
reports/v10/dev/.rows/dev-26_r2.json	5259	e4600ec26c832ee29a13e87de12b4d9741d5514a2aa8ebeb0c46fdc79c5a0d92
reports/v10/dev/.rows/dev-27_r0.json	6038	75314770b85b6d9aa02d8736fa24f335732fa7cefc26479fdbb9641c023bee65
reports/v10/dev/.rows/dev-27_r1.json	6460	88b69bcc5451a9baa28113bd2c011761eb3ef1cf842a9d9be9d5c32b20174c81
reports/v10/dev/.rows/dev-27_r2.json	6920	718b72f16c907267f4ddb0711ac093e6be8480bc7f9fa0ba519f3ad76db0b8fd
reports/v10/dev/.rows/dev-28_r0.json	5004	d0c7cace1f63cc8a06df20470eed97b4fcf2f20217a19e4d4b9f7c65df53445f
reports/v10/dev/.rows/dev-28_r1.json	5030	d9f621642ad90063183a18a545a49012c552198dfe4294eb08294ecc544f4247
reports/v10/dev/.rows/dev-28_r2.json	5006	28b85877b9a242aaf8ba329693632f93fa064d197f815b7be0f8075eaf3a0228
reports/v10/dev/.rows/dev-29_r0.json	5252	abbe4793496a5cef4457b7e9e77bc8955bc4664fb204d1b6346da93c65de0257
reports/v10/dev/.rows/dev-29_r1.json	5254	535631514bc2181ae152d8d46632d897d6cf21013d55885f27868ee47d3d32e3
reports/v10/dev/.rows/dev-29_r2.json	5229	8240fc34a0330ab422e076a9b4da70fdd4067c2c261316a40b1d595105227a40
reports/v10/dev/.rows/dev-30_r0.json	6625	7b2be9eb79e1806dfe56b2699a61ece0fe56ed4a8df896bb6d4e49d33a272441
reports/v10/dev/.rows/dev-30_r1.json	6625	a90a27331de074972830b8fdfed9ba444ea0ab13e82570bf3a14612d374a76ac
reports/v10/dev/.rows/dev-30_r2.json	6625	075f3840c31f821524e1fd449cdb9919ce930203ad9d04d46546a8789a27f38f
reports/v10/dev/.rows/dev-31_r0.json	2847	ae4619db56a62e8e13a96cd3276a1043506a4539a1fc2548db955edc4aed272c
reports/v10/dev/.rows/dev-31_r1.json	2845	785fc2b4dfdb8c36c9de6a9c08dd4953a1572cdeabd250bff8f4488c480465e6
reports/v10/dev/.rows/dev-31_r2.json	2775	e6b11810b23cdfd9acb84c5bce2d2ef0981d1ceff1e2fbaeac4f45226d8c5fd8
reports/v10/dev/.rows/dev-32_r0.json	3111	1dd4852137f93455e39249d3696461d905d441b1c82b3ea70b61350bacb7c1a2
reports/v10/dev/.rows/dev-32_r1.json	3111	3d6912d911d37ae03f4a2b9327a3aac60966a18f89ae416c59e221818dfa6846
reports/v10/dev/.rows/dev-32_r2.json	3107	5aa8d98f3479ba258197ce6b90e10ffc8d528e80fe445887d93d9cb320ae2255
reports/v10/dev/.rows/dev-33_r0.json	2957	fa5fbe579a609ba776e8254d42e55dfabcabe27d84aa371f26a99dd327b0b5e4
reports/v10/dev/.rows/dev-33_r1.json	2955	b7997da8ab301847334be2ee19417f6f3a8838238a015a06f3149dab658195ea
reports/v10/dev/.rows/dev-33_r2.json	2955	b9732b546066c9dc83e216e457db274a524dc38e8dddf6c3be98f2647d39e26d
reports/v10/dev/.rows/dev-34_r0.json	3223	81b0651fc0e6abe44f0e5a4138cf7b724a470c40140657cbf02818f4ffe11273
reports/v10/dev/.rows/dev-34_r1.json	3221	92fc77b7df283481b8a09d57a6d176dac016cfc6df035535182428091feb8758
reports/v10/dev/.rows/dev-34_r2.json	3221	b761d02c860f33b9871f287bb68ab282754820e0492db88068d0cc25e511edab
reports/v10/dev/.rows/dev-35_r0.json	2892	5318e2dbb971955fd17797dcf7669c3d839c3cec436ecc3ef200c61b8b6d9ed3
reports/v10/dev/.rows/dev-35_r1.json	2890	1b58eca96ac442e791358eb870646bcd04299b694b2ee7960f25f279077e8648
reports/v10/dev/.rows/dev-35_r2.json	2860	f9c30400e4be3d62dbb3240ec6acb83b58d4ba11e8e6f6877cdb7e0206037c48
reports/v10/dev/evaluation_identity.json	96	c390aa21f65c76cc192ddf2fa428ac743858e0feea122e47cb67ceb9d76b30ec
reports/v10/dev/harness.json	82300	8c97b2cd9227b57400926b8d83822b97e29837236cdbb93d7af5017ac0680bcb
reports/v10/dev/harness.md	4967	ffeb8041bdf1c71bf7c8fe93172cf99558734bdb4cba104d407a31ed8c215cbb
reports/v10/dev/trace_dev-01_r0.json	4698	e44966db233b4987cad29cfb73b9a9a1c520ad329eb2e4b5939167fe35de8815
reports/v10/dev/trace_dev-01_r1.json	4569	90f03ead3e2897fb258fca81f80988711a61cba7bdea38fcd269214452026983
reports/v10/dev/trace_dev-01_r2.json	4599	708eeb96371a193621801b35b35a111d2c56a808ce3b421bfacfdd4f40ba3f09
reports/v10/dev/trace_dev-02_r0.json	4519	aed7bfae552d61da5bb2842a52270c470def0c7326b4af8846a7ff789e2513db
reports/v10/dev/trace_dev-02_r1.json	4519	b039b15ba0616a382fac2944a110f8bc494c23650cd74e8974dc38be574a688d
reports/v10/dev/trace_dev-02_r2.json	4519	2ad66e3b29bfb413b5858f906012f8abb814c5444881c04fa0bc97c0ea7b7106
reports/v10/dev/trace_dev-03_r0.json	4282	24e01acda995ac6c9c490ab72cbd86059ad7d0838b6c3fed4d0665525a6f66ed
reports/v10/dev/trace_dev-03_r1.json	4336	24b1a8fe5340da625c66b678ff3650669fbb6ebe2ca44dc311085f349ab3128c
reports/v10/dev/trace_dev-03_r2.json	4282	e06bbff2b6f68c8689c6445303c03614d8a888b6f4670590f627155dffd66ad7
reports/v10/dev/trace_dev-04_r0.json	4371	c745ee92137acbf03f1bb4d53984918741e080f5b764968049667bc6a099e152
reports/v10/dev/trace_dev-04_r1.json	4430	fd3c97741280629128d539dba7bfde8ecbe2da55b94de11cb81c82790ddcadd1
reports/v10/dev/trace_dev-04_r2.json	4370	985c94ba08a03107972ee6b1f65625954279b24292e317c29e23b456fb2c98f7
reports/v10/dev/trace_dev-05_r0.json	4758	d024acfe681bb6e4da6e820987db2eec8742d21adc6a40ae657090df61fdbb85
reports/v10/dev/trace_dev-05_r1.json	4853	dd6cf9cf2612d4221ba4181e0d54d6667a464a49a7b70a7eecc4fe7acb6c088c
reports/v10/dev/trace_dev-05_r2.json	4744	5692741fce3575ed6eaa39331f9a5e8d8a3af9da2504a6763f0ab2528001064b
reports/v10/dev/trace_dev-06_r0.json	13375	e9d0e68a77ec727aa48521ec657c2dc8fcf91911d1184fc7571909aac5760941
reports/v10/dev/trace_dev-06_r1.json	7474	d82694c6d9ac66f6bcdccb8c3c75b7f9661d048bb6d4dd8de854cd273984220f
reports/v10/dev/trace_dev-06_r2.json	7492	da07af88b28bbec24d6cd8956ecd6a8ec1ac37a45d8f51540a4b935ce0321e7d
reports/v10/dev/trace_dev-07_r0.json	4257	097d307f2e97c9d29207a39ac30b84602716393174e7dddf33fd435f4f40f5ef
reports/v10/dev/trace_dev-07_r1.json	4257	5f8fdf365eea298bfbde2378724cefdf5e78e75269bc6cece33cec879843f39d
reports/v10/dev/trace_dev-07_r2.json	7215	eae98743e44b6c5a50648c8eae6a03a3d57321b110c24f68dff1c8447beb85bd
reports/v10/dev/trace_dev-08_r0.json	10491	69a4dc16cf155c518504a33acbe2b2fbc0217fb8eda947fcebf0dfde196d136c
reports/v10/dev/trace_dev-08_r1.json	12948	8b92b78cfdfa5676b12b9f2e0bb710c2b643cd98db853afb144c05c1d4432a97
reports/v10/dev/trace_dev-08_r2.json	12992	0868c5a7a46126ea14be0537f9621b5912fc9c580a252687ef97693bc21ae0ac
reports/v10/dev/trace_dev-09_r0.json	6082	5957b67aa0c6beb83295a2a83c9bf5f50a399b1a3fd6ac25ad4e2a3bce3a6771
reports/v10/dev/trace_dev-09_r1.json	6082	e68a2f5335e97cad3621fa3a3e0a243a3f66211631112a7c3160eeeb4926ee9f
reports/v10/dev/trace_dev-09_r2.json	6082	8dd46825551d1e0c76bed644e9b81a8bd08cb58ac94a9dbefaf9000cfa17f59b
reports/v10/dev/trace_dev-10_r0.json	14569	ef29dba2cd0f85a94f34a2f7cc663eddf9710fc00fb998a674c9ade972c9cba8
reports/v10/dev/trace_dev-10_r1.json	6919	d28a59afd1c88fbbda80b3c6d69e341500c455f5a6fc22d1cd60cf771817e469
reports/v10/dev/trace_dev-10_r2.json	16376	a006fa564e9381291b582e3bcad4f0e2743cc50425550f7cbc67f49955206958
reports/v10/dev/trace_dev-11_r0.json	6395	d3925a4a098dccbbdbb887ab40142a81f3bf877ae438e7a9d9de60544b845dc6
reports/v10/dev/trace_dev-11_r1.json	6436	f37cb481c5d67bd50a59ebea0188ee4586616564b3c2f274767d937bd4ad3887
reports/v10/dev/trace_dev-11_r2.json	6436	a86427e87fc5db3baa07872d48c9d0de1cfa2151859e16894d379bbcfc0be1eb
reports/v10/dev/trace_dev-12_r0.json	7755	941a0029c4d456fc8e4c9b5305c01e56c44b5cd5f8d4eb0b4bedc8be81faaf50
reports/v10/dev/trace_dev-12_r1.json	7755	b5fca73cf9093ffd0e2cf8c6ac52c87bb7c7137e6fe18f2831f1b52f306849bf
reports/v10/dev/trace_dev-12_r2.json	5047	df7c73f757a05bfbc31df1f0d0e82ae21d70b9619e5d091b1999fea6d7ff1c4d
reports/v10/dev/trace_dev-13_r0.json	6326	d1e28dab49f2dcf9e78af1aa0c8340c0e415ad2e90d84516052623bcae80083a
reports/v10/dev/trace_dev-13_r1.json	6498	40b606f00d36a57a689f4a71637837658136feec1260e21bf1a33ebf07898163
reports/v10/dev/trace_dev-13_r2.json	6402	becd8a5fad4b52b9660686c2ef2cc89816e8b469c740e635adc497ef9d31ed4c
reports/v10/dev/trace_dev-14_r0.json	5047	fc8aa844874102dd538e328b1c8d3e14457c0a0d3762232f61eadad458c93fd7
reports/v10/dev/trace_dev-14_r1.json	4912	d81098245b6e4b2582b1d3fa3b91c7160ccd436f3e8398dfa22185437be162b0
reports/v10/dev/trace_dev-14_r2.json	6841	ab8b11470a9a3d36cb8675264c884a2c2af44602164c1fdc0896ae36f1346e5f
reports/v10/dev/trace_dev-15_r0.json	7047	41968add42ced50131d1f428dbcb269327e99dc2496a3ba7e7a4af6bb23e58e0
reports/v10/dev/trace_dev-15_r1.json	6890	cf865a469b2892d55436adaae84d36ea0f9de708c43e36bdcc62b08ae927b1e1
reports/v10/dev/trace_dev-15_r2.json	6977	47e77a319c996d6b35521871587ce91efeeb7a36e52dbe5db124df55f57f3769
reports/v10/dev/trace_dev-16_r0.json	1771	0bcc2f51498655dc22712d9afd41a1b62f909175d66922e02e20695858187729
reports/v10/dev/trace_dev-16_r1.json	1771	490ca8f8e59be8c17c35f86d2db6c70ae941d3f12c654bae80eb7b2ca9dea679
reports/v10/dev/trace_dev-16_r2.json	1831	402bbb2dc8544f168b7a6c7177fafd72c2029a1d04ca207bc013c03d450cc4a8
reports/v10/dev/trace_dev-17_r0.json	6153	c02105e4b276128a76f18d65e8a2676112573b1b8de3861e205ba2e8fe090494
reports/v10/dev/trace_dev-17_r1.json	5398	e93e329a9faed3d1971915c18dc018af8c628ec6225c793193091ff6d4722147
reports/v10/dev/trace_dev-17_r2.json	5282	93cd3da8338b951432b88df85c5c1ab4e0700cb514f092544a1d0f92f258f6e7
reports/v10/dev/trace_dev-18_r0.json	7877	e2832346eff6848dff6b0da347d2b097cb71c020fe6f313649dd6546d2dcd9bc
reports/v10/dev/trace_dev-18_r1.json	6208	018d3d14896bb7365ec11ce67529943ed380cfa294cb05f1c92f39e9db4e57ca
reports/v10/dev/trace_dev-18_r2.json	7503	1bb9eef252f6d9311607d3286bd13d3c6b78eee11a7630736e9b8d4880263dc0
reports/v10/dev/trace_dev-19_r0.json	1866	8361c15f21df551dae247ec99dfda3d686e32306c2bacabc8bfb066a387b51f7
reports/v10/dev/trace_dev-19_r1.json	1843	22f940240a30c202b0ae6f8ba2dfb29ce6e4894484a12b77f21f84509c29f814
reports/v10/dev/trace_dev-19_r2.json	1813	b1c37bddf5c71690025537b41495894b8ab2f1f10157dfee88313b6a7a1b04e7
reports/v10/dev/trace_dev-20_r0.json	2607	603fc6996d7870db8ce85a93eec0ab8d5dc75eca55801e4b3a9ed9f45d4d7524
reports/v10/dev/trace_dev-20_r1.json	4647	2275859d88f9b3fb8b2b73184014516f4dc5f1426b27b4bb05b7b6639c2aceab
reports/v10/dev/trace_dev-20_r2.json	4646	589cf08295a56303a840f91efeb185a8a4c236adb1df17fd3c716cdd97d23d26
reports/v10/dev/trace_dev-21_r0.json	3364	159d2696cfc4928e6cd06a94f1fdc32215251963619723826c097f5102f2240a
reports/v10/dev/trace_dev-21_r1.json	4366	471d7506c22b28441f4454706661d8a238f15a008d94015112a53bee729dadeb
reports/v10/dev/trace_dev-21_r2.json	2995	825251fd264082638b04a0d625f77b19cec388b4a0ab2939000ff17738fc3cd5
reports/v10/dev/trace_dev-22_r0.json	5992	883b058c2e3219f36b12b0fd7cae3bbfe014565442c98b7906328e38f355fbed
reports/v10/dev/trace_dev-22_r1.json	5255	26040a3000d1c7f044b3b69be2db3de374b80261f6b09cd5afdc31b92b578b09
reports/v10/dev/trace_dev-22_r2.json	5923	f9ab3620651eb4944990facd33e5765168846e387dd2cd93ea5bbc3134d17030
reports/v10/dev/trace_dev-23_r0.json	2112	e699f64ed91791bd79a81bdad71a7b859a44d33db97d96fa40601b4fef8fad3b
reports/v10/dev/trace_dev-23_r1.json	5710	fc77ed4ddfd4157a661d6ac8657bad523eb624e1e9be7bb5f5fac8cc3927ee9f
reports/v10/dev/trace_dev-23_r2.json	2050	1b4821ce3cb1038a5436fc8b49107f05323a3a24e72b9d268ec2bf3ecd5610d5
reports/v10/dev/trace_dev-24_r0.json	6597	bdc2570146481eff07782f7b7c750de0ded6338247f303b3bb696ad1dff7723b
reports/v10/dev/trace_dev-24_r1.json	5194	a38b9b2c6edcec35c56b0849e184a5bffc1c97cde8e0cd3d0f1c302ff0ee4831
reports/v10/dev/trace_dev-24_r2.json	6703	f4a20afc0b5775027551865e7d65f51c5acac3bf6be6226ab4dcae91a7e1b291
reports/v10/dev/trace_dev-25_r0.json	12167	69298f672725b08c57c25f0731d63cdb9b60216623861474773d7e54c42386c2
reports/v10/dev/trace_dev-25_r1.json	15285	2868321213336e937ecee931328504c7e8bec71fdb930da56a4c342ce68aa866
reports/v10/dev/trace_dev-25_r2.json	12579	f5a7ba4c43dfc04292abc1bdb4363d1f8356dd695504dbf8b1b7d9e1138b9a6e
reports/v10/dev/trace_dev-26_r0.json	2567	6b6d8d0d330f098d83b6242758edae85c2fe79d50ce6482a774a9a4e1ba5df62
reports/v10/dev/trace_dev-26_r1.json	5895	c38c8a54d31477cbec2820218f5b12661d302407f68c3763263438fc382c1c54
reports/v10/dev/trace_dev-26_r2.json	5667	36254edcd9ab80c8c70e3ba3a2f2291b1c482a3102aac6fe3f00ad6b0e1e4bfc
reports/v10/dev/trace_dev-27_r0.json	6307	e29c5c64657a5bdf16b2fc959e5d84b6b5f2ecf5aba485133afc8c9de16b2b5a
reports/v10/dev/trace_dev-27_r1.json	6729	d7451f717ab46a7de60157996820817e22c647c88c8df9d5cd9b38f97f0adb03
reports/v10/dev/trace_dev-27_r2.json	7188	b8ff332339feb8e7f2b6e3b234a110052e2c63d0d9d88b750cb121974784de93
reports/v10/dev/trace_dev-28_r0.json	5266	fa1dbf867a9df93f0c15946cf590e19e7c3346cf7c39955ce33957290dba836b
reports/v10/dev/trace_dev-28_r1.json	5292	56e903af332cc90ac4bce5a7712cbfd6b62b9820e5243224f64efc79838085e1
reports/v10/dev/trace_dev-28_r2.json	5267	b2093df2e52d1acb64a393c9ad11873fbd1de8d85b0ec0609019e87f919604b8
reports/v10/dev/trace_dev-29_r0.json	5570	9c847adde744c715cf0bdab7ecd14e31239f997729566334b6557996cb63c609
reports/v10/dev/trace_dev-29_r1.json	5571	d05ac11ce7b18835d0f887d514dd6689be88abb4c2e449488d97f43f85af8093
reports/v10/dev/trace_dev-29_r2.json	5546	ef7aff21bfff5062bb798de7650b7cd522212a4611d9c66892a24a2f0d1000eb
reports/v10/dev/trace_dev-30_r0.json	6601	fbb29ea594d8bd8e7794d9048aaa4fe7dd569a984e3b82ed09bf0df48acd9ec1
reports/v10/dev/trace_dev-30_r1.json	6601	418d8b3f5097f8ef1e0ea5a9a7facd727c7c477baa5c11e926a2ae18bfa76b63
reports/v10/dev/trace_dev-30_r2.json	6601	68facc9bebfeceb7eb7db1cbf2643f0541cc28a9bda2bad7968b754886c8efe0
reports/v10/dev/trace_dev-31_r0.json	2997	4cb20dad91fe32d05059ac4227560db3488d04ac3e0c1ddfd800dba291d40360
reports/v10/dev/trace_dev-31_r1.json	2996	f0373418140c3003ffa4fee1f799822fc2fc8bf826b6d1963d7b2ff4c7331e8c
reports/v10/dev/trace_dev-31_r2.json	2924	bd1e917576f16385ee1f596093f901562fa3c19bc0094f887cec31b9ce912fd2
reports/v10/dev/trace_dev-32_r0.json	3246	b9a006d59c368680da7a42c2ef1058f12933a07e458d0e5eb65b5fb5756f5dd7
reports/v10/dev/trace_dev-32_r1.json	3246	7bafe306ff6ac009f1ab7ca7f266c95d935f466cb9c3714c1f3b496e7df6daef
reports/v10/dev/trace_dev-32_r2.json	3244	ff34777324adfe4d97ff7856c949221af5284c0b313672ffe0b941f784717523
reports/v10/dev/trace_dev-33_r0.json	3099	2b17ca88baa3d07335c0350290358e44eddddf0d541c14fcba51b2a719c7a6ad
reports/v10/dev/trace_dev-33_r1.json	3096	a3b3dea3d058b2734af0fd581d57728aa170dc7b7264fa999d4138eb0a4b795b
reports/v10/dev/trace_dev-33_r2.json	3096	702f192711ab00c74e9ab27fdab6056449299f19b4e9c32aaa3524afe98f400f
reports/v10/dev/trace_dev-34_r0.json	3356	4711d178f7b5c54ad336aae9a172c99ce16bd7914088e3e3370e6854d5136281
reports/v10/dev/trace_dev-34_r1.json	3355	de24e94afa705e13b1d0a5c79cb85978d3e393b71e9b7e326e5ca35d15c123d6
reports/v10/dev/trace_dev-34_r2.json	3355	d96499193ab56f0dea49aa75838e60b269ddab6ed4abccee87d7155442efc22e
reports/v10/dev/trace_dev-35_r0.json	3033	bcceb60153f11c7f6abde032328e989b2a83515f5b29c97b18df350bd44f1b3a
reports/v10/dev/trace_dev-35_r1.json	3032	eb9d5ac5a2e6de99ff7819c57af7d102e7edb7bc40353bbca7c28887f1a018e9
reports/v10/dev/trace_dev-35_r2.json	3001	00cc636b32c38f289fbda180aeae7e3c74c096af18ca56848de6bf7ff98fd2c6
reports/v10/evidently_ground_truth.html	3655674	24d2aa81b00b1bb24a28dbca6795bb7bb15711494664d6102308a25d11bba470
reports/v10/evidently_ground_truth.json	1324	08437bd92a7f28ebb04c6da6f67445f7d264a6a851e2046403db06c83b9ebf65
reports/v10/evidently_judge.html	3656761	d695826bceda01445e6c19fd6c5d46cb15957051a878437d5afebce4cdc22210
reports/v10/evidently_judge.json	2645	e9ce4f14615be7ff72f8cf8a30ba0e2732abac4a25e3e41a7d5bf3ee45bfa9b6
reports/v10/gate.json	371	c13509dcc008612f7412d09fe005291935b83634268c2e7d8829402bfff89c0e
reports/v10/golden/.rows/gold-01_r0.json	5018	215712d6a7a2cb7dd7419bd66194b3861171b4212e4aeebb5d355651e7d1d80a
reports/v10/golden/.rows/gold-01_r1.json	5083	d12f534a9cf39090847d0bd32f803c298793d2dccbfcecbdc949e1759a45043c
reports/v10/golden/.rows/gold-01_r2.json	5018	46431befd2f90c797db763d16c60092c17f8279395bc5fc91f99ecd52d699ca2
reports/v10/golden/.rows/gold-02_r0.json	4675	e41ced650dfe02733970512c7155dcda04d1f912c69240d1b99237930482c24b
reports/v10/golden/.rows/gold-02_r1.json	4687	76b5bb181c4c9e9fa1fa4da9f433414a8a23b33de6f9272d0665cefaf5c1112a
reports/v10/golden/.rows/gold-02_r2.json	4673	49ab4b7f0273438d17b3cfc6876961d446f45274bd763315efa19c7fd5b1e92a
reports/v10/golden/.rows/gold-03_r0.json	5750	5e13ab4b7bc524250d1041629db2c26f5fdc7cbdd14c901355932ac87fc2f6c2
reports/v10/golden/.rows/gold-03_r1.json	5752	de9ecfd05003ea3f0a6d3d40d71b9c6a099024a8a7a448a48019f8f9273f8f5e
reports/v10/golden/.rows/gold-03_r2.json	5352	327deb75b045983b0ef2a3ba4deea8ca55b93b9c48310371792a997f562ae021
reports/v10/golden/.rows/gold-04_r0.json	8351	c905f46c83e6b853f335eb4c69b17bd088102e6b36b004aa54225f14901b3053
reports/v10/golden/.rows/gold-04_r1.json	8288	a29a8cc4d182a0e17d6ec8291e5a9f59221eb9e1a74b838a95f5510108f2de7a
reports/v10/golden/.rows/gold-04_r2.json	7194	148d16029fe6a96c3360801211b186ab2f37d0276d41ac60c564ab6be15ee6a5
reports/v10/golden/.rows/gold-05_r0.json	5366	dd0bf7be5cdf759107cc45108ac293564ee4b8c9f55b4a3102c9439210dda58d
reports/v10/golden/.rows/gold-05_r1.json	5503	5b2b6caac761c282a29129249da4859cbc1636471bc7dc5268cd48fa95c6a32e
reports/v10/golden/.rows/gold-05_r2.json	5517	56cf7d72b6085e1903823ae4d4963320a95c26d33bc9714f65c4a78642922796
reports/v10/golden/.rows/gold-06_r0.json	6897	84873352982ec5adb166fd1e523c1bab8a220504735f43a2bce3b2305112fd8e
reports/v10/golden/.rows/gold-06_r1.json	7005	6475592332b239cf4cb13c749c8e3a048177447dbf563d8f04aa5317e351856a
reports/v10/golden/.rows/gold-06_r2.json	6340	43003ea1646115380b04d0fb1ed01ed20fe4479f2c208e7522aa93a9c6c345ff
reports/v10/golden/.rows/gold-07_r0.json	6522	e6ee9e7b93654bb41398a1b2d8896f67b62127b8588348e499b536268b6b1314
reports/v10/golden/.rows/gold-07_r1.json	6524	4df415990275da8a60dd0d4cdf8158704b4135dcb20f989101f6b80c080787f0
reports/v10/golden/.rows/gold-07_r2.json	6431	65847fd1bf9bc83ece22d97497ac0c055cb84c728526187cfa8a6e22f8250ed5
reports/v10/golden/.rows/gold-08_r0.json	7307	0452faa00981e67e03155828345a4fa39db96ad1c6bf87ee09b20d0747fcc01d
reports/v10/golden/.rows/gold-08_r1.json	7314	c25fd89cc60c3bf07ab2acd123fef0ef3438627a4ed14f17ad9be580784dc44c
reports/v10/golden/.rows/gold-08_r2.json	7321	700a545fe6db58ecef22e8f50091006726a07e4ca568ec731398908258e0d3b6
reports/v10/golden/.rows/gold-09_r0.json	6800	654caec9eb79a93bceb7a25d5125cbf85c9a79e52598c6da0e7c7418a718825e
reports/v10/golden/.rows/gold-09_r1.json	7143	0303dc694897db77cea43098149a4e88f76eb903df3be421023541d5d62f5b7c
reports/v10/golden/.rows/gold-09_r2.json	7039	4f2b133a1610b5e67e3c6c24b5d181e1cfef1472b3d7c40d44adf44ec3cd5253
reports/v10/golden/.rows/gold-10_r0.json	5777	3fd44563cfba37409b942d708837cf898e02e773186d9a802797190e2799916c
reports/v10/golden/.rows/gold-10_r1.json	5777	e583ae78d209494a769a8c7687a37802ca951e2c471a6611407e14f9994fe996
reports/v10/golden/.rows/gold-10_r2.json	5777	b71f385e67bca43a9f98c368aa4c013c10fe1eb9daec6a1b556afbd63b8c16b5
reports/v10/golden/.rows/gold-11_r0.json	6127	719e7b74c0cdd91d8d1b945d372903c19117f73a3f1b604cfcdaddca85cf70ad
reports/v10/golden/.rows/gold-11_r1.json	8040	904865eeaf5b37724b05df17fef2ebe64f72e32f315b6b2914382fb3c21cf8be
reports/v10/golden/.rows/gold-11_r2.json	8046	686e60c9e20c970a509bb6028e0806e51b9464534c156d5a09e8208b6253fe5f
reports/v10/golden/.rows/gold-12_r0.json	8727	1cfb6e32d42abf266db8afe3c414b70b235461728f361a0bfac15303dff75c1b
reports/v10/golden/.rows/gold-12_r1.json	9205	42cc963cffb1bf9b7b71946dd1b4b76945952932585f6a283120c1ee0ecdf300
reports/v10/golden/.rows/gold-12_r2.json	9316	bf83e4a8ff8dd8014d5c6af64012a19c3cfd19ce90bbcb51f17c6d401bcedcc3
reports/v10/golden/.rows/gold-13_r0.json	4492	25e351122e8a75ae0724ecd0d18302eef0e383f6f940a61417a98a0c8a207e75
reports/v10/golden/.rows/gold-13_r1.json	2540	b90ba5f27ef4bdf303e68e3256e9cf6722eb7071e0a887f03926a74eec4167e3
reports/v10/golden/.rows/gold-13_r2.json	4434	bdd3281844947f3ada5032879a0f626b81be82b2482f7bec229b2239d2f4c43d
reports/v10/golden/.rows/gold-14_r0.json	5796	e2a0ca5ec0841a904a4b4e3c12e30011b2e8777f5a10b7fe797afc6d288b20c0
reports/v10/golden/.rows/gold-14_r1.json	4396	75f26132978b4a23533daea22830bc2d92a59c82495b168827dbcab7503b3e22
reports/v10/golden/.rows/gold-14_r2.json	5611	6b098b0fdc9ec314d238d9e8a6090e5e5949472051f4ae2840a27ec2479bedfa
reports/v10/golden/.rows/gold-15_r0.json	6345	0a4e91d2fe2e6d7577809eb81f0339d178eb93780bc702054263a554baa70139
reports/v10/golden/.rows/gold-15_r1.json	7089	f58a53a08bbd6f09c8691dbe27578577cc37ebcddebeb99214dcc1fcf2a12d5d
reports/v10/golden/.rows/gold-15_r2.json	6344	aeeffc5af05e57a80330413c2f4b7cd7dc8884dfc02991f7ea9bdf6461811292
reports/v10/golden/.rows/gold-16_r0.json	2944	f18cdaebe33f2df0617535c3f2fec15f699b991799cfca6f3082a93b7b2a5b33
reports/v10/golden/.rows/gold-16_r1.json	2944	0e00413f1b71c148311bcf7dea018dde893305b56135e20075c48490b42c20c0
reports/v10/golden/.rows/gold-16_r2.json	2944	51b4580d651518599bfb0bceb1bfa652aacfa06eb819500eda66bc1711c59658
reports/v10/golden/.rows/gold-17_r0.json	3212	098f08419bfa9c56670a2a6a687503b54aebaa143828cecc8303564236492e0e
reports/v10/golden/.rows/gold-17_r1.json	3212	2bb9e1b36b8362e59959a68334168a7d7c5b8f57f8c20780f362f145d4288e12
reports/v10/golden/.rows/gold-17_r2.json	3210	e57825519f343214f378af0616b170962aa64020a2775900edf3342c14b19541
reports/v10/golden/.rows/gold-18_r0.json	3247	46192486c4cd326054fb48e2ab174818dba229c51f665dfb62a7fa53768b366f
reports/v10/golden/.rows/gold-18_r1.json	3161	db44ce72beefbb03c164e7380293935fc66dcf769adc8ff9e5a6a906e368bd5c
reports/v10/golden/.rows/gold-18_r2.json	3284	9d5c29d3ff485643b56909eb8656d0fb2c9a157a4d5fc7cb7155ee070b8ae60e
reports/v10/golden/evaluation_identity.json	96	d91b504a51ea48c477b5184186558ef201f4653962420dbef03e1ee71cf3c8af
reports/v10/golden/harness.json	46314	c02b5b30126babbe1f4ee3a2bcba7cc1e0fd20566ef11769ac4c019c9ca40634
reports/v10/golden/harness.md	2812	0b3a375dc54a330c7452bd07ee5a5a4b7adf3bc8039d2f0e77ecfe8796bf5939
reports/v10/golden/trace_gold-01_r0.json	4884	369ed9a441ec7b91fc852dbfe06ce7eacc279cbcf69f199a79a0a138ffac2aa6
reports/v10/golden/trace_gold-01_r1.json	4927	12ed8c49ef2cec7978e312a6d87dc59a409229ed1de02c9b6f043aceff9f4424
reports/v10/golden/trace_gold-01_r2.json	4884	197fbc13c08e16573c05d5e4c578b195f61daa8c7335f2726b9ee5fb7a837b7c
reports/v10/golden/trace_gold-02_r0.json	4616	a8ee41378ad2a95eaa9c7aeb4f769235976b265963a3c9ef405d96bb0164c336
reports/v10/golden/trace_gold-02_r1.json	4629	0d660eb4c4eb86cb6c4ef62d0f776d6ed56501b6e3c4a972e51ac0f327477245
reports/v10/golden/trace_gold-02_r2.json	4615	4cdaec32f4434533b4b1a27d30f14ba947963db129bdcaa994704324ca115baa
reports/v10/golden/trace_gold-03_r0.json	6009	212e1b5fbf79b768eb619abd7f638348bb337d4f2fc91453a786b0e2d80dfc43
reports/v10/golden/trace_gold-03_r1.json	6011	163e0f4de95dfb0a449e254e37dd30446ed00d8471eac41615955d467081a1e1
reports/v10/golden/trace_gold-03_r2.json	5529	6d973c5fb789a4fe260d01768629a1b9852749e08df80597fa54c9ade0f528cb
reports/v10/golden/trace_gold-04_r0.json	7828	4e175383a9e179520f34e7272e8c47983a6c12de5555dc3a6a6f41d2523aff0f
reports/v10/golden/trace_gold-04_r1.json	7790	73b78743e72d3137f124e33a92803fa309da0d714e7dbdc57c33c3c747e3680b
reports/v10/golden/trace_gold-04_r2.json	6929	d3bbdbc8423a5127378b424fac1b2a7ab74b816bba0fa28c8ed386211e4e5ce2
reports/v10/golden/trace_gold-05_r0.json	5533	e4d2e94ac31c5e67841f269933738f8fd36b411f2ba3b468fbdfe456caad6f87
reports/v10/golden/trace_gold-05_r1.json	5622	9a7d3b76b0b8db3f82e438db90f5b3d2c4eac05fdbbfad520f32e6611d6e3894
reports/v10/golden/trace_gold-05_r2.json	5635	c2b79be8345aa28f30c2b838d9f636b8e0116919c3603bc456460f476e42d0c7
reports/v10/golden/trace_gold-06_r0.json	6985	349b52b743919a02b8f3b718a326fa9d8e589c02490e866244eb25ed06d350e7
reports/v10/golden/trace_gold-06_r1.json	7062	fd9c4fe8cfbff6e2dfe6fb76fbe841807f9187c121685b061f65e11e35360122
reports/v10/golden/trace_gold-06_r2.json	6116	a8acf109d2b2e97d981d563fe6b4533d2551899c6793016c3316aa7428595d35
reports/v10/golden/trace_gold-07_r0.json	6427	dea558d02e6419f6493ff54e7d36d074cf40a2cfb62131af71ceb1e629ec77ae
reports/v10/golden/trace_gold-07_r1.json	6428	d9c3c9329019bb51605a982ac33dad025f29652eb5ca12e03c049ba2ca831ff2
reports/v10/golden/trace_gold-07_r2.json	6390	3dc9666b6c182c825194a7993f85d4cf8dba41b0e8742c4e11e7f18877b5a070
reports/v10/golden/trace_gold-08_r0.json	7161	b3ad7422913f009bf164657f27ef1b47dddadaffaa2181cb41e15ada6f20f9a9
reports/v10/golden/trace_gold-08_r1.json	7166	3a258922001369d9e28376b6258035868389d3ce453864af65f64f61942f5eab
reports/v10/golden/trace_gold-08_r2.json	7176	4c5a14dae68ac6d28b681d710bb9595417a17b17a7ad1150b1bc01c974cc9465
reports/v10/golden/trace_gold-09_r0.json	6593	5c51330107b20ce4ac01fdbd417ab1ee63e4ad81560af12a569e9b036195f95b
reports/v10/golden/trace_gold-09_r1.json	6883	9c9e1d965d9fd29d063f85b2693c47ed18ff50819cf2b08cea178e1d383e5ed3
reports/v10/golden/trace_gold-09_r2.json	6802	10de034f2854c0d8f5ee573de77b6f67c53cacf724987b087f1147abbbd1642c
reports/v10/golden/trace_gold-10_r0.json	6212	cdc4bdb7c68cd3c8f4127f374392e13520fd54abe3eaa2e90ee6e0c83149abaa
reports/v10/golden/trace_gold-10_r1.json	6212	7c49c0c623b4bd63030ecfca16bc924bed1533785f0214be24d81acf4aa6809c
reports/v10/golden/trace_gold-10_r2.json	6212	a280f6acbf18d04c675bbedb84f2458d5ba5cc79cd49f34bff3a79db5ceef98c
reports/v10/golden/trace_gold-11_r0.json	6390	9e56ade9a6b5aea6570086009cc6c5b52dc990759fb64b2e5b47846db6feed52
reports/v10/golden/trace_gold-11_r1.json	8470	bcf5dbbb2ebe3834e9dd30df6986f9664790f7e8585345a5187fbd49fbeb8fe2
reports/v10/golden/trace_gold-11_r2.json	8751	abc22bd4b5ba7e2f0f76623f2d3cd485be2d08f21d515439d475c075b81255ec
reports/v10/golden/trace_gold-12_r0.json	8772	6f08f74fedd7cfaf719ed0db9340f0ad2518053c89ee4f5cebb3287096fcc021
reports/v10/golden/trace_gold-12_r1.json	9241	0b4f1732f6bedf278ddfe0e5a3ceb09c35ab028e16a5636cd5f9b6d2273ab6a8
reports/v10/golden/trace_gold-12_r2.json	9378	4320e5f8fbed91ea6d6453532715ad67456f825ef8fe7a1dee34480f4a150019
reports/v10/golden/trace_gold-13_r0.json	4614	8aacea077e77e388f1fc000f7f98f271ccce918b3af2be0b5b7215b97aed06ff
reports/v10/golden/trace_gold-13_r1.json	2171	67bb6d4549cfbb62c79dbcf8627d02049545693033a7c94ff46e84dce90e80da
reports/v10/golden/trace_gold-13_r2.json	4556	ad01cabe892252fac18759df21058bf780c00edcb947481d5487798c12501ff5
reports/v10/golden/trace_gold-14_r0.json	6129	4c16a6ea09e7b337ee7bd35d0e0498bf704ea468e0dc5d39ba3a7a086a1041f2
reports/v10/golden/trace_gold-14_r1.json	4277	9b2df3accbce7ee286e7562d7890e959a9baa633c340f725bf86adfae37db147
reports/v10/golden/trace_gold-14_r2.json	5944	6428b8604cd9211dfe126f4a7794fafbea463aa87d3326989f5356228d19f95d
reports/v10/golden/trace_gold-15_r0.json	6733	f0b951a32ecae35e2f00eb3564eaaa2fd5569eed8b57a425e623e6c792cdb6d2
reports/v10/golden/trace_gold-15_r1.json	7632	94e45d4cf2ce875a8eb431bf93ef82a2cce2b04cae21251eaee22462239acc23
reports/v10/golden/trace_gold-15_r2.json	6733	bb04fd9d7e74ac9aba1ffbecb3116c5629fe487144f9565bc028f442f05296ab
reports/v10/golden/trace_gold-16_r0.json	3063	f8aa0ed62ae870b060f42b73206611d015580eae86ea0a822ca299c4788a00de
reports/v10/golden/trace_gold-16_r1.json	3063	899f4cf43e06c601ac41ff6066955298b3e068b2592822e52729705f212e13b3
reports/v10/golden/trace_gold-16_r2.json	3063	b1cc6892c2b483bfefb1fa4f9cd58a873bea1533c1275642350dbb58809d21f5
reports/v10/golden/trace_gold-17_r0.json	3316	c67409641c907518ee48ae65174a0b8c2f114a414c889e558d4fc707e0cb0ddb
reports/v10/golden/trace_gold-17_r1.json	3316	4c9379bac7402330280d4485f80936cb28058745e053a155769145889d2cc107
reports/v10/golden/trace_gold-17_r2.json	3315	990684418fe8d2cb1fbb83a0b7ce88fe3f37612b83708598a9244eb5420b6fdf
reports/v10/golden/trace_gold-18_r0.json	3356	0ddf3fc9fe06d31ec374a76eedf7df14263da83ffb32b911b0b7dd0bc16e36f5
reports/v10/golden/trace_gold-18_r1.json	3270	08834763fed1ad578e9c9f42164838649fd5aea7ccdf2a54b6b5cf596cae82e5
reports/v10/golden/trace_gold-18_r2.json	3394	75055f5c73f2ba35da006d1ad8047c7d63c402b0a6e027a638fddf7b2ce7f4cd
reports/v10/judge_verdicts.csv	78916	3e015524754e5d979508b2ad85138b69f284547cfade3aa11b2659c2faca435b
reports/v10/metrics.json	687	366d9bf689f8f136fc5b46eb23235f40d625bcef2f2049b9b9f8872da8c50066
reports/v11/dev/.rows/dev-01_r0.json	4583	1b4482985645875f80f35326bf4814fdc94184ca423acb0ca4c6a93f43cf8024
reports/v11/dev/.rows/dev-01_r1.json	4607	e3e61f6efab4e7311c2775a69ee07ece63b71cf3550f6ee0ca55910bc45ea1c8
reports/v11/dev/.rows/dev-01_r2.json	4588	157ae27f3631fc40c1a367c1d0a5e738cec371ad70792f14d1e4bd3c15a2c729
reports/v11/dev/.rows/dev-02_r0.json	4570	002c767d03642569846503fddd7e5c001d68d26f76b0d4b92fe660f2703e741c
reports/v11/dev/.rows/dev-02_r1.json	4478	98ad18f4f6e478f79e90c767db199ebda56f74c2f309d5dc90d9c65f9da47be9
reports/v11/dev/.rows/dev-02_r2.json	4496	871007fadc6feab1fc323c7f208c7dc8f8c2fa6afe1c53113c809e84dc2b679b
reports/v11/dev/.rows/dev-03_r0.json	4202	9b66f3f1d42bb2ea23df248095f2199985b53dec99abe57f1eccba52f4ddc18b
reports/v11/dev/.rows/dev-03_r1.json	4260	249d2e481b5910684849ef150dbd49b245df8186e3f2e7df1f5dee4764a2becb
reports/v11/dev/.rows/dev-03_r2.json	4203	a4620a43d626acaa650af6f3c9e89c20fd58ea5cfee225b5172fa75d16dc57bb
reports/v11/dev/.rows/dev-04_r0.json	4306	40ba21b0e88d2183238e1e9b29f25e23d17d8d486fe63f9b8cbae3dbe85890ff
reports/v11/dev/.rows/dev-04_r1.json	4364	743d27ec3ed2fd9a9edd9e27564030479011c65e4961f2f2df348b3cc57d29b6
reports/v11/dev/.rows/dev-04_r2.json	4364	a63175f75a2557ad1a1ccfc6766d8f39f86c7896a9b35e5871d49ca9ba0582f6
reports/v11/dev/.rows/dev-05_r0.json	4817	76b03d07bc1d24d0abc50e2c9a475bd5b34280ac2985ed2f117374b9d10b90ee
reports/v11/dev/.rows/dev-05_r1.json	4829	efcb58b3cff11ed38917bf21895625fa5e3075c2125b2715ab55f51141a54579
reports/v11/dev/.rows/dev-05_r2.json	5331	517f853fb711221a36038dd378cc1951e737b820e0595e2d5048ffb17162f758
reports/v11/dev/.rows/dev-06_r0.json	7725	ed38b81b742336f1c3de10cde5a9005cf55e77ab352f9fa1506154a9b8866394
reports/v11/dev/.rows/dev-06_r1.json	7871	301c83e625dd80adafe31189df31cd8001924eda92abbea792e90fa2d3eadbce
reports/v11/dev/.rows/dev-06_r2.json	7848	6485ae70d6b8e6dba461f87212a42b05b478c50b96092a0a55e794ad19d56a16
reports/v11/dev/.rows/dev-07_r0.json	4277	5313ac39ffb52927773e34ae48ca24ba74e0f5c8d20f985e85d9201077913d78
reports/v11/dev/.rows/dev-07_r1.json	4279	1a636d1141666b48464423d540c8101c2ea1b99c0c2979a1b32b3ed39701bdfa
reports/v11/dev/.rows/dev-07_r2.json	8481	3c5986eae924c8089172fa8a044742d858852e157aef035cd0881a1240d5b77e
reports/v11/dev/.rows/dev-08_r0.json	12048	d5ed7cdd64d0adf54cf730e3686729db650b1c69458216dbb10cc72f8e4c7440
reports/v11/dev/.rows/dev-08_r1.json	12151	7373da9d27be214161d5883d3b3edcbfd3455a1ac70f15f59a256ce255073e8b
reports/v11/dev/.rows/dev-08_r2.json	12153	2a1101c1cc0d72d09811c116358d642fce7d3e2ff444d407db6727212967568c
reports/v11/dev/.rows/dev-09_r0.json	6008	d1bb02ac2b91022084bf8c254c1a9fa69c20907fa54b68064c8b3f02cb542f8d
reports/v11/dev/.rows/dev-09_r1.json	6140	fc2085ad20cd7962436d6fcb0dea2fb7e8ef70b1e27576db8baebd0acfb4090f
reports/v11/dev/.rows/dev-09_r2.json	6140	11273ab800671d3329af5f7f14c15bffc7f9519b20d9d4392351d564a9f21c19
reports/v11/dev/.rows/dev-10_r0.json	12850	b7b89f0a0e9a19b03a5700550d80ff3143412633760fca21288c5476964317ae
reports/v11/dev/.rows/dev-10_r1.json	14016	ff17be637587d89c04ed41f2382c1e058ef103eb7aa628a0c7356ce72c8c6776
reports/v11/dev/.rows/dev-10_r2.json	13517	b726fccd50880de97c2e214d0a559143a475f3e3a5f6e52df37fc0ce5c1508f6
reports/v11/dev/.rows/dev-11_r0.json	6616	01f80b10b3e76bb7cba423e543bbd2f027afc8942cc27bbb976f58508341db78
reports/v11/dev/.rows/dev-11_r1.json	6440	105eaf1ac34a71a6d3dd2a99c4edc4e96e392a7a1b848246f55c95f763eb253e
reports/v11/dev/.rows/dev-11_r2.json	6470	df28a714712067e38fc17fe9bd72d2c1aa9e5c1943c8bc9b22d23ac5f745a16e
reports/v11/dev/.rows/dev-12_r0.json	11021	4c353a237c3d55e62fe5e897fcb74514692bc3931a4af2524937a5c41b49528c
reports/v11/dev/.rows/dev-12_r1.json	7877	4f805b4c240e26727567b096f864891fafa429ac7b4a06e7b2717b65802dbb09
reports/v11/dev/.rows/dev-12_r2.json	7890	c1bbb9a7cde6a4591fbba5132a434f6d66422e978664c82522eb225eb759977a
reports/v11/dev/.rows/dev-13_r0.json	6568	5c9fa340bc9c13b845b8962e4705ca89ad8c581912e4f61463820f20efb16ab1
reports/v11/dev/.rows/dev-13_r1.json	6228	41db95d5e593dce994e9e2a7c75136cbd71a1e27a02846c58cdbcf54b238e94a
reports/v11/dev/.rows/dev-13_r2.json	6594	fd73c7fd1b7853de781ddb60b987d38adfe9dda5e183277ad901fa6864494827
reports/v11/dev/.rows/dev-14_r0.json	5164	9162fac679ee0ab5404e66999c8485fbe63879f01ea6251369ec9c954f06d1dc
reports/v11/dev/.rows/dev-14_r1.json	6887	02d476be9208dc42479ce2bf3c1eb2886f76483a56e72ffe9431a9faa08d26bf
reports/v11/dev/.rows/dev-14_r2.json	5182	3f45a7eacb4862e764f3b4acd3081c83a94616e1d502dd5c42013ef08af68ee0
reports/v11/dev/.rows/dev-15_r0.json	7178	e7bf423db607bdbf99e6ad8b0701060315a9e69d9497f3d3d1badf1ef5a6a239
reports/v11/dev/.rows/dev-15_r1.json	7133	0bbf59dee4136b49511eb0cf05a2ce24b18d825cfd299512b31c609ad08d8d70
reports/v11/dev/.rows/dev-15_r2.json	7137	15b77e2f72ef1304fd371853065c8b8110829c0aa49a62fc65e69ba9b744c280
reports/v11/dev/.rows/dev-16_r0.json	2053	9ad1ed3a448e7737064062763d930a85bcb28bcc7aa2a863f687c54c3a5d7f5f
reports/v11/dev/.rows/dev-16_r1.json	2158	41a9eb4e3c59da8f24930b53a4e8f30eb988f8db6877a279d465615b37b4f85c
reports/v11/dev/.rows/dev-16_r2.json	2049	0afb8549986774959456ae9dea51ca8f14a254d1b9a0ab86b9dc2f49d0fa6661
reports/v11/dev/.rows/dev-17_r0.json	6366	302a329226489ded37aed3d68c8f1795ca58d998acaafe0b29ebb4573242ace2
reports/v11/dev/.rows/dev-17_r1.json	6517	2d532a58bbf8ed45d26600a97efa31a3c315f2d7422034d8eccf5664284868dd
reports/v11/dev/.rows/dev-17_r2.json	5100	abf91e5571917eb4596f23000ad754d1d2c520c4770ab13e9b4cbf3c0e3bd787
reports/v11/dev/.rows/dev-18_r0.json	8187	3b41c448a2e5b2d2e847bb22dd8510e6d647cc47a4e80ac709e87559d2048d18
reports/v11/dev/.rows/dev-18_r1.json	9602	7bd2ef588801d82a13b59e4ac5913e5477e7319cfa97a1d7275fb7e65f988194
reports/v11/dev/.rows/dev-18_r2.json	10626	4bb4f10e5941fae975056b5374fcb28cab1ce2a3d5b89dbdccc18afc4570d768
reports/v11/dev/.rows/dev-19_r0.json	2009	4f43770e8b852bec89727ae9d7a2b8649072eb2f8902d837fac13870ae0c7be4
reports/v11/dev/.rows/dev-19_r1.json	2154	c6525302b4db1df7dcaae84b96be165e375528312ed80ce4853cd04e124a7a20
reports/v11/dev/.rows/dev-19_r2.json	2192	9b5c974483575d87c80e60599dd71243e2d62c50754cbdfe42e093083da3ab1a
reports/v11/dev/.rows/dev-20_r0.json	3009	66c3a83e71c1ec8cb213b1890851dd6cc2716a3b0c4e414c57c2db0c90c93aa0
reports/v11/dev/.rows/dev-20_r1.json	7091	fed253d164d26ee5c69596daa85cc1852fdaf4395eac884fa10420d2e7f918b0
reports/v11/dev/.rows/dev-20_r2.json	7091	bd44c9f41fd0cfb57c35cdaf13f3fd3997445426d6cbe091a9c1c29b40fd4322
reports/v11/dev/.rows/dev-21_r0.json	4453	b5f3ad036eb236f76e1cfd7aa6e9c705e07bbf2fe32486281b1cbde6c41c8d46
reports/v11/dev/.rows/dev-21_r1.json	4929	777e5e2f7042cef8659b4b999909bff662de6c5055c763a852817d5d3dc8a22d
reports/v11/dev/.rows/dev-21_r2.json	4229	e40508f0f2525a9ac2e37f4a51c441e6f4f734d414e0648b638951634ac1504a
reports/v11/dev/.rows/dev-22_r0.json	9891	08fb213517dfebdd4398b04c66163d3a73678408afeb65ca8d820cb1f5e1cc27
reports/v11/dev/.rows/dev-22_r1.json	9890	d7948b8abfd5324e28688663f36b9a8bf9267bd85fb5e9aa735194b337d48f63
reports/v11/dev/.rows/dev-22_r2.json	9988	f446dab887d699869d4909889fc37d2ff5ccbcd9401124863b8307df6443acc5
reports/v11/dev/.rows/dev-23_r0.json	2448	6f19cfca3aa1c39c221147754d04d4ac9d29a50db04c09ded4c452a7ed3e3007
reports/v11/dev/.rows/dev-23_r1.json	2540	2e53eb7d0baf677bd04fa0f8a9c9d407666b7e2e5c2220bdab48ac4f6700f6ab
reports/v11/dev/.rows/dev-23_r2.json	1761	93b2a10caae4810089119f65e55780ae747b4d756e5c84adb7291c4299592793
reports/v11/dev/.rows/dev-24_r0.json	6776	79bef1f1cec7e9b5de809d127ca8835ec9386ea4fb1d9024ea1370a3656f7d7f
reports/v11/dev/.rows/dev-24_r1.json	6788	c51fe529eb8394dd1609ce43935496d5287ec116b1ac159f9308a3cc18789f01
reports/v11/dev/.rows/dev-24_r2.json	6716	5e0d33cfc02b91e8342a27c1ec09f3a6dfaa0046106d664d10240530bb3dc2ce
reports/v11/dev/.rows/dev-25_r0.json	18499	adf0ed6d0236194e730375c9f6cd0b38678d17d34f90f222caf55a2a4b4c4c29
reports/v11/dev/.rows/dev-25_r1.json	18098	d942ae696c7e23c6c11bda6d002fccc4633a3fb57d73e67b10c6d67dcf4e14aa
reports/v11/dev/.rows/dev-25_r2.json	19253	d0ee4a4ba2b4660483a883f127ce599597992c0cc07f3ef1aa0bc78c54b34259
reports/v11/dev/.rows/dev-26_r0.json	6038	701997b66163043f2c4f8bd58ef35b0253d5d9ad36e8e5e79b8dfa55e63ce0df
reports/v11/dev/.rows/dev-26_r1.json	3889	3a0ca15146b6701cbfa2cc808b2f67b996545c231b732b31c027365e3f0ee385
reports/v11/dev/.rows/dev-26_r2.json	2615	f9c61c3297792173477c157026d4af59dc6628cf4e3bea02a59232c74126aa1b
reports/v11/dev/.rows/dev-27_r0.json	9166	96e2f30f4cb1b399665663eee3cd12aa63dce1e03018ea763ca92f47872b202f
reports/v11/dev/.rows/dev-27_r1.json	7469	8fd3cd9e7f2f2d906e98f982eefba1e3aa30272edf6b186ee1e0358f60d525f5
reports/v11/dev/.rows/dev-27_r2.json	7356	e7ff9bb9b91590aa66168e9450dc73a7b20f365a67426c88a664ca62e1c5e81f
reports/v11/dev/.rows/dev-28_r0.json	9095	e739992ce743da47c3ead7635c39400e6668bbcc2acf8f96b00ca5a5b56b4e12
reports/v11/dev/.rows/dev-28_r1.json	14524	f18686772632bed897bb44013ff6a5c181aee4c7d9fd1a7a524e7a467ed97670
reports/v11/dev/.rows/dev-28_r2.json	7705	917e49dc984d9ffcb53555ae0c8b27ac9409f1baa7f63b987f10b5b9960f43a3
reports/v11/dev/.rows/dev-29_r0.json	7582	844ba0b2f4303c18c33fed0b1ce924914c8f570572ef765e4d43693bf8dfd8a9
reports/v11/dev/.rows/dev-29_r1.json	7580	805ce2e04761efe00f85fc258be2c42fcf4dbaddf52174c368bbac3c72a64d0f
reports/v11/dev/.rows/dev-29_r2.json	4942	16205b5497f89f26d0b6996162cbdf56f4c698ac8dd3a67a77134baf7eb65115
reports/v11/dev/.rows/dev-30_r0.json	6542	bc7bf6579f5a12560b3eb475255fed49bbf13947070d0b7639d3fdbbfefc11f4
reports/v11/dev/.rows/dev-30_r1.json	6540	b32668de9d81f762bf6c37afffe43b9cfe7414c5f1645fd14989b912a2497506
reports/v11/dev/.rows/dev-30_r2.json	6542	e60a0a2809fad6ef069254deed19ab05171eaedabe81d40b9cab931792eff2c7
reports/v11/dev/.rows/dev-31_r0.json	4253	812f30bb9ff5a02db006dba275670a25d26e9ca3293d493d7cb39f4d34c31dc6
reports/v11/dev/.rows/dev-31_r1.json	4243	aa4e9289af08ca7e1788f54ff527f376f1892975a4737924e78f649cef94fcc6
reports/v11/dev/.rows/dev-31_r2.json	4290	7bb4285463339236cc666c30ebdbfc01c080f78a1f33d24a32448eba3074176d
reports/v11/dev/.rows/dev-32_r0.json	4665	16ef6cd5de617cc163ec9a55979cd0d7bb9f7e55abe7907a4364853938a73188
reports/v11/dev/.rows/dev-32_r1.json	4665	6c5acff73b806d76053102247a63abcf4f86786a696b85aad5b575fddb5bb2ed
reports/v11/dev/.rows/dev-32_r2.json	4665	0c7856f1204353b226f09112f3a2cbaa53484a999b0f684f19878a979b41f450
reports/v11/dev/.rows/dev-33_r0.json	4462	a95f4065a91ddb645a7df8c3418537ea128e38217e1ef3654bef9a0f98576540
reports/v11/dev/.rows/dev-33_r1.json	4466	872391c51d736b8ceedac8077e93532ca9da06d18d54a0ae0de4913e637f9b78
reports/v11/dev/.rows/dev-33_r2.json	4244	d5326e6bfc887918b597ab920a6bbb24cb5eadb0c8ab31089812cc11555f200e
reports/v11/dev/.rows/dev-34_r0.json	4887	b427e77fefee5cdf12fc178e0ef727291f2ef3ae19c32b9786687db46cb93142
reports/v11/dev/.rows/dev-34_r1.json	4868	8259b1954f79ef9aa84a48272327424daf26f8627452ff843bded165a1540529
reports/v11/dev/.rows/dev-34_r2.json	4847	879a67623fddb222a045c3082d72ae530601ed74ea1a6daec6eaf858ee8f401e
reports/v11/dev/.rows/dev-35_r0.json	4285	6dc3d814b9e706ba84c1a4f86cfe05c5ebdcbdcb9742003a9e56f3fb212ed4f8
reports/v11/dev/.rows/dev-35_r1.json	4285	288eab971a64f2568188226b846a237eedee7d09a840839121f5113f1efbf24c
reports/v11/dev/.rows/dev-35_r2.json	4257	f1a0ea63b81bbcab25a9fba494eea88d6253f2c9cad508fc510179a9ef71c4e7
reports/v11/dev/evaluation_identity.json	96	ebabc8a4bd117565f93e4fe9d88e0d2f1536e55b3d00285e1a4d4868012285ca
reports/v11/dev/harness.json	85272	bc62e4c7644b62442a2bcdb47c7bf694240ac9c5b3b7b70490ddf367e2eb3cd0
reports/v11/dev/harness.md	5051	012f399a22293fdadac89a5d9af179a3c61364566ec2e582f28fa6594903ae72
reports/v11/dev/trace_dev-01_r0.json	4569	13b99eab2b7c2faa94923328b59bcb5a22fdc8dfa7eebba8fda56232e26a18be
reports/v11/dev/trace_dev-01_r1.json	4593	38a099fbc8c62bbf403ccc2f890dd58fbe82d904cdcead288a965007dd70499c
reports/v11/dev/trace_dev-01_r2.json	4566	3eab37f8a024bd7ed88c063cecc330ba4ad583959a2b263847ad0442519a51d5
reports/v11/dev/trace_dev-02_r0.json	4540	e566bf176b8c136f24620db68f216f7afd039548e656ebbd71ee62d85571086b
reports/v11/dev/trace_dev-02_r1.json	4448	606d10c9de0b0f25f8287d6a1851219d2c5431e554b7c0b0abc666ab69fd843b
reports/v11/dev/trace_dev-02_r2.json	4470	c48de8f8ccb1addc5fd0cb1dedef6356b6b8f10dfa75c3b730e4ffd79ed1126e
reports/v11/dev/trace_dev-03_r0.json	4279	fcd8676f448d521c17ce183530d1f44ff1925ceeaceced5af809805726831e0a
reports/v11/dev/trace_dev-03_r1.json	4337	2f379d21b5bcc212c9542f4b6fe798eb644c5a9e109a58adc8aea327cb050ac4
reports/v11/dev/trace_dev-03_r2.json	4282	f6970e6695810c3b9b498338005d50f71d379e0331157f152dd14fbcee36a7ab
reports/v11/dev/trace_dev-04_r0.json	4371	7041053b1c03e37d1ba52be33ad832e8416957791e7e0a1e6c0f1af08db52425
reports/v11/dev/trace_dev-04_r1.json	4430	1c5d962afe756171afe1ec3664eed0cc93a247ed8ce33a9d05fa53b2b784604d
reports/v11/dev/trace_dev-04_r2.json	4430	efe09f26e8c85987847859871568efa850b207b11874507e5cda53b0db9704b7
reports/v11/dev/trace_dev-05_r0.json	4744	a801006a64b4ea849c4ae08b400d4636137e6e5f6188fcad1c0972d90addb264
reports/v11/dev/trace_dev-05_r1.json	4757	4698ac12c27b1b9991b848db4905fbbfd5caa136ef3db7580b19df0f8c8fdcec
reports/v11/dev/trace_dev-05_r2.json	5185	972b827c6c42ff9c9a605e70e90d8d9b66e08b9ee3f95a8de8ab2f705249406d
reports/v11/dev/trace_dev-06_r0.json	7402	efa12962e46c09cf130c6b2c820ac926526287a7ca54c64e270d59c7b7c5fbd0
reports/v11/dev/trace_dev-06_r1.json	7500	d1512a4e8a835dc82a56e464dd8ec4f8b9767265f07f4476cef814318b72f8f2
reports/v11/dev/trace_dev-06_r2.json	7484	4b8f14be08876eda2ace6c9d242b6a2c101e81b01f4d456d3526f85b40d7b9e3
reports/v11/dev/trace_dev-07_r0.json	4257	c0e33b72b6154722b888b03837e9333dbc254231212a7d93f2a1c835922c6cce
reports/v11/dev/trace_dev-07_r1.json	4258	d76d94dbbd6fce23f01003077e94b81f05c68d813972ca1c79a27e165b323318
reports/v11/dev/trace_dev-07_r2.json	8816	68a682524ef06d92dec899f7eb4834261fa9a542e3274a20b5f24cfaaac0cea3
reports/v11/dev/trace_dev-08_r0.json	12949	0936b5d803887d2ccb52386dd8aa81d053b97d91feb8c40e18ade0f139dbe246
reports/v11/dev/trace_dev-08_r1.json	12991	c858f016e14b3ab9df5e734088abe601794016354abf73a217d93cd710806122
reports/v11/dev/trace_dev-08_r2.json	12992	af9c465d6537287e22bd8984a5d3c048616a7e64061975fce07c24dd80ea22cb
reports/v11/dev/trace_dev-09_r0.json	6082	68f76d4379ac4a6abc692990e9c3e446dc3cf64b83a6c6023ef092bec924db35
reports/v11/dev/trace_dev-09_r1.json	6202	00471de29d969074a441c886e718c4ab20f05eb653cecf8023ed78d944da9f4e
reports/v11/dev/trace_dev-09_r2.json	6202	2cd909139baf3a43e5c4a8593e397602bc2b4b28d96a4e3e4df1293ad37d2d14
reports/v11/dev/trace_dev-10_r0.json	13668	0ee2cc9ffeffea2987d3453b5c58f9eded0daacd20defbcc2bc5eb8fd842b9cc
reports/v11/dev/trace_dev-10_r1.json	14835	c35616bf565d389c628f5376f39fd74bf19f180f6ea87862ca95d00383b725fe
reports/v11/dev/trace_dev-10_r2.json	13466	300f6642465d751504b2130e4545d735893d7498aaf48841f6aa7498ed04bec6
reports/v11/dev/trace_dev-11_r0.json	6593	141bb826451514485a6ad1ea2429fb92057e0abd218752a0a6cd42c4610dc31c
reports/v11/dev/trace_dev-11_r1.json	6417	3ca2bf017126ee36eea057baf8a593680c852890d8f34b9d1cc66d0167395556
reports/v11/dev/trace_dev-11_r2.json	6436	b10490a98413d9521719bda3bfa35f1861a562234905ffd08e505a75d927d6a9
reports/v11/dev/trace_dev-12_r0.json	11345	ed8d78237d3d44dfd3ef5cdc0105ffb825b6a14c71d94f8db6992495fe8dfd7f
reports/v11/dev/trace_dev-12_r1.json	7755	dd86bb5d019f151a0b027175154c59eaf9c58a65e79a121772789a5ea4556a9b
reports/v11/dev/trace_dev-12_r2.json	7766	374924fbd75200f034c1c98882297de043fed520c3682f5372fa841cd8798ad9
reports/v11/dev/trace_dev-13_r0.json	6528	be5a3aad5706f0de6dc9f380d7443efacaa1842f62abfac038ae7bc3395ae16c
reports/v11/dev/trace_dev-13_r1.json	6289	36c5c6c17aa9ae16f03e827ebba983599cf3f5b62fef21d167e0c0b9ee2d32e6
reports/v11/dev/trace_dev-13_r2.json	6546	11eb0161b771026eae6b0fac00fca6be6f9f0f2e49c2bf4281deb354f0c89d59
reports/v11/dev/trace_dev-14_r0.json	4966	763be8c5137a979aa40dd4dc54bf732b48138ce6b38726f42cca3b7f76b20c29
reports/v11/dev/trace_dev-14_r1.json	6799	d56e332b198d80eb8ca9219a1a02a43a896e04f88ac19e5c735c8b553efe99ca
reports/v11/dev/trace_dev-14_r2.json	4974	136376a7da24abe6f77054850775d93620c8daae0f9f81a0649bc6d9b75a5148
reports/v11/dev/trace_dev-15_r0.json	7005	f4dd41da3045dbd1a7259b728860bda5642c063f91a859c9b9d22ec399ca79bd
reports/v11/dev/trace_dev-15_r1.json	6975	52b04b65b89f9f6be6d28c504d3df3d4804ead7f5acf179a4cec1deb0861b232
reports/v11/dev/trace_dev-15_r2.json	6982	b74996a2aaf79be489ba96f20b6d8d1f5e9fdddbdee341856ff81b6fc4cdde4c
reports/v11/dev/trace_dev-16_r0.json	1771	ab73cb992684cf1fb90a47c4999e4d8e72c6644a50510c1ccdbfd1528976a9b3
reports/v11/dev/trace_dev-16_r1.json	1864	2894fd51c9d6828a4378f79aa00b0212765e8e7ea3f886d9060bd1b108bf6d09
reports/v11/dev/trace_dev-16_r2.json	1769	e178999745a4cdeffb64fb010402d53bfbe4010466a443df1229d79e0f66b0c8
reports/v11/dev/trace_dev-17_r0.json	6727	90e83e22e6906b3f9b90dd051ea326759257fb7401e917e218919bc78811e20a
reports/v11/dev/trace_dev-17_r1.json	6848	20f8e829eb8945f741b128b99a1d58d637b90050054cfd08331498878d439c01
reports/v11/dev/trace_dev-17_r2.json	5283	1b2fd0e369e08deffdde439e3242f0587574c88fff9c2382667b4d7555cde54f
reports/v11/dev/trace_dev-18_r0.json	9144	362117f9cf1c742ea725d87abdba3849a64218b8acb1bd41da22c30226d41b71
reports/v11/dev/trace_dev-18_r1.json	10707	0c4fb856ec9b5f0312e0255518ba15c3210d5d3b4c6d88d7529ee1b5e9da3189
reports/v11/dev/trace_dev-18_r2.json	11896	adde94b5998c26acc6a268d8a4b6cde0a707257d40c0969ccae2a3d5000e7578
reports/v11/dev/trace_dev-19_r0.json	1745	bbab4577bdf58e1a599a615addc3b861de6380828c2842ec004cee249e3062a8
reports/v11/dev/trace_dev-19_r1.json	1842	eca4b43d7215a7e923c35b467e3c1e274af4b362d2adfc92917ab7048fa0ce27
reports/v11/dev/trace_dev-19_r2.json	1867	b5ed854d41c8a30f760bd162037b2cf7c7458fcec15e5c37610ebd6c125bbc39
reports/v11/dev/trace_dev-20_r0.json	2595	9da08b0210c9be01fe8d733d0888f2d0b7b3b1af4425dc7095bb83087462824c
reports/v11/dev/trace_dev-20_r1.json	7679	90b4267f6006c4cebcc1a4953019357c2531ce2f1958e2772eecee8ebbbe1aa8
reports/v11/dev/trace_dev-20_r2.json	7679	9236db4b437e1e6c0c6fdb1a7870e245b35df424a2599d24a006a506cf1e2ec3
reports/v11/dev/trace_dev-21_r0.json	4450	23737d2794e85d0dbbda5473e53348b185b09de66c30110763928e5cfc957196
reports/v11/dev/trace_dev-21_r1.json	5588	8c34129a27443ecc5b74c2e88db15aeb565e08ac27e21c498eddeecbf3428a21
reports/v11/dev/trace_dev-21_r2.json	4838	dd0b726f2c007f6e714a4ca7f9424423e1d79917e10fd805009ba62d115a7131
reports/v11/dev/trace_dev-22_r0.json	10670	bd6a9ccb77cad259239f97f5b773fb608d5bd46b10ff93c8994f1b592abb09a4
reports/v11/dev/trace_dev-22_r1.json	10669	60ef18286571dc075eeed3d20e09fd73b98b1eebc4a76642fa3dfb1f484f5564
reports/v11/dev/trace_dev-22_r2.json	10767	4b276a97263e0c626602c3bb408b8eb20a8d3cfe6ce439a5487ea4a731267eed
reports/v11/dev/trace_dev-23_r0.json	2113	bd2cd64033c94e5a6ca864ffadfceb36460f072400fb790b00e19b1bc46da097
reports/v11/dev/trace_dev-23_r1.json	2185	309f31d3e89bc31a0c89e06e786a9eca787b1d4d2d5674aaae8bdf7b196ff7a9
reports/v11/dev/trace_dev-23_r2.json	1466	ab3b76ad2266cf2875180718f4ba402c50ba18c79b793f876ad4141abc61e05f
reports/v11/dev/trace_dev-24_r0.json	6706	bc8ba6ce6036b382f8385aab91331c2d74e5cf17caec4f0d3f146c1056fb8f2b
reports/v11/dev/trace_dev-24_r1.json	6721	e2e2c636b0570dbff27674f08649262f351bfe261c061617f96f15dabb5ee373
reports/v11/dev/trace_dev-24_r2.json	6665	32f3637255a866f04dfe256bcc13618ce8900313523a57ed98ebd1172d357da7
reports/v11/dev/trace_dev-25_r0.json	19099	4eeedc23431054b7e9f016f89833af3b2be54ef02b0bb7903ffacba09841b8e4
reports/v11/dev/trace_dev-25_r1.json	18698	732047de541bf59703f3d4ee0aad44b79010440f9a635756652a7bff890151a2
reports/v11/dev/trace_dev-25_r2.json	19853	8e199913c6d691c26990d4cc16ed3ab1ecff006bbdeef58a712b8f18313ea4b9
reports/v11/dev/trace_dev-26_r0.json	6638	0452be4294085c9c9cec2c7bca89d03e3c2193048e9f94b723a0c6ff25cd9341
reports/v11/dev/trace_dev-26_r1.json	4454	610fad5d6694c0cb4c7dafba067083ddbc686594d445041ac56d6950243bb2ed
reports/v11/dev/trace_dev-26_r2.json	2524	fb0dfdf0e918f2bc570cd5d4b7398dec7ec587a5e8ffa9c735217813a3468eac
reports/v11/dev/trace_dev-27_r0.json	9316	db126f10bf3ed681f866188f6d09f42bd5251be7dbb77d5c568b7c40f4967182
reports/v11/dev/trace_dev-27_r1.json	7641	f1451e2acd32f3008116f83ad4f9d3cecd089c2e4aca5c15976a923df34e2bd2
reports/v11/dev/trace_dev-27_r2.json	7679	acd8baf343e5eaa4c597c35baee2f423e884d30f45812f56907d4bb0ac628a3a
reports/v11/dev/trace_dev-28_r0.json	8810	719606035261b9c707e65819e6f03504d47e08c61b2464eae3effb33c34279cb
reports/v11/dev/trace_dev-28_r1.json	15239	0e09639389a4440ce72aaa5a7c8d87732fe2578abb5b2b9c872b78e7dd183826
reports/v11/dev/trace_dev-28_r2.json	8419	fc415fb9c0765dfadc45dff6647b9f41f0f6b886a67124cf12a6f4f2f699fb2d
reports/v11/dev/trace_dev-29_r0.json	7934	459e80a8323cfb68dfeafd491b04458d02a2a2122096513453ca873b658d0401
reports/v11/dev/trace_dev-29_r1.json	7933	7717260bdd15b2524bd77d2a8ae91ee2b255d59f7985e7017f61a3b098f1a330
reports/v11/dev/trace_dev-29_r2.json	4532	42f37ab805ee5e3f06afb04c004e7719739121a42c3b358c1789dbd35d8feb6f
reports/v11/dev/trace_dev-30_r0.json	6589	45f40e8d70e4c0415269e7568454673cd1331b4caa3f3275517885bee8a63db1
reports/v11/dev/trace_dev-30_r1.json	6588	95b63f8fe80d869bca2829534f76bc1682fe4352d97ec4a22c8ab71d06d4eb2d
reports/v11/dev/trace_dev-30_r2.json	6589	8b9dc178bca3a81d0dcd9aefb98064eb26ddf734c186d0c879c58c61df14230c
reports/v11/dev/trace_dev-31_r0.json	4865	0b89e9d18fe815e6afa4a4bb9cf8a5d384bcbeaaad467ef0b1cba7bce9db688c
reports/v11/dev/trace_dev-31_r1.json	4856	70d585539c7fefee14f1dc8b0ccdad97b5eeb4c9ea817fb70efbcb1101dcefac
reports/v11/dev/trace_dev-31_r2.json	4902	480115cfe1d9ac7ea7f11ff56bb8d7b9597ba619c3584c4059ef741e79e1005d
reports/v11/dev/trace_dev-32_r0.json	5263	c72b107f489ac15168cb0623eb799c9fa0bcabd052f3081071f03bb0543f4ff1
reports/v11/dev/trace_dev-32_r1.json	5263	893313700725050732ee81d545ad1778ea8786918ac28ac346fea1bbea3e7847
reports/v11/dev/trace_dev-32_r2.json	5263	39cb7b3b29314dd81c31fc419b380a5e3b3dd40b2bf811fe591f153b5eab808d
reports/v11/dev/trace_dev-33_r0.json	5065	721fadceac68454a22a4b9b1bf3c3ec24c5e1f1f4b710da6ce9b2bc340d778bc
reports/v11/dev/trace_dev-33_r1.json	5069	32446bf6f468fdee733939ed1c4d0ca84ccb82ec044c273c232d2aaa5c902eb4
reports/v11/dev/trace_dev-33_r2.json	4846	2264cc9757999c4e2f0b81062a5eac512a0f69bdf9f7c686538939dfae8ea8b6
reports/v11/dev/trace_dev-34_r0.json	5483	865e477b04d28663db884fcb705fbf5c1e7c9a30c20ea4dbd7733ccf01b86bb3
reports/v11/dev/trace_dev-34_r1.json	5464	46e79d8f914c1a0ed8fb90a1bb7058a67e0ddabe8d478dc174803975d64741e5
reports/v11/dev/trace_dev-34_r2.json	5443	6eee860a831f7957ccae5366507004a11577706ccd987a6aabf8ae2264bb84d3
reports/v11/dev/trace_dev-35_r0.json	4889	2819c3670f58fd2818d21289278f907b93621a5178cfc6d71bfb6cca3879102f
reports/v11/dev/trace_dev-35_r1.json	4889	a93f2c43298a42672d96e4083bf3cf5991bccc38db5b39d18c72d46093cc6d6d
reports/v11/dev/trace_dev-35_r2.json	4861	e604967edd01af29bd51c340ae6ff9f11cdc7de691820d43f4ed6512379e94c1
reports/v11/evidently_ground_truth.html	3655674	b0669c194173f46abc4a21a1df9aab1c91a40d451dbddee632fdde728b4956b2
reports/v11/evidently_ground_truth.json	1324	5936946a8f372e5ebb84bf24923613d0a8a667568d36b79ab2b439e0693649d7
reports/v11/evidently_judge.html	3656757	e9c0da42e2fcec962300b6c365dacc12f28a50d605dbb70b542142d581815de7
reports/v11/evidently_judge.json	2641	0d3d4478e4e7c0077c8ab25f334cb2e68853e89c8993402b63956776a74859a3
reports/v11/gate.json	371	28552877f64421172b3dc76d29a28e8567892466966c8050bca88cc617bcb2c7
reports/v11/golden/.rows/gold-01_r0.json	5020	97b4d08e8434d1cf5b9f18018a42466bb81236c311ead5340d06ca51b95c4c4b
reports/v11/golden/.rows/gold-01_r1.json	5020	7540d81f5d7dccb60e0e4da78566c6a9bb8304dd507825d7837ef7132b6a8401
reports/v11/golden/.rows/gold-01_r2.json	5020	b87f825914dffab9f77289817aa01c5bc75c367399bcb6e9326efda09fc95d52
reports/v11/golden/.rows/gold-02_r0.json	4675	206bfe0bbf50b616860b62af7d9036f3102eaa14a89c7c0b22cb0f253b24adca
reports/v11/golden/.rows/gold-02_r1.json	4650	c7a05a8932ae32bafddf1a508a70459c69a464d441c9775afbfedf3c5ccd1337
reports/v11/golden/.rows/gold-02_r2.json	4675	7d84664ffb13fd02e4609e62f5991e59c5cad5d39fd03fb505617efbed6484df
reports/v11/golden/.rows/gold-03_r0.json	5352	d9533dfe53a7add3b8fe661451bb3078c621c5a239a75f5f1547c0ad7c9100d8
reports/v11/golden/.rows/gold-03_r1.json	5752	ac697016aad2e3efc933e21da1c84b9dba70ed1c44a67c6899e94c5b1c86d36b
reports/v11/golden/.rows/gold-03_r2.json	5349	4fe4a663d6df119f5ca58f51bf1188e102ef401b5797012fbfc538114e916df9
reports/v11/golden/.rows/gold-04_r0.json	8288	1601403ceebbb9d4956db3b672a138e055d5e07d094c0c4334b43aefd6936256
reports/v11/golden/.rows/gold-04_r1.json	8335	956e09a074365e201fc5286c8542bd4693e86ea07d8cdcb131e0a0bff9dfc34d
reports/v11/golden/.rows/gold-04_r2.json	8339	ceaddc98f32061af681e38db5ad2b1a4a3105c4932e4413eac7cba4e02a944a0
reports/v11/golden/.rows/gold-05_r0.json	5517	e1c62536d319468f4b4facd72b45359d11750df79c77b81421e053ef14e3808c
reports/v11/golden/.rows/gold-05_r1.json	5507	c3ec38950fc883e5a04b3e637fbc0b3c2aa73db281f331f1a075c15addd560a9
reports/v11/golden/.rows/gold-05_r2.json	5491	7fe65063dfb337a2437d48e435d77788f27ea16eb2aadc46989e0f6e993f3bce
reports/v11/golden/.rows/gold-06_r0.json	6960	39ec32532ae2e813b1477b28b5d364e3cbf78618e82f79a965508fd6377745bb
reports/v11/golden/.rows/gold-06_r1.json	6972	fb8dcf6838477a1afbc93190380ae306de2508af600e21aedfafd3c5e2c9aa21
reports/v11/golden/.rows/gold-06_r2.json	6873	6ca2d6d278d4b39a2bbc6b252cc3e03673f1e7d5d22cd865b51f6d6629ee3926
reports/v11/golden/.rows/gold-07_r0.json	6344	cfb64060d77a96e11fa484608f3c8d3c48c7797b7c1fc794db9433c15bbffebb
reports/v11/golden/.rows/gold-07_r1.json	6524	def1a2bc121ce3a227d3ca7434f7ea17302199440216816adeb7e8854742fbca
reports/v11/golden/.rows/gold-07_r2.json	6456	8a4103a17796bef575b14c013a148be0b9dbd661c3f0933a46042bd4b3ba7064
reports/v11/golden/.rows/gold-08_r0.json	7314	cc413748e3a13721abd4f6eb59feb62b63b92ff4388a78e19fc5cd283938718d
reports/v11/golden/.rows/gold-08_r1.json	7314	0b54a327ffb5855493427febbd723e7d925f54fd796a3b327fb955df3aa891b9
reports/v11/golden/.rows/gold-08_r2.json	7321	35107d90a2fabcfb87157f92cf63d50fc67efa930634eade66f540312683dc9a
reports/v11/golden/.rows/gold-09_r0.json	6650	6a9251a5e89cb8f2331248f8a53350bd6431b70b067254aabc45ee399771cea0
reports/v11/golden/.rows/gold-09_r1.json	7001	92f5057df3dcca318850868e791c73cbd1cf968a5e12bd58c892071d8ff52887
reports/v11/golden/.rows/gold-09_r2.json	6960	d23139a87de9620a80ef305903819b31410752523bbaab59f9b12fadd30ebcd0
reports/v11/golden/.rows/gold-10_r0.json	8165	cf0e96db91a3872492e44ef897c4c317a549cc757bbfc8db4919fd2fd5e8be32
reports/v11/golden/.rows/gold-10_r1.json	8181	2462a4ea8d090959fd10f393f1281745b5793f48e6bfe69fe187f5babc04925a
reports/v11/golden/.rows/gold-10_r2.json	8171	03f7bcf194c7d243aee1cb1af7b093d75b9544bc9da3c1102980f62c38f478dc
reports/v11/golden/.rows/gold-11_r0.json	10527	2ec2a8b493fbcd485f0aee41e01ba63431a5c1c6ca88a691f22ea39fb90290ce
reports/v11/golden/.rows/gold-11_r1.json	9192	67afae9970b4fb0a667b529ee300e74bcbbdbcf7f5da25da5e3c2a757eeea1fc
reports/v11/golden/.rows/gold-11_r2.json	10464	d3abaaa4fdf77efe77bb5fe35bf097a768864f713e8c48e0df9708b41fd44ca9
reports/v11/golden/.rows/gold-12_r0.json	8767	5b2cff63644035a981191053fd07ed9735f0d422fd24fa736bc6b9221fc9280c
reports/v11/golden/.rows/gold-12_r1.json	10602	65a90f29fb760353fa7f6f83e66df0b74c87f6948f418bda7cafd110e9e01a57
reports/v11/golden/.rows/gold-12_r2.json	10738	0f492ce6dc6c28e08e8f643e8fff996e57dcf1849d848d8b2582a396aded396a
reports/v11/golden/.rows/gold-13_r0.json	6837	29cc21f0573aa6cc44c163f544ff4054d50f5c0436bc91c5dd4fec2ed7968f74
reports/v11/golden/.rows/gold-13_r1.json	2520	0662ceb150ab5b740b0b6bc331717b9b8d1033394ab1ffbe7771c9eae3900e78
reports/v11/golden/.rows/gold-13_r2.json	2408	9f9c5068dd66775b62244cb5c43bdedeaae3f608fd741e1df06f0eed61529a63
reports/v11/golden/.rows/gold-14_r0.json	6922	efc98b873f1d9d9531188a19a20b89240c582f7735e185ea83ad3700f7e5f8ef
reports/v11/golden/.rows/gold-14_r1.json	4394	58fabb0080ddc72bd17ceef7d21659aeed1ebc6bfd7fd218f83817f217140f55
reports/v11/golden/.rows/gold-14_r2.json	8902	583aa3eca81185a75f0abb112254ee2bd5dcec6ff1ff29d27465e21c39cba346
reports/v11/golden/.rows/gold-15_r0.json	11435	8c3cb027de5d3769f7470dbc004e863eddf39a6a8bf46ccc4ebb47c9cfb02935
reports/v11/golden/.rows/gold-15_r1.json	11115	ecf9a1b5caaa331326a13dd01ec1d38d4e56103059a02d1ad33a1ac688e8e943
reports/v11/golden/.rows/gold-15_r2.json	10796	64b6605d6990d015489311899f6d8be351800e0db7714e28aec4f016ddfdd887
reports/v11/golden/.rows/gold-16_r0.json	4352	9e671e78eead94465c7a03d7ccb80031075afc0bac09df7d7d7c95170b2c5247
reports/v11/golden/.rows/gold-16_r1.json	4352	33eaaea9945d4a37e5428ab6484765a76f260ca435c32e4445b7d826ba65a2a0
reports/v11/golden/.rows/gold-16_r2.json	4366	ba2c950b06a74ca8e8f63b097c56252c174534c3d56a096908315655ed0fd2c7
reports/v11/golden/.rows/gold-17_r0.json	8877	f77291115ea4c8fd8edd747ee6d9140749a029124dce922aff2fc8c4ec8b6df4
reports/v11/golden/.rows/gold-17_r1.json	4798	e72b948e46f2d0dc983b83d0bc4876e4d5fad50a9e4bb63beff5ea95291ccc00
reports/v11/golden/.rows/gold-17_r2.json	4796	594d9e2a547bd32d113d690587a7d5cb1c59af4f1245dac4995407593e276456
reports/v11/golden/.rows/gold-18_r0.json	4663	3e43a6b7d9e538ac8596468a7d9b788dd2578ae49701958f5e8f52927d3720c2
reports/v11/golden/.rows/gold-18_r1.json	4922	95fdf0b07c0a67fc7d938861e0ab56bf41b2f81a1dda380515b966fb7ad3de7b
reports/v11/golden/.rows/gold-18_r2.json	4922	adaf9feb2a03cbca83deddb82d7e572082b9f63c1ae18cbe1bc6c3be66139ac2
reports/v11/golden/evaluation_identity.json	96	7c621b7a86aaac233c823257e80c27d978b0e98f03e52b8924f6d012d444a9a5
reports/v11/golden/harness.json	47469	96b2e67ebc96463e90b155c78eff121fb66043a5eca912cc1ead0ad38a2459ba
reports/v11/golden/harness.md	2839	4bce2daf68f3b5c6350362a46f51d575d3bcea01f44e1f7c23fef937bda3fd32
reports/v11/golden/trace_gold-01_r0.json	4885	59237dae58a324e49b71524a936a3e002d20c46d21aaf454d7d95d80fd6358cb
reports/v11/golden/trace_gold-01_r1.json	4885	1ec63b9e1fea8e222c0fbe963e3fd8529801735ac2c82dac0ec75c2eb64d05a6
reports/v11/golden/trace_gold-01_r2.json	4885	ba21ced2d374593aef6f96d4b6b3391a273f1ecd0fce3c26d26d24c52b9f189f
reports/v11/golden/trace_gold-02_r0.json	4616	f22693d4bd2990fb49e0a4dfd0bca07a17c856899e3b2b729746d465d2f7bfac
reports/v11/golden/trace_gold-02_r1.json	4591	ff932f3f43b643527c48f3a08ae20f6b6c29abbc3c427349187ebb39df621988
reports/v11/golden/trace_gold-02_r2.json	4616	c1fb4db21a3c2c5f6c435edf75e7370426d36d34e10f0e878d438d75d1a0a056
reports/v11/golden/trace_gold-03_r0.json	5529	4ed78d67c19b2e316fad58b16a19209372d040a4b31ef7321281388a0409babc
reports/v11/golden/trace_gold-03_r1.json	6011	a4fc733c2d39677c4e89e4b93f24519bbc9bca7e0ba65870137c434155a5284a
reports/v11/golden/trace_gold-03_r2.json	5526	cb39b5267580c8f9355c216c6218b30e058f6227894f8a9fdb397d1d679d7423
reports/v11/golden/trace_gold-04_r0.json	7790	4913d734d51326663e31ef3bf78558e3e9a3814a543302d2fbd9cfa496ec353d
reports/v11/golden/trace_gold-04_r1.json	7830	dead420e12b4c4e07905e2943673978abd9bb62b6168052bb746ce26ab2216be
reports/v11/golden/trace_gold-04_r2.json	7834	30e9d1be44ddfafb9004b0bd0cf259bf2aa871e7d858a80d75ff1bd0346c3ad6
reports/v11/golden/trace_gold-05_r0.json	5635	eea99f66bbb1da7168430889426da79aae6e3acf9ef714634a28741fc41f179c
reports/v11/golden/trace_gold-05_r1.json	5627	a207184b0fef07dbd4d6ee6653bacae60d96f167994dc2827a20d76002e8df45
reports/v11/golden/trace_gold-05_r2.json	5611	ac3ebc5bc1f44ccc3c12898a3168dcc7f1306157140baea253be6017231ee42d
reports/v11/golden/trace_gold-06_r0.json	7027	26dab20ff63cfa0961dfcd3faae54a6c13728f2972b010c42dfba47dcf3bcc1b
reports/v11/golden/trace_gold-06_r1.json	7042	093dfe327ad9aeb4cf94e05397ec9fde7e5cd49b9e92a6c38372bd72fcb7ad2c
reports/v11/golden/trace_gold-06_r2.json	6969	6477048c3520e4ce22c81ce03b2d4d80547b1f6e456ef10775be6a3706d327f0
reports/v11/golden/trace_gold-07_r0.json	6290	36b3fc0f1d95be17c7ed16dd704c6a4d0ee7980e3fcd6c143367d449fbd0d0e1
reports/v11/golden/trace_gold-07_r1.json	6428	5346a717fcb2de660c55238f49f0a974a970b72ef8e77eed893753ce1906b682
reports/v11/golden/trace_gold-07_r2.json	6382	a874d76ba633c60692993c12ef63920c3c61062c46af4ee1475fe9261acefd44
reports/v11/golden/trace_gold-08_r0.json	7166	2174f86bab494013b4219348a0bd2e800ed2e978d127561869d00c0c89c41586
reports/v11/golden/trace_gold-08_r1.json	7166	b220f136a6d05ee080a02d000ebb8d5dbac9d53cb2753b32e12adcd9fd4e08fd
reports/v11/golden/trace_gold-08_r2.json	7176	37c6d223df8ad8614acd6b86c9ba2c9a1a0df0abf64cb2f3e7ee07698bebcf84
reports/v11/golden/trace_gold-09_r0.json	6543	d27edb617766dc65bc43b73e37ce7f1308c76d3eb7ca2b9038e274c65efc3772
reports/v11/golden/trace_gold-09_r1.json	6794	9278e58cf7fe34f13763488a68befd0cd934cc56b88d93939e0e922c48317172
reports/v11/golden/trace_gold-09_r2.json	6767	97e85ddef694c5a58076a6409362518fba40661bac6a7409e437e98b029ae76e
reports/v11/golden/trace_gold-10_r0.json	9144	a92881958b44fac71c71abef19251e73c182d84764da7650169dbad36a0623da
reports/v11/golden/trace_gold-10_r1.json	9160	bcaf81cb26306f303ce341977f11f0a340955c5f7fdf0fe33cd8248c83830bcf
reports/v11/golden/trace_gold-10_r2.json	9150	dd27ec04d992c735ccc90794d827212049e0c0a217c5218beea1fb2279fabddb
reports/v11/golden/trace_gold-11_r0.json	10890	d5425825faaf6c4606e682c4419592c0c8381bb5e817cdc322c6d518b4edee9b
reports/v11/golden/trace_gold-11_r1.json	9665	cb6d3822876f210286f526351ba6084a98d1f6286fd431dde8d9069c10013365
reports/v11/golden/trace_gold-11_r2.json	10669	569197db90f5dda5fce9be17ebec8ff2d6554144124959630f55c518f9f930e4
reports/v11/golden/trace_gold-12_r0.json	8923	a92b9bdf6923dc373c410466891f7fa08a696214807104b0e8a553b9913ad686
reports/v11/golden/trace_gold-12_r1.json	10624	2c088bb7206c20845611d58a5990afa43b8c6a88998ba14d1d9d2e213c0c2d54
reports/v11/golden/trace_gold-12_r2.json	11146	ee9195184998007e600bd7106282af964a524e2fb3c994d0f348967390b50cc0
reports/v11/golden/trace_gold-13_r0.json	7415	cc0751018ffca8ae996ec6844c92cddbf5c7eaa820df825c697fa198b0fce09b
reports/v11/golden/trace_gold-13_r1.json	2142	c5db903a7a41f534cd907d672f15396d818614f11d39ea60a5f086830b876efb
reports/v11/golden/trace_gold-13_r2.json	2072	bc11a67b9cd470055ae07f1b4243313ecfd62be7f2d0f7036f9e87a498bbafe8
reports/v11/golden/trace_gold-14_r0.json	7193	844f2957c1237202432bca242298e91c2c32f0f4fbad65f931b54d784231a6bf
reports/v11/golden/trace_gold-14_r1.json	4276	a37c843c8e36b1abbd7a91fc810d0b9b38dea1df6a1e2efbc19ef217a8841093
reports/v11/golden/trace_gold-14_r2.json	9690	50871d61ae04147033edcb01c1be3bcd693d98a93a0ecbc46902fa9cce8a770d
reports/v11/golden/trace_gold-15_r0.json	12754	dca6249ed523860d57009b07abbaf1ba029c0fa3c111fd1b004b23b573a2aece
reports/v11/golden/trace_gold-15_r1.json	12117	1a2904fcf5058d9f502e0204cb6ab02c49bfb505685d6a8136b459720303ef00
reports/v11/golden/trace_gold-15_r2.json	11638	2ef6559c06970494a2e793a848d3771a0927151511ce78ea395bcc1240411a54
reports/v11/golden/trace_gold-16_r0.json	4933	10699fd7992ef7431c0ad6eadbb33089c592b3fa01bde05232b5f3b7c83fad3a
reports/v11/golden/trace_gold-16_r1.json	4933	3768b022279dbf7455dab9e82e818de01be74d1a73d5f205716516b57885611e
reports/v11/golden/trace_gold-16_r2.json	4947	21903e38124c5a8d7b5a60b801fe72b3cc075a47b013c94e56d562864ea88442
reports/v11/golden/trace_gold-17_r0.json	10519	f15ef78f14395222c3db8766d3d0712f6c97590633c1c2cc0d28df682e59e019
reports/v11/golden/trace_gold-17_r1.json	5364	c1753713561ade8844e7a994de0e8aad9abeec060b76064f980c06d35e7cb557
reports/v11/golden/trace_gold-17_r2.json	5363	32bac5ab4c0e193face5f3be808f8df42da29b439237af63bec014e2b1276c56
reports/v11/golden/trace_gold-18_r0.json	5235	3a949e2d903f86cb163f1f752fce59593abe96393a9a590e6ccfb16b42407fc7
reports/v11/golden/trace_gold-18_r1.json	5494	a01619f5b76888157c29e60b4a53de4f24a7c56f75384f2da40933454f4d1649
reports/v11/golden/trace_gold-18_r2.json	5494	15165f07044fbc9e9839551c1bf93aae019b881c7b3ea051f7819b85ef18c19c
reports/v11/judge_verdicts.csv	81292	0e00c86aed8e7d2fa0eb27419f217cd8faec8db62a196a5f2c698e81f8e06333
reports/v11/metrics.json	702	9611040e5f0a74c77815398bf7d7ecc8454049e3dbfaf043db215666c14ba121
reports/v12/dev/.rows/dev-01_r0.json	4588	0f3eab1962f14abca4b6f289d5f8ecc9cbf02042bfb5c6018afc372caa7eda61
reports/v12/dev/.rows/dev-01_r1.json	4609	9a526e9f950a637439f4daca811f4b23808853c519d442f1c598df3cb831d851
reports/v12/dev/.rows/dev-01_r2.json	4612	8eee410c206e4e525e100d18e26fb9714f16ad92ebfaeaf75f40067570010423
reports/v12/dev/.rows/dev-02_r0.json	4550	dfc439084fd82516ac23808fa1ba530ea5839a62c5ca425b45a55be159659155
reports/v12/dev/.rows/dev-02_r1.json	4534	e015979fc6381fd9a11fdcb55a6fce9e4c93111a87d1d9b9788139ea6197cbf0
reports/v12/dev/.rows/dev-02_r2.json	4548	c41c91a5f896d7973cb34861857a499b3ec128ea26dfd1539b64566784c35a10
reports/v12/dev/.rows/dev-03_r0.json	4260	8976ebf5b6e99a1e47b745c66ea840449dfd22234dda74068c99b2c544a84b95
reports/v12/dev/.rows/dev-03_r1.json	4202	3bec25dd7898996397194a0697ac7a5e96c0e2559161451c73002ec4269da9d0
reports/v12/dev/.rows/dev-03_r2.json	4215	8715d75da67d7e72ba9fc6fc9fbd13bcdeadf4769fa2a3f5e664ce1c99671bc3
reports/v12/dev/.rows/dev-04_r0.json	4366	ee464ac42573be219f859f7f25bcb7c954f1742c0a6a32345d83dbd91ff60d64
reports/v12/dev/.rows/dev-04_r1.json	4306	76ef4885a6fcd8ae4bb4a48e4b6008577992f5fa2a92bb05ac0e19f09216b775
reports/v12/dev/.rows/dev-04_r2.json	4304	cf57595f681a621d7a4e7d3c3bb4799471d3d068e73ea58eeb4e20d6a547e48a
reports/v12/dev/.rows/dev-05_r0.json	4817	1ea5167092ee4e2cb53bb3d8d1d659c9925af0dd0457be3285b432073c1f009f
reports/v12/dev/.rows/dev-05_r1.json	4785	0b7e568729fb709c5c58737c2efcdbfb705e3029dac233a4f64f6fd4efcba20e
reports/v12/dev/.rows/dev-05_r2.json	4969	fe750f27f58b872cea469f863927f3aefbb50e2ffe9ad0ddda175d7d4204a994
reports/v12/dev/.rows/dev-06_r0.json	14691	7e314178aaa9989ee993a649d570d2ade3c3a5cda06547bdf3cf6b922323e21e
reports/v12/dev/.rows/dev-06_r1.json	7779	7e2890af7f9c881e89d101af644d9eb4be8aa1c03977c4cf206d94ee090a74bd
reports/v12/dev/.rows/dev-06_r2.json	7738	a248e4ab618e67a81f9944d9a3cb12103aad6978ea7a409c62973f06a8987e28
reports/v12/dev/.rows/dev-07_r0.json	4277	f0b7916787d62342decc21af24e91e91e2ab162c02e3fe8b7a45d61af62bdcbf
reports/v12/dev/.rows/dev-07_r1.json	4279	21932de75463ee5737d505e3c8f21508be6154acb15767da30ac05f12c55764e
reports/v12/dev/.rows/dev-07_r2.json	4277	90301972931ce491a0479fc96a0eec0d3d8330f5232922cb1e21f0310eb1d1b0
reports/v12/dev/.rows/dev-08_r0.json	12151	a03e178c2ad269fec4e20b89dc740b5507dd4b14fda50f869108732e751bdc44
reports/v12/dev/.rows/dev-08_r1.json	12033	5f46bf983fe35ca77529a9cf276734ade13e050460c2ac36b36d7435f2742702
reports/v12/dev/.rows/dev-08_r2.json	12153	c427dd1a3613faf667f77e345d4108c4d053f1957f9cb16998e8fe4b0634e3e2
reports/v12/dev/.rows/dev-09_r0.json	6010	6668e1f7265217a5843b83a7aa1503fa0e48fef2aef4d9fb50e62f95936897d3
reports/v12/dev/.rows/dev-09_r1.json	6008	815a03c546e370571f98a6381faaa27ce64041681191b93603029847973b99d3
reports/v12/dev/.rows/dev-09_r2.json	6140	1c4f8fa0d7269c5442169407487413cb3e906648d5f56951d8ea9a108740fbb9
reports/v12/dev/.rows/dev-10_r0.json	7335	c1c780a7adbf07fd5f0cf4289f018b5ae0b812fb8e2b6cceea0510a44f6132fe
reports/v12/dev/.rows/dev-10_r1.json	8010	b3e14b1ec503672724336abdef12a6c0521d15ac8d45cca72513c397e980334f
reports/v12/dev/.rows/dev-10_r2.json	9564	56f6e2e4fc7abe1c7618dfdbb4d84bc201c2a4ba8de311c2f01cf15c2984a878
reports/v12/dev/.rows/dev-11_r0.json	6439	5f54f17bda16685bfe5e5b94ac4367f01cd473c20e8b9338469dd16ec8c60398
reports/v12/dev/.rows/dev-11_r1.json	6558	47a85e0aeb417332a8c732c67199dfe33d5d4cb7159eac76898e16ab1bcaa4c5
reports/v12/dev/.rows/dev-11_r2.json	6470	fbe731c2267735908b63a1fe1a70079203c957843f8c80a739942295b5186cd7
reports/v12/dev/.rows/dev-12_r0.json	5225	016f832db90fda53d33ea4e4c741c9192f4d694c6673bdf3486fa66aa8c21313
reports/v12/dev/.rows/dev-12_r1.json	5228	9d681de2fb57b60ccccc35dec106c94d16359fcc66c2686cc5cd7d711abae848
reports/v12/dev/.rows/dev-12_r2.json	5228	5dccfa4883a4c6482fc8a3978620fb4d5fe9ac2635c377d540c412f6335b539a
reports/v12/dev/.rows/dev-13_r0.json	6105	89f327dc0be185fc03fe20e3d40bf0f0fff13b2b1cd341de644d67086c67b86a
reports/v12/dev/.rows/dev-13_r1.json	6228	c1d5c6c5f68b1f67ad2387fd0984bea815bcecbffabdeca850f2f820275bfaba
reports/v12/dev/.rows/dev-13_r2.json	6369	da5aa68b15f6a5d587abbce1c424c7eb78aa5ddd8f35f6ed87bb17aebae1a2f9
reports/v12/dev/.rows/dev-14_r0.json	5291	71a801b6dca85f1029c479587f555997fc9bbdfe29b47cd4485d45560e79a73c
reports/v12/dev/.rows/dev-14_r1.json	5077	b1d0f4a81475d99267c4b63974dfd588f9b189b130c2caec186aa9c355f2c7e1
reports/v12/dev/.rows/dev-14_r2.json	5079	9a2ddf7200a40be58b90f032402858954c42757a9da64087e4cc657bf256eccc
reports/v12/dev/.rows/dev-15_r0.json	6912	e0af322e383420ec9077b08bf5d1d429cbbfb0e76b76d013d77bbf6241516bb9
reports/v12/dev/.rows/dev-15_r1.json	6912	df3c0d03fd9da34c47165fd55595925677497d6bab8e30418d0ea2975b102b3a
reports/v12/dev/.rows/dev-15_r2.json	7011	3125dd4d4a7b7a7a5a1ed09eb848b926d1bc8cb3a122930b6daa8d9e134928c1
reports/v12/dev/.rows/dev-16_r0.json	2053	4059f386a9343a0d44ec27d865844eb6db1e7959d401f6709722aafd2989fd2d
reports/v12/dev/.rows/dev-16_r1.json	2158	a3f3787c361963aa4d74ed72d44c0053bf3a7e8b8935fb372e30d01c69514df4
reports/v12/dev/.rows/dev-16_r2.json	2053	6411746079ae1c250436a757fee3770e3d5857b0f2eef733d712403c8f810f91
reports/v12/dev/.rows/dev-17_r0.json	5269	d1e208d34528ebfe846aefa5007d300beec3dbae11cb02a9b46a59bdc0b83b89
reports/v12/dev/.rows/dev-17_r1.json	5100	6eb52eb182d5fe89896449444241975ce717fe326648336e84c09969b6a549cc
reports/v12/dev/.rows/dev-17_r2.json	6621	136b78d08237e4a89f70bb51f51eacf041374065834143d11dd3f08dd7cedfd7
reports/v12/dev/.rows/dev-18_r0.json	6174	19938751b1d09a02f49e323b97b433126f90ca84e1a68d01ad2058f8d005689f
reports/v12/dev/.rows/dev-18_r1.json	9701	078e13e0a42ac347e99551e3ba041ea4892d9237345f83e2a7b85369721ea845
reports/v12/dev/.rows/dev-18_r2.json	10701	f2d82b67211a1f31d342c33d18eb4149f3377fcb2ddd20a779fc8047a26c8f48
reports/v12/dev/.rows/dev-19_r0.json	2156	4dbb04844236272e5726f2458e5f80cc2f7dfc584c9826c4047ae0ea60e83c7b
reports/v12/dev/.rows/dev-19_r1.json	2363	bd20e5f331214f4a29784cfb507362ebe2153399341e30f2c03b301c86b09ff1
reports/v12/dev/.rows/dev-19_r2.json	2201	285af7f72cf3fd1f9f2178d91f9b20d084b317f847fd00cc31409110b2160399
reports/v12/dev/.rows/dev-20_r0.json	3133	10f0d26ed97a1ba34088725408a3171f6f54264c5aa857d0730270b462db59a8
reports/v12/dev/.rows/dev-20_r1.json	3133	b2595c9ed07fa15d6534804da4fbc06ebfba654db209905f23ec9bb44d34e95b
reports/v12/dev/.rows/dev-20_r2.json	3612	6249838ac8ccae5fe6275c1c37bbfdaf575e51ba0b80b97d794366042d2b7c5c
reports/v12/dev/.rows/dev-21_r0.json	5020	97621631ae3f62527486f24d8b40465bce78ccb3d1d1dd09b9bfec2e0e299a6e
reports/v12/dev/.rows/dev-21_r1.json	2792	368682683f184767119548057a2a271cec4594da63c1f03746d94ec6f1a91f90
reports/v12/dev/.rows/dev-21_r2.json	2794	3253bafaf7905aeecc84bf101ee5cad2d7ba9765003aa8b55c7206bf1e16d7dd
reports/v12/dev/.rows/dev-22_r0.json	7481	59cf9ca31e0bf359df80dbcafadc864a06b2e98e3bb56ed512d60784ac773e8a
reports/v12/dev/.rows/dev-22_r1.json	8101	8fc3b0737a53ff05cafb81ddc5c7676e9ef5fee1a9af6f05f66eee4a7315c00a
reports/v12/dev/.rows/dev-22_r2.json	7247	eb5129d93071468dd5e30dd1e93e21b31635f7a56eb8c636225ce39b93f82923
reports/v12/dev/.rows/dev-23_r0.json	2448	a915112290f106cfc2beb1ab33a91a6677a2d938730d40539b9cd6f2e51bee1f
reports/v12/dev/.rows/dev-23_r1.json	2440	21fd9fcc11f94bd1bea3e063df38874a90078c51034095ecf44c94b443add024
reports/v12/dev/.rows/dev-23_r2.json	2552	7edcc6a1c53fd2b3606dde4f13f51d99ec27a864a789860c3148e53b3317bc64
reports/v12/dev/.rows/dev-24_r0.json	6756	a80252a8dffa304793b1542568991e200f494166ab15b7a6889b4a802cdc20ba
reports/v12/dev/.rows/dev-24_r1.json	6733	2400ae33b2fe74d631592ac362f86f74aa3a9cf949710e0a608d6c16136070d2
reports/v12/dev/.rows/dev-24_r2.json	5351	b76ad86e7adcd1011de4223c3590e95d15b075a8bbdbb55f53e94b5a34def0d1
reports/v12/dev/.rows/dev-25_r0.json	27390	cf3f3694f064fbf244b15bfab6052f7c53b4c41d7966824016e338afb4b7020a
reports/v12/dev/.rows/dev-25_r1.json	20799	979fd008221dc707738507956f4c2c3744f0f97713ae416bdaa03d1bea01200f
reports/v12/dev/.rows/dev-25_r2.json	23882	ba40ae7099526cf6f32be8dd68cb3068880fac203caa71048678f615735d1a53
reports/v12/dev/.rows/dev-26_r0.json	2668	2ca631e80b61f74d9033d81351fe710f19f054e979914fb73c11c72d8607a7cf
reports/v12/dev/.rows/dev-26_r1.json	7638	adbd00b484e6720d2ece37920b90e666989688a02a09ef406bb8fea361b42427
reports/v12/dev/.rows/dev-26_r2.json	8065	309ba9a2e4426610f7284096d83c349be07390aafe1b0c13f0f6afb6afd1e09f
reports/v12/dev/.rows/dev-27_r0.json	7472	6908ad0679b284140daf248b3ecbf367e74053279b6a208ef5ef9e7c8787028e
reports/v12/dev/.rows/dev-27_r1.json	9079	5b372db6d9cc46293625581593430dd36680241b42438933b913ea284edcbb76
reports/v12/dev/.rows/dev-27_r2.json	8328	76c91f1707b5a1ff16dab3b080b554b22b4f61c3595d59b2c407cf73c90987ca
reports/v12/dev/.rows/dev-28_r0.json	8054	9b4709cf2bcff1fd5dedbf151506a0b98e47ca4ea187b3771e26fef4d75fbc39
reports/v12/dev/.rows/dev-28_r1.json	7713	9f31fbe73d871e2726eabd6ec413cbda6898c07e36cac0a9760de610c47191ea
reports/v12/dev/.rows/dev-28_r2.json	5405	a4e6e2e893e99c35958cb5fb46c73e5eae3ff89910739f2389aca908b33acdb3
reports/v12/dev/.rows/dev-29_r0.json	8726	28c4daadfffc759787dea65c2c412a38d600220ce7fe04ba4b0211509aebf064
reports/v12/dev/.rows/dev-29_r1.json	7580	1536d7276282717ecd49e6f27441a05cb7853ab1e7428e544923abad1bcaa480
reports/v12/dev/.rows/dev-29_r2.json	8013	28a6ee6233a23e9cf28237ac83791f4c7100cc5c3f82a5e2cf3f7aaaee31e05a
reports/v12/dev/.rows/dev-30_r0.json	6618	1a5ec07b67aef093825d311a8c8a1f249d8e2352c36b06b291630dfe09d39140
reports/v12/dev/.rows/dev-30_r1.json	7055	8e073c27149719883bb3c52572fc5ff45fda57875658fd4fbde4114b74927e3c
reports/v12/dev/.rows/dev-30_r2.json	6542	e3096cb7900f51b4ec418e941b859ef83cb63f5044e5dbcbf70e88258a80ac65
reports/v12/dev/.rows/dev-31_r0.json	4128	814e1f78c47d3db3440007c54a204fcfc5383380c033a29ba0988e21725d4767
reports/v12/dev/.rows/dev-31_r1.json	4220	987f763ef511144f66c4b238a1d53411c2c100530ea7670123189cff0f9d4c17
reports/v12/dev/.rows/dev-31_r2.json	4247	352babcd5a3ab677461af7d80a9b0ddcd34eed9db55ee8715b3c4cb343988858
reports/v12/dev/.rows/dev-32_r0.json	4665	334e4909b8dbdb45a7d6e58a1b8319baa0fc1ed169f501e7dbbd14251766485f
reports/v12/dev/.rows/dev-32_r1.json	4667	3ba51ece794a5b45677f7cd3d5d6a41e5bfd54cd6384ff15330c05301d286304
reports/v12/dev/.rows/dev-32_r2.json	4665	fbc5f9c966aedf3ff92245d6e689089ce373864b06e896ed6b820df9374b3bff
reports/v12/dev/.rows/dev-33_r0.json	4462	23f632d9cbeb587d239fab5ae4677dea8477c8eaa2ad844fb0819c325664c84f
reports/v12/dev/.rows/dev-33_r1.json	4497	dccc79f0dd32d0277391302ae01a1299ed0ade6c0d1b058c0eeb76abcc405b48
reports/v12/dev/.rows/dev-33_r2.json	4495	e25fd86329cefc87631f397ab6d65ec6a918449201781a99d52aea6c6e10f248
reports/v12/dev/.rows/dev-34_r0.json	4842	e3b979c1314dd80653f6aaa3aaff0984cf58fc746b72a62d904996f2f7fac2e4
reports/v12/dev/.rows/dev-34_r1.json	4688	29d584ac4061a87a3a7bf1cad7aa80b91c57ad32c8a7bb62aa5098a72a12f443
reports/v12/dev/.rows/dev-34_r2.json	4817	02af4016156db2bbfcea2d12a131cb14713389b3f7102a3beaa162acc45c6cc0
reports/v12/dev/.rows/dev-35_r0.json	4245	9924e1318f1d7ab6fc7ed64e3c976d23c9c3ec9faac0f102832dd75997218bed
reports/v12/dev/.rows/dev-35_r1.json	4259	90ce5b19d418ed21b3c7f2d6f6320fe0f301721a3fa5a732f92c9ce7cb528937
reports/v12/dev/.rows/dev-35_r2.json	4285	445a632061907ab6958c98d6f31cdc4ca67fcd0095c8b8a2c16b450e1dd13774
reports/v12/dev/evaluation_identity.json	96	08f4b0f5df0b81085e5391cabd404cf1660c3680566f333e849a2e45dae49f24
reports/v12/dev/harness.json	87110	8178fd2938fc5e1073800d0157dcbf162b08ef46c78d5449c0287d13c0981010
reports/v12/dev/harness.md	5023	24b8bdb0ccd740f6535db070204fd232acac2e6fb88a979f1101ed455518e49f
reports/v12/dev/trace_dev-01_r0.json	4566	728391ac0cdfa45c1a7ef211bf15e4ef01f059950f1bf9d6a6a55ffd2b4480a9
reports/v12/dev/trace_dev-01_r1.json	4595	51bc8f92e22f73026ed7ba622c942870dd714fe776918aa3b9e591a67339685c
reports/v12/dev/trace_dev-01_r2.json	4589	5e5b9f5b4e73b349e0b8a3cfe7a3315296a50359759e683b3bfeb65ef2a9b671
reports/v12/dev/trace_dev-02_r0.json	4520	1aefefb98d62cbd0d1c4a27e6ae49c55498a9f4d4018f98d006827bd39cea3f6
reports/v12/dev/trace_dev-02_r1.json	4504	533929131b519b044313f58c826fa17e64849c5857e3ed3a322808fc6cb42254
reports/v12/dev/trace_dev-02_r2.json	4519	a6ac64de569db4542ad9a84e8c01a351812e00269139e4a091b79afdde85649d
reports/v12/dev/trace_dev-03_r0.json	4337	014d9f50b5169d4c36007b8871b3fd3c8da97f34636f05090ed43f7cb64af5c3
reports/v12/dev/trace_dev-03_r1.json	4279	0510205ff2da800977f3229be13c774e590f9b879f31a5b961939911f6e79a1c
reports/v12/dev/trace_dev-03_r2.json	4294	57af9ef161bd8b2bec984e492bbb1ccf8fbf72997aba7736a2b2b1df076a9489
reports/v12/dev/trace_dev-04_r0.json	4431	d10433294d32c6129dc597c6e3b94fc82d4dc65f6beacbe6e378bb46b68e2bdd
reports/v12/dev/trace_dev-04_r1.json	4371	766379c3d089fb6885b1493523f46f4479c8e227a53bc1a43bfea675557bea5e
reports/v12/dev/trace_dev-04_r2.json	4370	a515f47d71d2e62d14531711a227f2ee18e2bb3db8084e1c9454c4aacd605da8
reports/v12/dev/trace_dev-05_r0.json	4744	cde891b1e4ceca542c5f776dae154fa059016c7794f9ed1a76501a390e27291a
reports/v12/dev/trace_dev-05_r1.json	4712	6ccb45e4bf152abac2dd5c61fa4a3b7826bc8b21e8db741ff6f93fa7c2b418b6
reports/v12/dev/trace_dev-05_r2.json	4896	37caa6315c025a1b7836dba320f02f7e7b525dd8843e8cce38fbf7afb5ecbbfe
reports/v12/dev/trace_dev-06_r0.json	14479	cb30ae380fce3a7d52caf658ae09532c64b3da1095762e1797432447d946b5b7
reports/v12/dev/trace_dev-06_r1.json	7438	1375548ed1056e4beafea7d816b3f3f0b1efc9736314ebd906de6df0a0ec00e8
reports/v12/dev/trace_dev-06_r2.json	7450	05a0dab106adcb3aef331094821535e28ab12ed5f6cc6799ea61d979b8bc633c
reports/v12/dev/trace_dev-07_r0.json	4257	87e0bf7c4d86f884f6173a04e31cd3cea2daec39845a93ba817f032f98cbe5e8
reports/v12/dev/trace_dev-07_r1.json	4258	a0a912ae724793a96bfa8aec8c87fdfb389de812cac67f6058ab5c4180b9194b
reports/v12/dev/trace_dev-07_r2.json	4257	f2879aba7a091e0181698e5d05da89f8fbe1bd0db567da70114097b7c3b45664
reports/v12/dev/trace_dev-08_r0.json	12991	2621391781c6cf406f3f0040eb1f5651e7426e8913fcdba79ee830c11b72e470
reports/v12/dev/trace_dev-08_r1.json	12939	9596417bdeaaa2c270a188d84141e853ab932ffb3cae66f52e0af5e7dd2be920
reports/v12/dev/trace_dev-08_r2.json	12992	56c9030ba33ef2aee2ffd415d741a59121a1559302a27f0a03f4407c6ea80b9d
reports/v12/dev/trace_dev-09_r0.json	6083	a4529eea4dd602fe46dff803d7e760a29f661d1c508df0e6f00ee908e97bfd1d
reports/v12/dev/trace_dev-09_r1.json	6082	a539604b5121600cb22e30e3761fc6cc53aad77a9ceac845ae3c256917a24634
reports/v12/dev/trace_dev-09_r2.json	6202	9935e67314cedaf4c18b308c28963e1db1d7228a9da24b8550a779ab413dd678
reports/v12/dev/trace_dev-10_r0.json	7864	6ca7bae198a4d37ce74effe52c0fe58ebb00c48ff45311a57f6d88e4cb2fbbe7
reports/v12/dev/trace_dev-10_r1.json	7514	79a9cf4942f96d607a52e9adfa28022a37635c48277622ef22edce9ccc247f34
reports/v12/dev/trace_dev-10_r2.json	9473	ffc834d2be165bca2cdcf86ada5b8841f1b7a30f7ff2faddf0afc74aa32dcd59
reports/v12/dev/trace_dev-11_r0.json	6405	4317dcf247daacb42f0a9ca410507807095273e34f8c568d59342e8f54b7ae1a
reports/v12/dev/trace_dev-11_r1.json	6564	90f1ccdbe50656fcf9ad96ed87e224fb62a4b09623a5e5564913e9429ba31472
reports/v12/dev/trace_dev-11_r2.json	6436	5c5d567ddc019ebeb3efffef3342dde01d4f1e3710908abc894432cf52fce640
reports/v12/dev/trace_dev-12_r0.json	5045	9123de4eaf848a72be28540f4f1257cd15f629e0c139faaa96d5bc94942b033e
reports/v12/dev/trace_dev-12_r1.json	5047	91486f4d5a4fbc54df6ed64a853122652c008a0db3e8ddd352a611bf3fe49584
reports/v12/dev/trace_dev-12_r2.json	5047	7c0e9a79f8665133cf7610d9bde385174c8dc48e02d26660a0b2cca96ad464fb
reports/v12/dev/trace_dev-13_r0.json	6176	766d4b74d42254611c1517bc7635e0e7104d15de0950eb0d6ba1e8d1d89e1a96
reports/v12/dev/trace_dev-13_r1.json	6289	64e0472b53f51c35085a219701093a079d8db2728ec9d411758c7e3c8dd1a4de
reports/v12/dev/trace_dev-13_r2.json	6366	362ad888e09b436794901d58f90c282b34d1ef5cf1c8a11e517c6f1809cc158e
reports/v12/dev/trace_dev-14_r0.json	5072	04826f7b337a65cf22663f922de9b786b69cbf6d54bb610b98b0c5a69ecee159
reports/v12/dev/trace_dev-14_r1.json	4908	0f8bd4c9bb71caee960cec59a1d65481983de3aeda6142dd7731c200f428e7ed
reports/v12/dev/trace_dev-14_r2.json	4909	2fc02497435b0fbe69f6b2531bef0a7119e9c5476396827d52a37c1732e2ea3e
reports/v12/dev/trace_dev-15_r0.json	6765	59dff0b9c481e95e9ba2f1f5ef2bcb11a5cdbbaeee33f7e506a4917a4e6f2375
reports/v12/dev/trace_dev-15_r1.json	6765	270e3fcfdf36a4983dc094260d2d1e279b4fb914ca64a2ca7e92195c83d6a1d8
reports/v12/dev/trace_dev-15_r2.json	6831	b85f1402b1f56da1e7e4448f0e275df7cefa385800e8c2625b0d62ee9df4eaee
reports/v12/dev/trace_dev-16_r0.json	1771	04aefce3adc1598c3b05710e168217274a754526d8913a78bf77cc3f6d9ffec2
reports/v12/dev/trace_dev-16_r1.json	1864	d21ca8e43be5415d97ecbbd85356e7df1145b3796e38b4aeb1fdee780d34eb66
reports/v12/dev/trace_dev-16_r2.json	1771	9abad4108fe5e526a9c35416cfd0f69250a4e9fd23879c9baf6cee705c58825b
reports/v12/dev/trace_dev-17_r0.json	5394	fd3b8fd75b8ba43d23cab36bb02d5d9a6d05b6b31c9f9002233b77fc7ac6cb5a
reports/v12/dev/trace_dev-17_r1.json	5283	c817d3472b875b6f878a1f31cc1801d07aa6aeec49caf21e0778c0b4a52e8074
reports/v12/dev/trace_dev-17_r2.json	6930	35e0d0b00ba8287a8871622daf5c1d7aa44d5170d2d8e6231e7b39cead826b4e
reports/v12/dev/trace_dev-18_r0.json	6163	2a448de4e881687bc32ce2fa8eb515e674bda0916e3db03663a7e67cafb9f55d
reports/v12/dev/trace_dev-18_r1.json	10806	0e769bd61ccd18b483ce5d8cf50f2764010832758e03af163250c0c1eee0a725
reports/v12/dev/trace_dev-18_r2.json	11972	d748bb0ab46c0a9f0e7ded802ac00c937ba54b12967c5d3b3098b6630b6f8221
reports/v12/dev/trace_dev-19_r0.json	1843	37e0cd57cc0ace7ecdf236abd3efee57ea341607cee6bcab0bca9fad0ba8cb34
reports/v12/dev/trace_dev-19_r1.json	1981	c27f2f77067a030baf644a17917b6cfc7d7864cf0066a79018beafcbb0505f28
reports/v12/dev/trace_dev-19_r2.json	1873	390326a628ee3c4116a53e9e1ff85569ab23021bb732eb1db7290c92c37ff5fa
reports/v12/dev/trace_dev-20_r0.json	2868	b1e2319486e0b884ee9656c7f5ec70bfaa233fac6651c42891ea4a80a78e82dc
reports/v12/dev/trace_dev-20_r1.json	2868	b99598d1eabc907ab5ee44907b98050aa9a1fd3cb26fa2f58d12906d628d82cd
reports/v12/dev/trace_dev-20_r2.json	3295	e00adf908918990d702bdd7e9fc9fc6d2a2c463fc7f8fc9408e6876109802db0
reports/v12/dev/trace_dev-21_r0.json	5274	48cce7368323457e65463e2def9693d13a433b61f70f4833b28d4f96e4bf9685
reports/v12/dev/trace_dev-21_r1.json	2587	02152d012722e4a784847f9ddff98e65811100ab4d699fa4461d3be4e2543fa2
reports/v12/dev/trace_dev-21_r2.json	2588	d5a0dbc60d2e939b350d1209684765c092eea4ab41c3096ed94acec4f8ad1677
reports/v12/dev/trace_dev-22_r0.json	7507	5cc4c4ab33813ea81f72f9c1ba0b786d945d3eb651eddd5489e63df73ba5d7d7
reports/v12/dev/trace_dev-22_r1.json	8431	414f2d4f3f2ed1ef0f911d1eecf7d175b0ed43f2142ccfd2b544cc85eb691be5
reports/v12/dev/trace_dev-22_r2.json	7332	c57325ea0120218dcb5680b8ce56dd3314845b49ff5147dfed6d10b1a31cc4c1
reports/v12/dev/trace_dev-23_r0.json	2113	c3d559ad0fb8ba02eaa41988fd2d9c6b9c1fd1bbee7e5d39411b461d72c30b93
reports/v12/dev/trace_dev-23_r1.json	2106	3534c9d39636cc55eb2816825277d4cea0b50b92de92c3140c2876e000152f0f
reports/v12/dev/trace_dev-23_r2.json	2193	51bf7c19bf2c4778bc9e30e798f02fc40548fc3a2af58b7c90285b91c6eb7427
reports/v12/dev/trace_dev-24_r0.json	6692	467037f2fd0af5d881036e8b87d4850b97af581c392f7c0fce9294ddf47142df
reports/v12/dev/trace_dev-24_r1.json	6672	1120fe19db983e3da701b66aa2f8ebe4061f53adc01a4edc06bd4e9a037443c5
reports/v12/dev/trace_dev-24_r2.json	5147	c2433d66015b0fb3874d92d0de5745c777f14ebb9f29b28d43f98b25d39f0ddd
reports/v12/dev/trace_dev-25_r0.json	27990	a634a823948dc8bfffbfb5ba2e4a751efd2af12d4e556438383004f0f6020961
reports/v12/dev/trace_dev-25_r1.json	21399	ac07f9c1d3ae44c36c3640cbe8ca19b04c7b4343abc394274161d0f5f55a05ad
reports/v12/dev/trace_dev-25_r2.json	24482	b482a8d4d420e5f577c9063177c3ff95309cef5138c76d9a124421f6eb2212f3
reports/v12/dev/trace_dev-26_r0.json	2567	ff17d54dda0f25b719e4c496a4ab357a575bdb9420240909347698e8951499b3
reports/v12/dev/trace_dev-26_r1.json	8103	49ab8e30d24f89568fd03f76569c73f762f3313a46ff142247a7970100a7dc8b
reports/v12/dev/trace_dev-26_r2.json	8987	9267d19e81ef2b3a51fcd71eb1f74f0addf74db22bd4543882b07d4a5d1d4e35
reports/v12/dev/trace_dev-27_r0.json	7812	b6d3294b40b5057bf4718e3e92012dadcf8693cc38af25d67059827534c058a5
reports/v12/dev/trace_dev-27_r1.json	9178	eb2cc950d11904b7bdb6fd80d77937ee741afa52b8d3c09feb249ccf85fd494a
reports/v12/dev/trace_dev-27_r2.json	8481	796bcd82224399aeeb21e7662cd8c35b98a2cb09d8c1c8b217bac212f8c84aae
reports/v12/dev/trace_dev-28_r0.json	8009	02d0baa3020fbd585d145f87874e53f505103106a89226d9fad4950a760348e6
reports/v12/dev/trace_dev-28_r1.json	8427	5edd0d2596d0cc36c08f0cf9005336d7fa65b03c9a693fed894b666755e67fcf
reports/v12/dev/trace_dev-28_r2.json	5431	81f0652c73d4ff117e0086d6140d2f287b910282e1f203aedeb3f21140935bad
reports/v12/dev/trace_dev-29_r0.json	9671	2580d9e89c404a06c8e06d4a64f73199c9c9ade158c90768e5427d4e683b291b
reports/v12/dev/trace_dev-29_r1.json	7933	a75fcac976dd6ea88dfba7fab3baea010a0784ed5e5fe459bfbec1b5d2dc2212
reports/v12/dev/trace_dev-29_r2.json	8028	5af01eb0504082d6db5ad0c233dff8f805bae00df6f8f1f0f69327cd0996a044
reports/v12/dev/trace_dev-30_r0.json	6596	3a5045a0ed579c62c98c2d3a03854bb6f2d269322b9a0d9984c30f3b2c69b538
reports/v12/dev/trace_dev-30_r1.json	6914	2f12ccbfe3c6d4e0cc63af6c64b749ce99a5ae078271e3ebc8af716fda6264c5
reports/v12/dev/trace_dev-30_r2.json	6589	a8ae2870bdba3d8849ae93bbcec95da3d8b4f6ef56b26dc04d6c5afac0b8892a
reports/v12/dev/trace_dev-31_r0.json	4740	102b54fc16050ff97551af7c5573e8f78e178afa0ddd5879be22d0990fad6ad8
reports/v12/dev/trace_dev-31_r1.json	4832	192d65f196eecfe603e55be7ff7a1f9b28355b76ab1a7a1183144a9f8033d3dc
reports/v12/dev/trace_dev-31_r2.json	4859	3cf3e136c983b63a1b5d3599e347661e261f7c090aeba581ab6cfd3a385ea287
reports/v12/dev/trace_dev-32_r0.json	5263	e36f9c6087edb3fa8618e2d488aa447542147fac4204f1df594be68e3e131ef7
reports/v12/dev/trace_dev-32_r1.json	5264	bef7d460e239a79f2a6756d99479843636720626a76717996af90a5f525a0d1a
reports/v12/dev/trace_dev-32_r2.json	5263	36c74c267e2d8ddb3eccbcf61ba955791dc8f371693f909b178875f7dfc35ab0
reports/v12/dev/trace_dev-33_r0.json	5065	de3acd19f8a19698c87c901d346b89dee8b3136bc6832b9bcf35f12e18c8b70b
reports/v12/dev/trace_dev-33_r1.json	5099	3608418341cdf97291645f46766908d2014054f23b0f1d033d21693066ac8f4a
reports/v12/dev/trace_dev-33_r2.json	5098	c449d745ea0d8f9e405316a662aae9602a85110accb3bf805acab92968936a29
reports/v12/dev/trace_dev-34_r0.json	5438	cd5f1e18743750952ba8856781d075376cdc2f2b0af06c59e6b80b7cb829f9bb
reports/v12/dev/trace_dev-34_r1.json	5284	55e4e229f544a731b12a1e609778921f2384f7278d7e686c49655fb0bf47658e
reports/v12/dev/trace_dev-34_r2.json	5413	5b64af9a3563878a901686b93dc2799c2d8984cbaad96bb4d68e7980261fe10c
reports/v12/dev/trace_dev-35_r0.json	4848	cfe36a03fc7e5ee3d7ea40fcb3179ad551d8011d8d8e6bb36c643657a40e2158
reports/v12/dev/trace_dev-35_r1.json	4863	9b46ad129fabea6f71d3f73739d0ac342e2cfac71cc5481c4bcdd7c11a62ffca
reports/v12/dev/trace_dev-35_r2.json	4889	e951f2e858234216a69e48aacedadb760946d4f783b1c99f4a178dac3f1ebc0f
reports/v12/evidently_ground_truth.html	3655674	4032413e766ceb5ceb5df11fa249592c421d2f1023f17183870a571aa10816a4
reports/v12/evidently_ground_truth.json	1324	9f451d0c9a70b5aa38d2342da32f9855a51c5d4d971ec1dd132b25423bb482e1
reports/v12/evidently_judge.html	3656761	8104a405485e410ff81b1fcf83a6ed3ea7086f75b527a1c7f5fa19fd8715eb60
reports/v12/evidently_judge.json	2645	c89d209f99a215106317159c514f574ab9a2c71808e84798100ecaa86ca2ba41
reports/v12/gate.json	371	8e67f52cfc5273159a01c4dd1593f557d937008f8a3475c58b0af1dec96b2632
reports/v12/golden/.rows/gold-01_r0.json	5018	f6dd492a1effdda6a216573d57dbf2b83e5b642ef57f774ff0d87f2423415c18
reports/v12/golden/.rows/gold-01_r1.json	5018	c34158b6259b36ef0d1781113c41228c84836803e4a5b386e73e621869395969
reports/v12/golden/.rows/gold-01_r2.json	5083	52f3b266585d8abfa4e12d7df476866554ba39f366cc78f41afccdcbd82855fb
reports/v12/golden/.rows/gold-02_r0.json	4650	1d06ac1be56835bfb8af118ea1b95ebb0fe4e09514828ba70eac1bd42ce1b410
reports/v12/golden/.rows/gold-02_r1.json	4675	2af596730eea513b81eb8670f8f454d540b354da0bfbed648d9d27d356493617
reports/v12/golden/.rows/gold-02_r2.json	4673	366c0784e2cf76c4e12c6b9462a9796a23327d879363dff243bbef897a5de124
reports/v12/golden/.rows/gold-03_r0.json	5752	fffab1cb170c420bc84ce76b183b36601dbe27d40a8b6ad7cd687a5b5e7c0d49
reports/v12/golden/.rows/gold-03_r1.json	5734	e6f3326122783144ac790c340029a65f161384340875a0d48501cd1c360f1e95
reports/v12/golden/.rows/gold-03_r2.json	5722	174ec19bad2f40b80a4972610d2efdfa100e1d1d0b74c9f8092fe49e5902103c
reports/v12/golden/.rows/gold-04_r0.json	7106	d64565807388db05fe1b68008e07e8dadf1f1015e34832204c133514051abfda
reports/v12/golden/.rows/gold-04_r1.json	8323	ccde5038b9d12916202e7aa00b85372cda87854d6f95223637c06d1a4bca1533
reports/v12/golden/.rows/gold-04_r2.json	6942	ba39b46f62e23b3391fa9fb0b6ad0b36f7a9f01259390ca3fb22150ac35e9a49
reports/v12/golden/.rows/gold-05_r0.json	5661	bf6049654fecf38464960064beb83248d6dae0fde01a859238575324aa3d20ec
reports/v12/golden/.rows/gold-05_r1.json	5517	d1a4adf293dd12a0d6b0fc34f082e2ba93b8a762cc519605a5d5437ed93e9fab
reports/v12/golden/.rows/gold-05_r2.json	5423	0524f75c354a08a56529bad3aa1a3657296c1166fc55c415a1ff786fa222db22
reports/v12/golden/.rows/gold-06_r0.json	6873	1c7cb0f03269b4c97bd610d01515ef51510fd1d806a50554d715c1c9a4a84d67
reports/v12/golden/.rows/gold-06_r1.json	6994	c36c43eb18da488487642347f96079080164f3721e79a88879b5e82f6bbb5b56
reports/v12/golden/.rows/gold-06_r2.json	6874	165d2fd8f7b2ab514fa52d2697d7019bc57c1263548ec5e84bbd0e56ad12f2c2
reports/v12/golden/.rows/gold-07_r0.json	6458	008b2f5cbf0337d9388ee9470ce55c41b8a5663f7f3d6b7b96b92cf70b4e00fe
reports/v12/golden/.rows/gold-07_r1.json	6392	fd1a30d5ab6a8e5cd7fc31bb1feb2d4657e362082a81a36fed7405f4ccc969b0
reports/v12/golden/.rows/gold-07_r2.json	6458	24d4cb72d4cd899c47f6d09ef9fabaa023ef43fb2827957ebc7dbfe0e56068c0
reports/v12/golden/.rows/gold-08_r0.json	7629	5aa7794d6fa2940641edcd4310a83d9d65d4893998b4f1a2ee0b0500c64e5e10
reports/v12/golden/.rows/gold-08_r1.json	7309	064da9fd35db16dddb4f30cca55e95e65916775560545bdf6fe2ae4b08c5e399
reports/v12/golden/.rows/gold-08_r2.json	8269	bfa1be8ceefbb3a3f7438a9d9ee9244483758f0a5771cb30af6558e7501b168f
reports/v12/golden/.rows/gold-09_r0.json	7601	5b9f76e81828353eff1fcf962f093e397e8ef3d5bbb4f264c4658bf55018e00f
reports/v12/golden/.rows/gold-09_r1.json	8276	c73d636609250136b435c057a429b86bf5d5bf8a2e9aeb100b48da2ea14e91bf
reports/v12/golden/.rows/gold-09_r2.json	6881	7ba5cd6b2bcdbf4c2958c7bbdf9edea12538cb7f28bcdc5568f17faa04684666
reports/v12/golden/.rows/gold-10_r0.json	8181	8851cce6e6a297f2a2fa48ddab14c7abbd6e3cb610581dc6d40e7e2f9a0b0909
reports/v12/golden/.rows/gold-10_r1.json	8181	5ce2a45331ad9a85f53ac74a9d7239f0aaba02dac11f0755a452bb55b90de5b9
reports/v12/golden/.rows/gold-10_r2.json	8181	affa7358aa66f44885454a1cddd0bdecce25e91309ce87fbaa7bec5f40499748
reports/v12/golden/.rows/gold-11_r0.json	8311	5d3fd458f72d300a4b6ea28da6e14e26fba89fb1f7eaa534a99e71945e201258
reports/v12/golden/.rows/gold-11_r1.json	10700	43837303c547f7271b72d3801a09f65a6f35e93f58e326d9b995dc82c4218b4b
reports/v12/golden/.rows/gold-11_r2.json	10796	2ef3c7d01b10b2744e920b081a868c9ae098e1e212f9acfa37e0d47e6d9c9dae
reports/v12/golden/.rows/gold-12_r0.json	11658	1c1d0d7e0e86431c636ec8e38a9771fe2035a72b9e38417895c2a9a8e4bad434
reports/v12/golden/.rows/gold-12_r1.json	10918	53a5aa6e978617d14e67d1590e37ab9ccae3d3ece851daf32570124d43963df4
reports/v12/golden/.rows/gold-12_r2.json	9501	288f3df4bb70ab0921adf93b8e0cb3a52bd9df960a45d0d2fb948157ef65e9d1
reports/v12/golden/.rows/gold-13_r0.json	3094	3bfe418299c7d91b8a7bea7a688cccc49758f2edfd97dc5814fdef7ead348053
reports/v12/golden/.rows/gold-13_r1.json	2407	5d72abab66c40578b16f8894ef6d880e5f93543aa6e15ade5ecce53169081c08
reports/v12/golden/.rows/gold-13_r2.json	3092	801b445fc947c4efa3dc76632c0e260d5f490859fffd1a21bbf95d236e429f16
reports/v12/golden/.rows/gold-14_r0.json	4394	a8656e49b938e8410f970e7b943a63568c46fb983b096363a2f57c54ea8c4dbc
reports/v12/golden/.rows/gold-14_r1.json	7642	563400f07e11aa60fe8c1403754fa3bf0de0bb612b3f9b120f84df8b581e5489
reports/v12/golden/.rows/gold-14_r2.json	7608	4006d69af01511e5b1d167c4f4e68a38a237c54144f0f6862d7843b2b7827223
reports/v12/golden/.rows/gold-15_r0.json	11322	60b8dc21a8fc47f85dfd69fc9841761087d451204aa213c5267acad3de5851c9
reports/v12/golden/.rows/gold-15_r1.json	9276	d470476fff74b064d2216f6d5f0ec8f0ece5ed3b821128c38e991542927eec28
reports/v12/golden/.rows/gold-15_r2.json	9020	0ec157e724b6be53c3298b7fbe152a52b99ff8d816f0aeb066383fc4e7106600
reports/v12/golden/.rows/gold-16_r0.json	4366	a6f30335db75bd1d9e1c22379dd741cef5bc8342f58b414e852d752391f6df66
reports/v12/golden/.rows/gold-16_r1.json	4366	d6177a42aec0424184d817be8399733c7a4ce8f8f7ce5437a51e1103b75d97b9
reports/v12/golden/.rows/gold-16_r2.json	4352	abecc4add2f094abec2d45cbae3c5cf650e02ab35dc35606a3b66ac430bd599f
reports/v12/golden/.rows/gold-17_r0.json	4794	7c0317c171baee7f789bd8e0cfa4255d1d1699e4c0be8ad05656f8cae5b02d8d
reports/v12/golden/.rows/gold-17_r1.json	8871	45c64750f5f5af15a24449098732c51226868d767775ae7a4c4813e0fc9fb48c
reports/v12/golden/.rows/gold-17_r2.json	8874	b8c3b21121610674e48f64f42d39108b6a8f49e4418fc2b0f2faeb8c21fe9093
reports/v12/golden/.rows/gold-18_r0.json	4809	5e24c0bbb802fae5b176255e09c5265dd3da70d33e9b9b9c7a019d1b401ab1c2
reports/v12/golden/.rows/gold-18_r1.json	4919	cd19ce49b8f87544e2902a0e3d81b83ed012651d128be8353f87dad11a3a48a1
reports/v12/golden/.rows/gold-18_r2.json	4961	4078b9b1b962bd155e10e0e7efcee119cb0170e78faf28c0736e91bba046f7ec
reports/v12/golden/evaluation_identity.json	96	e522ef2eb0750aebea1d5f58db81027d665a63457d6e71815d15b2aed71682a4
reports/v12/golden/harness.json	47457	c27606ca75f2b389e3d145fab483727655c16076fc6aec3dc150ac9092c4b1ea
reports/v12/golden/harness.md	2820	ad8c393e650c2288cbc87a432666ac3b9072c7623d1631b456357716713f51ec
reports/v12/golden/trace_gold-01_r0.json	4884	f57bc891caf1577496a5c7840f43a9b9a45d51daf3bafeea9b6d1cea71ef43e5
reports/v12/golden/trace_gold-01_r1.json	4884	39fd2aa37c5f5324355e16904fdca8df385c2cbf8e02b6eb59cdf1235f97f655
reports/v12/golden/trace_gold-01_r2.json	4927	ec1e2b876d1f53a7c1e18875e7599ed18b97951138b3581fc319ae59fa26c558
reports/v12/golden/trace_gold-02_r0.json	4591	cb215f4bde4cbc5a60c010a808d89e4472e3265869712f7fbd17554b8a585f16
reports/v12/golden/trace_gold-02_r1.json	4616	b26873cb47911d8dd71cc7fc3df5263cebcaa64481008497daf7972431a7d19c
reports/v12/golden/trace_gold-02_r2.json	4615	6f2d0ad9d8d50e5aad98410cfde5a0dcdc112713d1337d5751d0ec3eb9554b10
reports/v12/golden/trace_gold-03_r0.json	6011	0f367325b58c57c64fb03444a4787f80024cf2031f8fad528a8bb192523c5184
reports/v12/golden/trace_gold-03_r1.json	5993	e2a0d936d4bcf76c6f155ca8c6ac5c37576c73821e1a7cbcc237b033ba515164
reports/v12/golden/trace_gold-03_r2.json	5981	9ed667f1301bd345ae2431be6729597098caad64d2690b09da1456f59cc99085
reports/v12/golden/trace_gold-04_r0.json	6845	aa66e40b6b7386afb377b332de84f395cda1c53552743d0fc2f9da85404c8fd2
reports/v12/golden/trace_gold-04_r1.json	7826	ccd5bf1b4ba9cbf60b1251d594f461108a48ca3b679e91ed2602036b9e05b3ec
reports/v12/golden/trace_gold-04_r2.json	6702	7213195004bcaf81b8e45bcd8f45c2f0110568ccab20b27f485927d0824ed675
reports/v12/golden/trace_gold-05_r0.json	5702	68d0bc4c80eced1d2236aa0b4c98fe3891553870dc9731690eb7d6b5fbe55ab3
reports/v12/golden/trace_gold-05_r1.json	5635	b3bf5d0f29ec43fb30b67c6ddc0da47f44973e3802c6eb0c9ad48da659beeefa
reports/v12/golden/trace_gold-05_r2.json	5543	4b554145147112b6835dd25f73108cdb8cfd6b488efb511e5ce5ed123e1416e9
reports/v12/golden/trace_gold-06_r0.json	6969	86bd8810ce692baa4018c7f1a09d80db91b6a6ee2a2f43c3d6d712b42660e2da
reports/v12/golden/trace_gold-06_r1.json	7093	12dbfa190e05c851dcc9e507e593afba3a6d8e1b93c78fc151c7442c458cc196
reports/v12/golden/trace_gold-06_r2.json	6987	288db62c7b66ba58e502076e97cb2245c0f07440048046a41f003f64d1fd5d19
reports/v12/golden/trace_gold-07_r0.json	6366	9d411ede75024958b44b95c200e0915f9e33bf47f3b97f8ce3126541bd22cfea
reports/v12/golden/trace_gold-07_r1.json	6346	f3e76c099becde99da5c26613eeb5c09c9597670b2278f59c177fd32e9226a80
reports/v12/golden/trace_gold-07_r2.json	6366	96e06d62c0abbd559f94e63ab3e2b5bc7998b9eae46378991791e65d8cbc593b
reports/v12/golden/trace_gold-08_r0.json	7569	6e77cf51f4d0859500734c0300f3165a865daa0ecc2326c18943ec0a582ca3ea
reports/v12/golden/trace_gold-08_r1.json	7162	dcdc03b465e0905e79a0e1e603267a05119682164e1fc56e41e573f953523543
reports/v12/golden/trace_gold-08_r2.json	8152	c6464888aa07938557a1b04f1e6fbf4e8180bdea3c5f24c072c9345b3537ebe3
reports/v12/golden/trace_gold-09_r0.json	7275	6ec15b3c606751cec7b842f35df686035ee659daaef2575071e5ce07cb56f6d5
reports/v12/golden/trace_gold-09_r1.json	8464	4f0b17f6b7bb63a8276a336aa7ca1db8cba65b5856c5fedcd425bf8caa6b6356
reports/v12/golden/trace_gold-09_r2.json	6694	55ada6eb646272379621c07bf304d179238ed9ff6352eb99aeef9eea29b76415
reports/v12/golden/trace_gold-10_r0.json	9160	7f0df9f8b82cd86167dba1fb5421b95c771e649119ab3edba86c6b9e113f82ef
reports/v12/golden/trace_gold-10_r1.json	9160	e0e77ef0974afb352ad933ccd847e3e7a23748fb1c1dc639ffa32e6506a6cc2d
reports/v12/golden/trace_gold-10_r2.json	9160	732ed4fee1aeef6505920ab0c802a8e691f2043a1d250080269712f9146cd086
reports/v12/golden/trace_gold-11_r0.json	8660	efad68bfebb14474d6f055a3e683d01db6d2a1b64f0d69a7a11dae9cfafa048c
reports/v12/golden/trace_gold-11_r1.json	11575	3aae620137a725c345597a3a177277a9829bd737c291e9d03d880ef9a1dd7d9b
reports/v12/golden/trace_gold-11_r2.json	11842	80c1b0feb59825063dabd565dedac93c040c367100bc4ec053e06ea6d80db7e1
reports/v12/golden/trace_gold-12_r0.json	11856	d8d3a1dc65a1a400b142a9a7ff327aa3675e3969182f536c707535881c1d248c
reports/v12/golden/trace_gold-12_r1.json	10996	b216257000550e647986eacf5654cb4dd22ae9db5de35558aca5b7f5470d7d24
reports/v12/golden/trace_gold-12_r2.json	9493	c65623dbc2ec76ee4b8d14ed488252bacca2b6ac6d317ac4fff304bdc2576f1a
reports/v12/golden/trace_gold-13_r0.json	2822	87960acafef6eda8000962da17cd7b1611a479b3eddfaeb0e71d17ba150fe446
reports/v12/golden/trace_gold-13_r1.json	2071	9255d92a955806c90c9fc74bd3c3002edfa66ccd4150990e14c9bc93a15f379e
reports/v12/golden/trace_gold-13_r2.json	2820	07d0f9068d5a52288d77449716d9c4cc8ec9bbebb8ded27b74c0d7ef302ca32c
reports/v12/golden/trace_gold-14_r0.json	4276	608641c6f8aaaf376fd47a676c594372a95bd6d5fb896f0c7a39c27e5da79abd
reports/v12/golden/trace_gold-14_r1.json	8013	af8b85aad9237cde2770d382efa7c73c07cc91b329b17d3d310ade7d67a03a29
reports/v12/golden/trace_gold-14_r2.json	8005	ee5f01626cb2972d2c5bf655952a4207be4abf4375d98185a84682c661f5b985
reports/v12/golden/trace_gold-15_r0.json	12017	1b42dabbec904e468967fc5850fef5caa127526b0fa5865ccddc0a1ccdf58f08
reports/v12/golden/trace_gold-15_r1.json	10126	74462c122aeb20b9b839412d1f24f5f974ea6c35c6baa1dad5ad9f91097bd3c0
reports/v12/golden/trace_gold-15_r2.json	9215	b892fe3a126a885299c310058a707312b03de356d6bf25667a296dc03b3df8fc
reports/v12/golden/trace_gold-16_r0.json	4947	59325b757ba258afdb6382d744075cd123deb1db092382af77778dfe919f9361
reports/v12/golden/trace_gold-16_r1.json	4947	fe8871e4d2aea349331f401d286ab8692d73370cf7564b7a1b65d84da1ee5e17
reports/v12/golden/trace_gold-16_r2.json	4933	cdc601ef56f03251c2a03fa0c29adc4a7986e7bf1a3cb87d978f87101cb6cb3f
reports/v12/golden/trace_gold-17_r0.json	5362	e768bb338636c72685f769080f1570be4afb61e666de49c3e7aae3381c1d8dfc
reports/v12/golden/trace_gold-17_r1.json	10512	2639fd60e6e396e6a176469488bbbea4b1a5336f7d4c35d98626b73dd43ae06e
reports/v12/golden/trace_gold-17_r2.json	10517	3488d8d826f8bd733354a75158ee6535d677844b9e55c1258a7a8c531d558fb5
reports/v12/golden/trace_gold-18_r0.json	5381	276617c375029014bf2488c0d3c87f727fac40da633451a2052fd462b7cb4041
reports/v12/golden/trace_gold-18_r1.json	5491	5ecb0efb1b893eadc456331c44215f004189482d8cc2fa8869605b36aed1dfad
reports/v12/golden/trace_gold-18_r2.json	5534	cac2a75412eef6f1db1b45b5c74a1d4e59bd7c4b2d32934cbefa9a76a9ae2a3c
reports/v12/judge_verdicts.csv	80566	0cafde2b7032bc6470f3600adbdc56c58c3d7bc021471b903a49d72d6eacd325
reports/v12/metrics.json	699	4547c85858e14e6d72884db5dcef56115c2a44c0932086938218c8b1938edc5c
reports/v13/dev/.rows/dev-01_r0.json	4459	0621d920a39bb20b479167c0074e318798b0aff57ed94f9b342617f10ecf98cc
reports/v13/dev/.rows/dev-01_r1.json	4444	27f0c42e1d5c9cb59b2ab9434f61d48bbacc13591e1ce322a344f1e5e50c8c6b
reports/v13/dev/.rows/dev-02_r0.json	4498	cd9a17a91c631b9c267506da6d21e7090d2832af0da4b7ccffcbd25aa26b35e9
reports/v13/dev/.rows/dev-02_r1.json	4697	970d68f7cbde4608f760257a8b2a51fdeebfe947efd7c669f03b5cb96ecbaf83
reports/v13/dev/.rows/dev-03_r0.json	4419	96805085e8942bb0227e1eaaef7b3dadb4abc4a1fa3e4d8c72873d6a0d204a5c
reports/v13/dev/.rows/dev-03_r1.json	4417	40e305cc19efb90e5259f7cd6db3daa73edf3ae409f463bddfcd2a9b2bca28c8
reports/v13/dev/.rows/dev-04_r0.json	4416	8b5be47df065716814a5645709dbca90101d58a374a1338abf164104965baa42
reports/v13/dev/.rows/dev-04_r1.json	4410	0dc8c2b67ecc5d5d0493ac7b0857b408f87c3eba11f11bc34098fa46aafd3457
reports/v13/dev/.rows/dev-05_r0.json	4326	a3abcdcd7a176757dce3e99053e3c088791365d4d9364604d629b0592d087407
reports/v13/dev/.rows/dev-05_r1.json	3725	f543489c5f2092f1335712dab28be6dd6725034c600d687792cf6253ca2495f9
reports/v13/dev/.rows/dev-06_r0.json	6124	da90442cf9f333d1b1aa778a3ba08135456193651f754b6124426c48eb8cf9b5
reports/v13/dev/.rows/dev-06_r1.json	3843	77e52cf41e9990d68c15bc6c73c31187a9cd4e332f2f68ccd71a1d6dd0572a80
reports/v13/dev/.rows/dev-07_r0.json	7247	2e5c2dc1f14ff503ad0031d562f86c6e4b06b3a340c0e2ac65d16acd346c60dd
reports/v13/dev/.rows/dev-07_r1.json	1213	915546b11a9ba5a89a3da5812112262148b3b6cffa619be8870e23c475b3ae2c
reports/v13/dev/.rows/dev-08_r0.json	9402	73118c8132eb1319ca47cb822f6f82dc67eb5e1da86aad375f4f09b8753c772a
reports/v13/dev/.rows/dev-08_r1.json	1268	20d69384c434d89b61c64e4abb60c6bec5f9685446cc7507fbee90458eeaf879
reports/v13/dev/.rows/dev-09_r0.json	5138	b61f817d0afefa612a0591e4bd8af415bfcd8ff3f9abce9b12b09110be70d412
reports/v13/dev/.rows/dev-09_r1.json	1206	f1b5afb3657e24f71bec99bd382ba5f0382384ea4339a6f7d17ab585a5fae633
reports/v13/dev/.rows/dev-10_r0.json	8027	c415ba31c2088da1d63a19573978667f21f6d4ea02b98f018a6efeeca4c3f960
reports/v13/dev/.rows/dev-10_r1.json	1255	16b5a020184aa23ea6efe27630278834dd29d90e5430814352fdb304677a562a
reports/v13/dev/.rows/dev-11_r0.json	5894	c0ed297290d0b58b483db06467fdda98e41c8902ffa360be7f94f7203a956aff
reports/v13/dev/.rows/dev-11_r1.json	1185	97807979e2bd833bc56aad6c6e4fcbcc871c4dc5003420ced1bc595c76a9541e
reports/v13/dev/.rows/dev-12_r0.json	5853	be1daf03c9b28da5caddafc7c73f2c4103e3f55f5dcb1ef858bfcd6e0b70401d
reports/v13/dev/.rows/dev-12_r1.json	2906	c5b3ff7b1c66c5a4b79177da9c37f4d9e3bb91e5ed4842b8d8c6b84635756ab5
reports/v13/dev/.rows/dev-13_r0.json	7457	3b5a828e1c9b28b5fe5f4df853808e01f315e6a9a343e6960c1cfe6a0cb4733a
reports/v13/dev/.rows/dev-13_r1.json	1224	dd7400b3ad9fde2b6f0f461797d9642dadc4b9caaad45229a210f343f0cba0ff
reports/v13/dev/.rows/dev-14_r0.json	7142	7f5eee9f6c6cb092c6793d2ac54bb3b1b03255c7f1cc028176c3c6b8adb19342
reports/v13/dev/.rows/dev-14_r1.json	1215	4ec718be76ddf1259a1bfa857216784d4f14be3af401d9bbd1f030870d633b59
reports/v13/dev/.rows/dev-15_r0.json	6652	9285a06cc70911e976c708c2e03c78b41d948f999ace9cb842057a9e0c573946
reports/v13/dev/.rows/dev-15_r1.json	1233	66e0a9e3042386d2b249b2158798f87bef79e92dad2aa20b5d8529bb2a611161
reports/v13/dev/.rows/dev-16_r0.json	8611	086587e0e28d7a6e34354081254ab9e0e639e6c2f06d2e5a2d87a05dc0ac6197
reports/v13/dev/.rows/dev-16_r1.json	1110	3ce0b73f4d87b4c96c077e2e76f9b5a0faa61a41b74c05a08de1b6b57cf95de8
reports/v13/dev/.rows/dev-17_r0.json	10260	fc98f2aaa44b86179b89c0c286477ec96423dbcdb26f4be15c336aeeca754588
reports/v13/dev/.rows/dev-17_r1.json	1115	76b0ff56fed2c3aa08becf46cefb6f53ae053fa76b6435f7c24f11a54499c6fd
reports/v13/dev/.rows/dev-18_r0.json	5027	4a21cd3b4ee0c8b38b7b1205accbaa099f7e875a926f8f72130174a17eacc921
reports/v13/dev/.rows/dev-18_r1.json	2847	9a39d04102e1a1930c03ed15e37d47338ec785dc29a12dc418c0a0151a1e9e44
reports/v13/dev/.rows/dev-19_r0.json	10795	ab762cadb58ffd7162d344167a79236caff7718732f27ca9e80ac39a6f52dfd4
reports/v13/dev/.rows/dev-19_r1.json	1111	57d2b8b97967a26ca18fe37bbc323c45e7a8847e4e6d4498ab5f4db3b5ab9319
reports/v13/dev/.rows/dev-20_r0.json	5288	3bbd51651777f40f8e2e0e656836885e10407c856ab02e5649cd8fad1e577cf9
reports/v13/dev/.rows/dev-20_r1.json	1142	b09af00441b02ffa6c5a28cc0a857cda8237090426bc5091a38a90cf0711199a
reports/v13/dev/.rows/dev-21_r0.json	3262	dcfbee04951a6d3fc576851ef4d9f743fd2444b9b4ad43962aa996ed4d29b544
reports/v13/dev/.rows/dev-21_r1.json	1103	6e8b1830f22fc8ebb066a2e19a61c3dd622d7d450d3a5421037014c14be7a07b
reports/v13/dev/.rows/dev-22_r0.json	6644	6c489013ed21f3f4bd6f861b152b2c2fb1fcc012fffbd8ceb2a05bd3d7b6beda
reports/v13/dev/.rows/dev-22_r1.json	1068	2c519de8d53e6e512f741f9cdbcfc67fe45a3992a50cdf6c9395ebab5e0af105
reports/v13/dev/.rows/dev-23_r0.json	10751	1cbd2a2c8b04925620617633bce7703be59a294752779fcf1f57862624612ebe
reports/v13/dev/.rows/dev-23_r1.json	1079	0e5cea89b772eb47eadcb3755e8cd037f360ff800278691c3e8eec1c31ae9deb
reports/v13/dev/.rows/dev-24_r0.json	5611	d26e68298990c2dee8e0b18937700b1ef13aeb670057ebf848aa27d368257737
reports/v13/dev/.rows/dev-24_r1.json	1095	9efad6946ed679e2858f9f929b003cfe90c10dcae9bf7ab314816c40715564f5
reports/v13/dev/.rows/dev-25_r0.json	5126	755025fff6a9e2503344eb4b4eb99a898bee3188358c0a2ee1d78df60cccc39f
reports/v13/dev/.rows/dev-25_r1.json	1085	74df128d40cb5608836e063f7e83e788ebb3b18c6e26b54a009328984562b6ff
reports/v13/dev/.rows/dev-26_r0.json	3866	426849ffe4b064255b9c66a9a40fd50cd67c364bfd033fd30d3d029edf67bd03
reports/v13/dev/.rows/dev-27_r0.json	3875	be07eb3db55ae35a5306dc4bb94b83bd72f3cf1c18210fab756f2a2744086f4e
reports/v13/dev/.rows/dev-28_r0.json	4104	5344de2520962b9bf2930c32a56b67c3e7bba505042c64564abebf4bb6dbe561
reports/v13/dev/.rows/dev-29_r0.json	6144	2205bfeb160674643ed1d4742ba45bb23451a7f7b28e9cef34cf4ad45a6dbdb8
reports/v13/dev/.rows/dev-30_r0.json	5347	043a819dcbc9302d49f9c76fc67485a6132c60f71ee77819e21ac5b7220cf519
reports/v13/dev/.rows/dev-31_r0.json	4067	20758580af45f99f82468af26d884de9a1f74b6d9e44f894301d6f4090cca51c
reports/v13/dev/.rows/dev-32_r0.json	4429	4bee4bec72e7f6e6afcb501a22447e22b03dd98dd7781cfc4a1d79c3dfc8e861
reports/v13/dev/.rows/dev-33_r0.json	4186	2edee106ec32b4a0b0b638769328164eafbe88e66291b7da41565920a2e2adbc
reports/v13/dev/.rows/dev-34_r0.json	4639	43480936b750841b8c082885804dbafec6e7c6a66ee16ebda3f1c69aecd72c52
reports/v13/dev/.rows/dev-35_r0.json	3859	8778419e9d85ca63f050094c474c0bf45ce320df28bdd8f5e8b3118a2699c1ab
reports/v13/dev/evaluation_identity.json	96	822697ee3446de78bf257edac2631cb8fa094e3194534391696a0d4aee772d1d
reports/v13/dev/trace_dev-01_r0.json	4448	74ee0ab042f99bfcf9ade8afecc254c76f8b640f72bee8af4bdca1f46b977f5f
reports/v13/dev/trace_dev-01_r1.json	4438	130100326a509d2ba588779859eca28756d1e2d1720c06dae550e7833fcf60ba
reports/v13/dev/trace_dev-02_r0.json	4472	78a73d1fb87bf89346c234a3562a613cca230ba9af8746fa097f82bc12776f09
reports/v13/dev/trace_dev-02_r1.json	4607	002ede7ede94f45524d0de1abb3b0b9618b0b2a54104b41c8b438aa0011670e6
reports/v13/dev/trace_dev-03_r0.json	4431	647b8c5f6ae529c3332506adf01f166f10f226ce4fbc3f9af0b926cefdfb420a
reports/v13/dev/trace_dev-03_r1.json	4430	e23262fcef36235885b03b7e2cfd963c573af826f02c47a2dfbf63568a16e1d7
reports/v13/dev/trace_dev-04_r0.json	4452	1276695e659cfdaa141144c0af6b1c3554dad0b06c6af32a38ed30949c0f23e0
reports/v13/dev/trace_dev-04_r1.json	4448	639c0fdbdee0102cd2f3b587b7fada2e604c01d9a7a3baaed99dadefff284f5a
reports/v13/dev/trace_dev-05_r0.json	4363	0701b477755164159959eea79e063bcda8dc524210f0920961bf11d2e0e1e36c
reports/v13/dev/trace_dev-05_r1.json	3725	24694cf9bd620a74e77184883c5cdc9e8de2c46554c3c7ed87005c0c8425c74e
reports/v13/dev/trace_dev-06_r0.json	5688	2ab3887cb14758f4c43471cbc474239f91106b2cd486d96e32bdde2cddd0d1e6
reports/v13/dev/trace_dev-06_r1.json	3751	fe97f1a947a1f8fed747b6f3ca89299d7ce78bea8e5ef76369883a28a35d15a5
reports/v13/dev/trace_dev-07_r0.json	7268	e63dc68c0167e6192f4ae0e6f456b2619534310a460a2f3995b6941c56016401
reports/v13/dev/trace_dev-07_r1.json	718	5314b01cae284c840d49f286b5b35fde7811ad6eafe54f4e51c653e6cc252a76
reports/v13/dev/trace_dev-08_r0.json	9349	91e577448ef220b76c2622bfa6b0e04a2033e4921ffe5922ee826511a98e0be5
reports/v13/dev/trace_dev-08_r1.json	725	a4c9f4b32495621396373199ce0403f12ab43bf7901c2fa2f02a2f7cfb0c1279
reports/v13/dev/trace_dev-09_r0.json	5099	3ec659d104f2038f6c1ab691db7d5b3c01d8b18ba0f4d641cbeaf4f3d0f7e7d1
reports/v13/dev/trace_dev-09_r1.json	716	c5c43bbf2dd975f0334a0780c81f0de8fed665ba0770eefa53a9460cbc29a1b6
reports/v13/dev/trace_dev-10_r0.json	7736	0e4f3595d2fd9ba14214eff8f5c0e9d837f8ad9681e0666d42c16bb709e4aec3
reports/v13/dev/trace_dev-10_r1.json	733	f65d295e8aaf7b819825df25c63cfeb840259a4e76d3e0c4be844890e6270773
reports/v13/dev/trace_dev-11_r0.json	5535	26d345a10c95827647f8d60ff0c5ed3d567a3916e374b9044b5cc882f8b9f0a3
reports/v13/dev/trace_dev-11_r1.json	701	b8f7093387b1d7aebfac2ebe9e7d555f7e49ad8497ed0166c4499253943ff146
reports/v13/dev/trace_dev-12_r0.json	5506	7ff8b27eaf654611b8c7daa6a9b16446fe0b7586f59820fe34b140405749b935
reports/v13/dev/trace_dev-12_r1.json	2724	b015f72350c1d8102a8fec9e13f48b4b5081885cf5cbcdbd0e2937b5d3b8ce68
reports/v13/dev/trace_dev-13_r0.json	6982	122793184b896142b2be33d2caa7988b9d2c483bf85ccd809d82466c9f6db660
reports/v13/dev/trace_dev-13_r1.json	714	4568ad488f0171fbcfbba71d59175ac1d3fb3914efed3931398943e1d9c416c2
reports/v13/dev/trace_dev-14_r0.json	6833	9473a0c5bdc6940a5b8de89685f2a6089809cee468a996d9e9e6536787bcb282
reports/v13/dev/trace_dev-14_r1.json	719	520ff24592f3c85d23bf34428ed5605da2f14dcf715d29017fad8f394d4b642f
reports/v13/dev/trace_dev-15_r0.json	6412	7dd56a06bc9b25a0e498628c0dd47154541727350324912dda6f60e7101bf347
reports/v13/dev/trace_dev-15_r1.json	724	aa0732cf7b1e30ebf926934eeb55e8e42e5d85e2f6e7a21dd21e17dec557cca9
reports/v13/dev/trace_dev-16_r0.json	8946	f42575e5cf411ced75c7c2412d2b1a798018f1b1d6581e05044e5082a7393570
reports/v13/dev/trace_dev-16_r1.json	686	db707e155d3641694ee39aa02b4fad008dbc2c2ca295ee5c97aa776ebc6bfa89
reports/v13/dev/trace_dev-17_r0.json	11595	0d5d703101c23ff2d51e8c259502b6f7e938de3807842273691b4ca47d8560af
reports/v13/dev/trace_dev-17_r1.json	688	02b25a5a4879289fee51e10bbf4d609e811fcaa0aedc69564d2d3faad8904868
reports/v13/dev/trace_dev-18_r0.json	5000	062da51d599c7f786e9996d65b1c198e66ea2a86218b509df5a25d6abb5df4bd
reports/v13/dev/trace_dev-18_r1.json	2719	7e1470fb238d10e46cc5cfb54f1e3c95dd2cb99df45400e385a20044ffd572d8
reports/v13/dev/trace_dev-19_r0.json	12201	662d6c2208a4d4a839fcd512572ca27081fccf12fbfa618f9fe2dcc084b80bf6
reports/v13/dev/trace_dev-19_r1.json	690	45dae726c3dca1b090b5965083798e3d961e169a8e597adf420f3f2da53bc630
reports/v13/dev/trace_dev-20_r0.json	5367	302eae06852d3d6839b7b17667fc35386b7bd3ab1b42947173ece0ccc665759c
reports/v13/dev/trace_dev-20_r1.json	700	67a1b0d9547937602b94f0dea2d27dbe355836221a1a1f5a1dcc1f55e73726ca
reports/v13/dev/trace_dev-21_r0.json	2948	ba605972b955ed99b5b4b8c0c9fe2ef392b5ccecf5fb06cc4d42d7c28443262b
reports/v13/dev/trace_dev-21_r1.json	679	c0b12f66fca9712eca252d3a1478a75a94c93e67cf84d7ebbfcd0f9567fcd97a
reports/v13/dev/trace_dev-22_r0.json	6347	c9f7a1f9b919b6313996c8f4a64ad10a71a1e579fac7b4b57447ccd802d301a1
reports/v13/dev/trace_dev-22_r1.json	667	11e837622fb8846c412edf307fc0eb90de261a4045122bb53af34ee526f9e691
reports/v13/dev/trace_dev-23_r0.json	12156	f4699083ae45127a3d374657086cd6f69d8b2cd44314ce99a39f0f2d34bfbb71
reports/v13/dev/trace_dev-23_r1.json	668	2946eb4ada1fab51c1a3ba27b5f6a83c8f71adb119dbd09446483685cf7fe484
reports/v13/dev/trace_dev-24_r0.json	5161	69286c6e85bf16ab5e468bf3628a4050cbac685694caaed728d6de025a24ccdc
reports/v13/dev/trace_dev-24_r1.json	672	ff30299bbef3c7d10da4744d986d2dbaaabf3187f1c5c1e3745a9c08b31bacf2
reports/v13/dev/trace_dev-25_r0.json	5231	8ecaa9d810bc9932ef6115470274268b87aded64870e7c0757c2821dbea07701
reports/v13/dev/trace_dev-25_r1.json	668	58b30c80fe8b28f5f445d6dd43b08fdbc95e8bc1603721aacc419835a0db82b9
reports/v13/dev/trace_dev-26_r0.json	3536	956fa06fcf9d492cf34118c0ee196992aaebd66f153a120ac0c22688f7efc130
reports/v13/dev/trace_dev-27_r0.json	3491	85c84b1969759ccb15826a5143880eb2515cec4a9cb3e0b7e5edbc5be2a6f0d3
reports/v13/dev/trace_dev-28_r0.json	3649	fe0c6d321a8e4baa2094297344c77cded0106fac45b54a0463623442c61d6236
reports/v13/dev/trace_dev-29_r0.json	5819	1f46b40afe2b3cc88b687b0b0ce60fc9868ceeed1921a7e2af2c432759c389d8
reports/v13/dev/trace_dev-30_r0.json	5357	7659497335d7399e1e5234f41eddf38e091bb9f1ab83f7c481332faed466b9af
reports/v13/dev/trace_dev-31_r0.json	4679	7be035ebe1da65e12235554a6ff3f839ded2cef5bf6d61e0d83c460ef716e06d
reports/v13/dev/trace_dev-32_r0.json	5026	d89fcda1f3b965f9b3d291de5ae0a4836da880aa5d5718f0864e614adddb202a
reports/v13/dev/trace_dev-33_r0.json	4789	5694d53ed36f7afef0f0af2959f53076e2380a1c588d064e89c5eb398a720586
reports/v13/dev/trace_dev-34_r0.json	4998	1458927538cb2563feb7d4307c41680b97c9ef1e188c4f603dae79931a1798e1
reports/v13/dev/trace_dev-35_r0.json	4344	55109d39c8c8cd72f12f5565b5c26896ebaefeb287f7cae3a502cfd2dbebca02
reports/v14/dev/.rows/dev-01_r0.json	4444	e66d2d20b506a1c3fdaaf7d67cb4fc9df41467fe916fb0d758e06cec52d06807
reports/v14/dev/.rows/dev-01_r1.json	4444	8de15485a5029c5ac9bbd18a0f9d403bc5dccc3a907f9fc93892d12a2a8926de
reports/v14/dev/.rows/dev-01_r2.json	4471	1546f7f3f24ed21422f5e2ec8561adde3087c04c7d63d07504e1f95741a45351
reports/v14/dev/.rows/dev-02_r0.json	4482	5018bce55239bf7f61eba99ea0fcd8fbf93f35aac3fce97d03b2c3b8f54725c8
reports/v14/dev/.rows/dev-02_r1.json	4480	41234a370fa14ffd2a624fb3432dadcab3b0cd153eee42459eef330e8f89372b
reports/v14/dev/.rows/dev-02_r2.json	4681	4b5b2a75b545c4b72772ff44bb4acc448bd076515fd5eada954671ce3d4ae5a1
reports/v14/dev/.rows/dev-03_r0.json	4416	69aec8d9d688eee8827240e690dad3ed9108af7ad2e65074b07973882368a9b4
reports/v14/dev/.rows/dev-03_r1.json	4417	9aaf0df7f0fda39139524baa86e515beb1a94584ff9accd45bf01f9b88bfce96
reports/v14/dev/.rows/dev-03_r2.json	4389	0197f769e8d9775cacc10e1e37d8d0acc5612ab8a4ba1da713ef96c831dadd74
reports/v14/dev/.rows/dev-04_r0.json	4410	3ba04e89ab3d0d88107531353e60b85de9a0d08066d6f5812e39d8890349f79b
reports/v14/dev/.rows/dev-04_r1.json	4410	c458c013fa21799ad60b935e34827710adaafe3c8dd0113fe386cba548bcaebd
reports/v14/dev/.rows/dev-04_r2.json	4390	7fe822479493371056840c5aef4a92996807bd2d89d234307891bd3683458c87
reports/v14/dev/.rows/dev-05_r0.json	4324	a035633b0c177e3d777da37deacb71cb714d2896bd1580fc96fbe2112a2a122b
reports/v14/dev/.rows/dev-05_r1.json	4324	c5136dbfea0886442ab4c7d0883df1233e74f2514ea72c2e5150ba7ad5c846a3
reports/v14/dev/.rows/dev-05_r2.json	4324	f3dafd6303821c612d66b0b1f77a8353d714f36c2d77cbf9a9d403f1f2c1166f
reports/v14/dev/.rows/dev-06_r0.json	6129	6148eeca5a11c54e1c4129f9a0c754861e73ea4fe93750246b84110056855df9
reports/v14/dev/.rows/dev-06_r1.json	6124	76f429de8b7a459e4ec03965d818d6584193d75833ec01f0ab6a7e87cad456b5
reports/v14/dev/.rows/dev-06_r2.json	6112	049ca36dea0a94c394c40eaaf0685e041de37775c91cd419c20f2d6e754a4c56
reports/v14/dev/.rows/dev-07_r0.json	7226	2cd30677c3fc0ea3d02c77098611e145643b4d068c16859a311fefe9745ea0c4
reports/v14/dev/.rows/dev-07_r1.json	7279	d5ef07cda8dc77aebe9e397ab5a8a3409ae739bcd013d486108476ceb9c2e1de
reports/v14/dev/.rows/dev-07_r2.json	6606	9f025307b20ef46d1ac82efdfc05115011ae57c51f715fa1e0c04c1b5f79babf
reports/v14/dev/.rows/dev-08_r0.json	7380	a7f985bfb46dc6387375529dadbcf498385b47f74a4712ee2f55abdbc9451936
reports/v14/dev/.rows/dev-08_r1.json	9409	eabc1e46221d2542ee7ae727ac6dd12c9285b319a6f46ac151560ace2ef76d9b
reports/v14/dev/.rows/dev-08_r2.json	9414	feb54cf21c8415377067ef83a9121565c4472e6f656dc3d2702a9f271e6685d3
reports/v14/dev/.rows/dev-09_r0.json	5120	ba5d725d26bdd69c62837f95277b53cc144dcef429a9feddcbbc8659cee70209
reports/v14/dev/.rows/dev-09_r1.json	5136	538dbd974d8a4f9b53692c6f771700832b367984f22d8ac4f8327aa140169e6f
reports/v14/dev/.rows/dev-09_r2.json	5118	a85886fb0eee6aa812c95f9800fb0df756e8b90b837f9a937a80b245262bf685
reports/v14/dev/.rows/dev-10_r0.json	7948	4ff06f0136cf8208dc1d17ebe6a7786fbc410f93ba780a35ee68f5f25908e9c8
reports/v14/dev/.rows/dev-10_r1.json	8006	44e41888e222acd9e6761c926c3822cbffcff21f36bfcb3828de2d347e360781
reports/v14/dev/.rows/dev-10_r2.json	7755	cdc7788eec35c335676163dbdebfe7d27d3ef5c98743e0d82f4d0936c4361e1a
reports/v14/dev/.rows/dev-11_r0.json	5899	a5d3df76127dd7385f57b6ef53741334dbcd4726b78406f8b18a1b24cf4ae2a5
reports/v14/dev/.rows/dev-11_r1.json	6019	1a20f43a4cdd7d5a3e5b47af74ba73b0ac3c0e7b049fac8901de36ff09bafbdf
reports/v14/dev/.rows/dev-11_r2.json	5901	a952f29f29d4cca01c1c9214f6d30bfef6aab86580860e54bc7e85cea40dbd14
reports/v14/dev/.rows/dev-12_r0.json	5103	2f99d606d93edab274a639ee48d33ecb478dd8a943d01b3a49698e65437c5439
reports/v14/dev/.rows/dev-12_r1.json	6008	35aa2bc256a7baed3abe164f4f4f377cec3d94d7debb13b3f142162214e771ae
reports/v14/dev/.rows/dev-12_r2.json	5047	8f5f354a42ec44e4a9852aa04fc618efe50ea3d30dd57994e281a8c56d34da1f
reports/v14/dev/.rows/dev-13_r0.json	7601	1edafb5c454e76ca66ac2aeb375a3389d4d6a3efe74f5ec018f8590da09fb547
reports/v14/dev/.rows/dev-13_r1.json	6406	324b1f88c1904e7079547f15d7c977969f46b63a0bb368e1f11648d053f0c07d
reports/v14/dev/.rows/dev-13_r2.json	6988	164fca7403916b26c649c75d6e70af7de63591106172aa8c1ad8e392bde2c53f
reports/v14/dev/.rows/dev-14_r0.json	7142	e79af3343c5aee44e8135cc91aca8eafeb99c2b20d7a435039439065a5852096
reports/v14/dev/.rows/dev-14_r1.json	7233	c31304d36c6515bb53ee4b82bc4d7bd5a107c370b3fbcc4f22891d9d288ec01e
reports/v14/dev/.rows/dev-14_r2.json	7680	9d513dd1fd60a90448d766b754bb2a575285fe7e2e99f234cdcce526c063bd1a
reports/v14/dev/.rows/dev-15_r0.json	6697	28eaf1fad556b75bb34e5b1193faf5498ef7bf4db5bcd59bf0ebf4df7ff1a32e
reports/v14/dev/.rows/dev-15_r1.json	7386	47da358dba3809969af579cea01437952bbf0fa8ee57ac17503cea48d653d87c
reports/v14/dev/.rows/dev-15_r2.json	6919	3a60f4d2769ef1992b792d3a39c48dcae18c07bacc595c44da59a39d35fe705a
reports/v14/dev/.rows/dev-16_r0.json	8662	eb0b861186ea4edbe95115d475959d7271929adeb795cd4861584ea1f33adc11
reports/v14/dev/.rows/dev-16_r1.json	8589	a7300f68fb5e0fc7a8d4bf0d99ac2c058712f2c0542376acdded88798c8bf30c
reports/v14/dev/.rows/dev-16_r2.json	8613	f9314c2ab75f7c955dc99b0df0d556b95e78bfa13f2537e0fbc88c38262053ed
reports/v14/dev/.rows/dev-17_r0.json	10312	3c4b26e4737a06fde1369b47983f9f2a59e229d0cf5276ebbde3bc7d8d7cbe32
reports/v14/dev/.rows/dev-17_r1.json	9853	f33b916cb859591bccaf221e31a82b9a5e5af92db9b9cc9fac5343dee3c11892
reports/v14/dev/.rows/dev-17_r2.json	9615	3c52dac1ddf4e3910cf98d86be453709451a454f54422580bdf34279b39915f1
reports/v14/dev/.rows/dev-18_r0.json	6649	0e2d644b2d7aaafb2c190a97a440e146d34cf3b7cecdd5773f64bf12b680fd27
reports/v14/dev/.rows/dev-18_r1.json	8633	7a04707fe1ec5f4e8fb70899aef32c1caac75e69552a8743d7cc138042c920a7
reports/v14/dev/.rows/dev-18_r2.json	6309	fc257ac71cb6c842d6149754fb6343277dceb2604d233e5ab56ee3738de7ae26
reports/v14/dev/.rows/dev-19_r0.json	11593	7a77d26c2de8af5370b9ca8f80355617f5fccb364ed778ed6bd700eca3386e97
reports/v14/dev/.rows/dev-19_r1.json	12132	b454c6992063611f03cf6bfbb831adf6be167eb8eca8dddc4638ab962f064b20
reports/v14/dev/.rows/dev-19_r2.json	11270	0588d264899fc030d255927cc50c62e25715a94d97c8668b15e948675b4d5aa5
reports/v14/dev/.rows/dev-20_r0.json	5280	43ac9a5fa197df48e39a6b3d0c0bc528d2850164d871b06a3a500509746c2da1
reports/v14/dev/.rows/dev-20_r1.json	5265	ff21eccb041560f3807c61acdc10b32989a904399caed9c8f04035e6558ab2c2
reports/v14/dev/.rows/dev-20_r2.json	5282	5d0ec36b7b9e5dafe038c07ece71657ff4fc0b1d24d1d9e4266e3e9f75c6c8b2
reports/v14/dev/.rows/dev-21_r0.json	2869	a2bcf57e467cfc42f3a9815a4a0cb5e0ae07b0a31e39649d10262d3da861bcc0
reports/v14/dev/.rows/dev-21_r1.json	3266	37c6c749793e2aa2eff0fbb534b030dca587f0e49df56832d763f516d8825ce3
reports/v14/dev/.rows/dev-21_r2.json	3348	725897b42713a07527bf76e3c76faf4ef959c726f7d541e3db3a9024877ff257
reports/v14/dev/.rows/dev-22_r0.json	8337	ff72d29f780cdf52f50b84e2ef44c01cf21578a199c513337e565d0f8208a625
reports/v14/dev/.rows/dev-22_r1.json	7085	256c06251e203f27af89a80870f1a0b5bdec5000d5f692ab57d798e53e14f815
reports/v14/dev/.rows/dev-22_r2.json	7319	84801c936fc3588d33e7f427e8e8f55d89fc41cd5760026cfc5acf390299e076
reports/v14/dev/.rows/dev-23_r0.json	12158	c2c333d5a54e5837a8ed4a4ae18ef260d3b8d250f9e80776adc84d6a137fb843
reports/v14/dev/.rows/dev-23_r1.json	12155	0fb1e19dc38a9bfc6ede8c13c396555306f0f43ae5d398a864aaa4acc51af236
reports/v14/dev/.rows/dev-23_r2.json	11394	2cafb504dc62a8a8fb496ef9fb34547be16d17ecd4aa37f13af35abff3782fcb
reports/v14/dev/.rows/dev-24_r0.json	11502	992c831cd7a7d24ff28cdaca7a817f081f9ca35d2a3934f6fa17e6e8c111e335
reports/v14/dev/.rows/dev-24_r1.json	7139	2d83dae803bf7dc10f416451c825ea247bc88cadb9584d76f20eb17a89656bef
reports/v14/dev/.rows/dev-24_r2.json	10704	6a766cc30ea99b4f0fcf263428c714161b01f1251e0432c2bfcc86e4eea2cd46
reports/v14/dev/.rows/dev-25_r0.json	5174	2cd671a3d8b200d889d9975cf099e8cf534c29d318a223afe92abb4638a34296
reports/v14/dev/.rows/dev-25_r1.json	5220	075d73c32db5f5136531790f2b0e01243cfb63444b32ec7e81be8402d720dd34
reports/v14/dev/.rows/dev-25_r2.json	5147	400297a0279f73ac25a67c8bcd87f52f0d7d7c383ec2672bf95019e91f2506f5
reports/v14/dev/.rows/dev-26_r0.json	3872	849c83910bfc8f89bd282e6bdb8a93c1633cea80ec82f3a5bdf2851a85235466
reports/v14/dev/.rows/dev-26_r1.json	4190	2d063257b6dda35683434c674794a1e4fe9918b565a9ee537a6b8bcede2ba686
reports/v14/dev/.rows/dev-26_r2.json	4190	45b90bf64a3ea388a9df35a35a3badba4ef2fc0a3138b2f110f327684eca9498
reports/v14/dev/.rows/dev-27_r0.json	3920	1c22519596c87b6d4d7099dfe6bcaec856ec2bdb1079472df45a3f1e5070eb64
reports/v14/dev/.rows/dev-27_r1.json	3855	bc9818ddaca01e8b022d3947b1d6933a2863e0ddc5243bb6843b2345f3452019
reports/v14/dev/.rows/dev-27_r2.json	3873	bd7a53c20dd489ee0972f3f8a482091b35b1253d8e5d46bba65b50f978bb3f4d
reports/v14/dev/.rows/dev-28_r0.json	4157	600729ebe7a499141e0aae6e4494e9d7649092df8806abe221146f065b017334
reports/v14/dev/.rows/dev-28_r1.json	4215	5420553bda2017e6864287fbf1a6044971b83d07e0162f528a2d89b310d341c7
reports/v14/dev/.rows/dev-28_r2.json	4152	8f8a00fa4d4ac315d43a44f4840014b2724861c93c5e273eee2a9a87f97138f4
reports/v14/dev/.rows/dev-29_r0.json	4241	a68592ee6fcb94c809ee3dc726fb4785252e81cba2bd7cdf5be94da9e4b57062
reports/v14/dev/.rows/dev-29_r1.json	6039	66a11e8a423161cd545fc78cc19cd6385043d205189f709519aba71c5cb4eb8d
reports/v14/dev/.rows/dev-29_r2.json	6238	d642ed896659fe7383f68a39d183d9490bd81d2ad3bdbb9d2fd7b811fa23eee2
reports/v14/dev/.rows/dev-30_r0.json	5649	2eaa448730c59f633f21af6fc502684b62370b763d60514428718d82e17d6e96
reports/v14/dev/.rows/dev-30_r1.json	5623	8ddf0623c3c90c6c3260177517a1c298cfb1f81101c0aabc4c384331c973966f
reports/v14/dev/.rows/dev-30_r2.json	5426	6575200ef4a23ed12e82d31cb155cbf33d7d3757ff305dcb1c27fbe8c531a874
reports/v14/dev/.rows/dev-31_r0.json	4069	00c81f191df1ebee83d6aea99bef661c654d01fb39b07f991aedd2020bd5205d
reports/v14/dev/.rows/dev-31_r1.json	4069	55d940134efa483a616fac4fd0ea61345c28d2574aea6bdf15222212fb9fe87f
reports/v14/dev/.rows/dev-31_r2.json	4207	24255753939fd9e806a82e4ccfa998f476d5d4969353657cae83d46b100135d3
reports/v14/dev/.rows/dev-32_r0.json	4408	d68ee28793c197a159dc9b4e57ca47a5261bf4da8df611e23987452ac972ca3b
reports/v14/dev/.rows/dev-32_r1.json	4380	75c46a2cf02e87e68627d506e5ee1112190144c28506066846da2a69bcc96338
reports/v14/dev/.rows/dev-32_r2.json	4382	bff3129667d67f0208f1fa97b33663397d049537b083c7fae1fc94de46fa8d84
reports/v14/dev/.rows/dev-33_r0.json	4168	d217171d4b3d740ec41a01ca6a14d50dbd8bb25458f74a1e56e06d2f4e8ded90
reports/v14/dev/.rows/dev-33_r1.json	4539	295626292e46bd62b6fe80934221e2639d26d16db5c0b809ff8c26b82a689c92
reports/v14/dev/.rows/dev-33_r2.json	4186	60eaa5996c803acae2de8245aaff5eeed3a55f0b22ca4b7935f0db9d6a6a7fe8
reports/v14/dev/.rows/dev-34_r0.json	4344	5420ca527d45848b3f4e7606cd62a590b320edfd0ed51ec482c993b34cc8011f
reports/v14/dev/.rows/dev-34_r1.json	4356	e96d65b6bd6d0c331e1809094aafdefe19a6a7250cca22d8a4c8fbe482def12c
reports/v14/dev/.rows/dev-34_r2.json	4492	dd409722d3f0d9805ea9291821a377df5ca89053d66ea69b6a3c2e08074801b1
reports/v14/dev/.rows/dev-35_r0.json	4215	3cf409fd124359540062c54602f2dc0e4fb83bed6745f984d6d9e024b9e873ee
reports/v14/dev/.rows/dev-35_r1.json	4199	9f47495aa33c03d9d01d97d8088803c79c30947c1ebbf3432e36bd86d8711641
reports/v14/dev/.rows/dev-35_r2.json	4220	545aade08cccd9df76f43b8489078015b3d489069a552a7eb640fd50b92dc5f2
reports/v14/dev/evaluation_identity.json	96	b0d6dc68c581962255b5093761aafaaf8abab8afec2239d1bd1773f6aad2e6bf
reports/v14/dev/harness.json	96567	ebfd0a74bbab16bbb2efe00214581796871055842284f69ce9721a7f9b9dba24
reports/v14/dev/harness.md	4609	eab8b1ecc96b81efc2f1b6f44243e7384e9ccca25c979c79d1f3a150a73d343e
reports/v14/dev/trace_dev-01_r0.json	4438	e0a9081309bceeebeae2b84c050adccca843b58a8985c4f70b869773626ad993
reports/v14/dev/trace_dev-01_r1.json	4438	38a8d7291c2b794122dec85a89a6e3dc55a15de76318296f9adc48bafeff9f46
reports/v14/dev/trace_dev-01_r2.json	4456	d38342d091ecd9f26051c893457858f925e980093ebbc33688efacced5cd8c6a
reports/v14/dev/trace_dev-02_r0.json	4456	10d93be3880e0165b89802a3eb047ec2182970134666a0677fec0007e6df0471
reports/v14/dev/trace_dev-02_r1.json	4455	a170a2cf6cd5aaf516a12b8da6b0b3a49cc1b7ea013deccdc95a4122ed3adf25
reports/v14/dev/trace_dev-02_r2.json	4591	be65b15295dcc3a8ee88cde27aa61830b3ea9c5c23cd99aa4470c5156a3986a0
reports/v14/dev/trace_dev-03_r0.json	4425	54e15dca80115764597c67b85ea29c51c782ef276f6cc18173aba30573cc5589
reports/v14/dev/trace_dev-03_r1.json	4430	197612b797708d6623b28f623be5d321b47d342cdad283fd198c313f82a762e5
reports/v14/dev/trace_dev-03_r2.json	4411	ec118e2f30d70f973a37407e89faf222399aef94b4a7a389eadcb8d2211ae3b5
reports/v14/dev/trace_dev-04_r0.json	4448	b0259cdbc760db13b22f375ffbae4d91bc03577396d9790e8f2e357871fb034f
reports/v14/dev/trace_dev-04_r1.json	4448	c7a71991e53958674e988809d58639e19f23ae90764bad4eafcf91e16f0ad5e8
reports/v14/dev/trace_dev-04_r2.json	4435	5951426209c7b40678a733ac8becaed9b2eb5e81f4c9fd3875845d6468b2bbed
reports/v14/dev/trace_dev-05_r0.json	4362	7c21c87846ba8526028f080d045676ac77ad568c311280617d105efb620200ce
reports/v14/dev/trace_dev-05_r1.json	4362	8ff7ce3a9ecdede2ecb162c8842b6f710c567692b0ca2e5c0ec21e6208ebf192
reports/v14/dev/trace_dev-05_r2.json	4362	747ae4681784da32c556824efb741ceda2ef38c2fd038d84fc42c32e8759c088
reports/v14/dev/trace_dev-06_r0.json	5692	01a3921ada460b58c53a9a1318102b0c9dd5e429c3eb14a3af9b16426e2d55ba
reports/v14/dev/trace_dev-06_r1.json	5688	a27554a14203ca044a6912093b9915265c11c244f5ac2bfa0b16fb3f4f0c4c26
reports/v14/dev/trace_dev-06_r2.json	5706	2737435cf2013b98e58671a9087ddca091c1a4deb138d2508d2b183589b3a399
reports/v14/dev/trace_dev-07_r0.json	7254	3b33e73d063df2b1989ddbddb959a1b283ad59be93cc0c5b791fe5f43914a93a
reports/v14/dev/trace_dev-07_r1.json	7289	732ee45e6f7ec997dbe52faf561751b648e26adb455d22e1fcd536fe35dcda48
reports/v14/dev/trace_dev-07_r2.json	6422	83d51efb47ee4e5e35f9633e9b81c30b9ba2b5fb3b997e74445e51bfa2207c41
reports/v14/dev/trace_dev-08_r0.json	7693	ad8afbfb7dafdfc8770cad3126429fd086d5478096663786cb7969d15cae7d96
reports/v14/dev/trace_dev-08_r1.json	9350	d6d6b0030ff81edb9c41fcbfb12d29affe0903370bdc109ac9f1bf0f7702dc68
reports/v14/dev/trace_dev-08_r2.json	9354	7aa846d61ab1898634f15d140eb2ce6cd9a01a25841fd6a697238c0b6d04dbd8
reports/v14/dev/trace_dev-09_r0.json	5082	efcaf5b8547e04c50a6cd23a9ae5460ce953965a70ab174448544146e57b2c3f
reports/v14/dev/trace_dev-09_r1.json	5098	113ebcfc4853f7efe1f5a3fc681c222cbd9ed937d0482d375a399b91b5b31917
reports/v14/dev/trace_dev-09_r2.json	5081	eab27848d76c61a2c2aecfce274e7eb74e231752bbfbdfa2be292f4f8fa98749
reports/v14/dev/trace_dev-10_r0.json	7909	d3d485a4312b5a733be6922f176c6d369adfe385ac401ba67d3a77405d5ddd40
reports/v14/dev/trace_dev-10_r1.json	7787	ce9e24be65ed365914fc5a1987115b73b178c7b9d13bf0870a574929ecfbede0
reports/v14/dev/trace_dev-10_r2.json	7600	c349ffc022e9ed0268f68f6b9a7f7868f1c58d0014a676b01f9e8b1900ae9682
reports/v14/dev/trace_dev-11_r0.json	5546	4d5e3efe9f25e670a560b2e0a73584b3fab95e558cda095d7d2c646c0a4e37db
reports/v14/dev/trace_dev-11_r1.json	5620	190e6ce4f7d69516dcd6813df76883a850c0e7b8dcd6d147caa095b222a6cc52
reports/v14/dev/trace_dev-11_r2.json	5547	264b3046e74fee2cb8657af88b698ba8a5627a7003586c123a0d257077f51aa6
reports/v14/dev/trace_dev-12_r0.json	4608	ac5ff2d37b9bdfd075a08bf6b5a917c9b9d41b18e9057b09aec0439f9179bd58
reports/v14/dev/trace_dev-12_r1.json	5624	76d7cffd72361105185e31a57466ccdf702265c6e04ce47c80045e83908b3560
reports/v14/dev/trace_dev-12_r2.json	4553	fa631c7a029bac91da2e0341894a1897be0ca368b77fef0597806ca61fad6958
reports/v14/dev/trace_dev-13_r0.json	7077	060e2f384ccf454e74cd93127bfdd33fd658cf796088069b82766299158c1caa
reports/v14/dev/trace_dev-13_r1.json	5910	c874ced06b6ca6b3188b5138dc0ee2e9e4ebcdbb3ad67c721411885fccfaf387
reports/v14/dev/trace_dev-13_r2.json	6672	dbdc0a286311ac0daa19a46cb6fac7b2ebfd3053d249f65f979ac25d80e0a35f
reports/v14/dev/trace_dev-14_r0.json	6833	df8b8c8d7969e573e18a19b06d7b0eb6fdcef3b80821f4394984f2c2e4187f7b
reports/v14/dev/trace_dev-14_r1.json	6894	fe60458fd2f6cb848001049dfbe7a79dca734a8915922af0763a4d77d0cc40bf
reports/v14/dev/trace_dev-14_r2.json	7684	fff18b352992b80900c7a082c271fd51ad9e1ae8f76a4b7d27ac2fef37d98bbb
reports/v14/dev/trace_dev-15_r0.json	6442	60555b285dc7a50697e205051ed7504d715d614667429fd0a6ca16eba925df13
reports/v14/dev/trace_dev-15_r1.json	7051	dcf9b8f6fb4a6550c91965b790c21c4810c563f5686da74141c58830192f4845
reports/v14/dev/trace_dev-15_r2.json	6592	b81ae16bfaad404699aa9df7de04300c1c83e2addc51b135c7e1cf9431193be5
reports/v14/dev/trace_dev-16_r0.json	8981	c6b69f291c94d91551c127f8726a1780adc52512d74cd3f5120f77d9e849b8d5
reports/v14/dev/trace_dev-16_r1.json	8930	49f0f95a79a278f7eaeb4f5c66a432719cd9e6da2e8940920583e0382dce23c3
reports/v14/dev/trace_dev-16_r2.json	8956	8c8cb79b5bcdfe18c769416401121179f4528960731e3e67dce401a809357df6
reports/v14/dev/trace_dev-17_r0.json	11650	795dbdb8be8b4088c97b3d96fcb3a3145d30f3bf55597f82b62c96bdc3df2699
reports/v14/dev/trace_dev-17_r1.json	11133	790632260f3a122df37dbd040a751714ee4cee294f1309b1f2295872c66fd6c5
reports/v14/dev/trace_dev-17_r2.json	10853	614c3ac81fe7b879cb0d1bc16ce0974f9b549f4a2a01960888b523a6199f2a38
reports/v14/dev/trace_dev-18_r0.json	6731	1fbf5de8f0b0f5365ce781cd5f5479dc1753d63ed2952e54286920c00c95daf9
reports/v14/dev/trace_dev-18_r1.json	9031	b51dd3552153d00269f61f908e7ae312af3cfbfbfa59c7e37b0d19ce801ff475
reports/v14/dev/trace_dev-18_r2.json	6481	41637970216feb63041f19712bb0b482a8f3a722d95f7ae22d8471025c3f9994
reports/v14/dev/trace_dev-19_r0.json	12574	2aa8665172167f3ebf382116cf38ea5be239443328a13faf2445b9df60ae108b
reports/v14/dev/trace_dev-19_r1.json	13658	ac49b06ae494f7a387af6ceb665956b66760c6838d19aa880134deeca3b5150f
reports/v14/dev/trace_dev-19_r2.json	12318	a28a3e8c95b95c27180b0c8cbe25454436d2e20230b35f0e9b29dd694093467f
reports/v14/dev/trace_dev-20_r0.json	5362	c462fa3e13fb6986e27c3b3c85c1bad68579bf905e2bb170d5e5b918af6ad4ff
reports/v14/dev/trace_dev-20_r1.json	5352	79606bccd3af4341f04fde6fcf6784ab728af6c311da6d3e3cbd8117e6e7abdd
reports/v14/dev/trace_dev-20_r2.json	5363	6e7303924062d7868e9e18f82c1d4abdd52db4fed3968562788b82d7d92f298a
reports/v14/dev/trace_dev-21_r0.json	2676	7caf28f9a21690278e9449290e7a29be784a3779ce465cea848f988e71a3e305
reports/v14/dev/trace_dev-21_r1.json	2952	4ea44608b53c49057868a24d820507e5c2805a872d72c5104c3df3e05b35f34d
reports/v14/dev/trace_dev-21_r2.json	3004	cbb7bdc8d4a8a85742c98297f35bd05824f6160b231945aba766af460c25618d
reports/v14/dev/trace_dev-22_r0.json	8387	07ee319284cb14c175ca357dfecab3eef03b48b3eb2b7e2ad215e26a35bd6a96
reports/v14/dev/trace_dev-22_r1.json	7148	67e877fe568654037fb27375b682342c4b5eb2e4fd5e7e3800b35abf1951d34a
reports/v14/dev/trace_dev-22_r2.json	7711	aa23d44fece02aea643047d50b5c516044f60ce6d88d36600a79e4f6f0df12cf
reports/v14/dev/trace_dev-23_r0.json	13770	759e3a2571137d31945c6f2b0cc7c4be71d52697c8aa2796462455fa55fe050a
reports/v14/dev/trace_dev-23_r1.json	13717	7f845e8d4c29c334c1ebec13655d2c1d1a139b7ed775d86082744cd97a30c3b0
reports/v14/dev/trace_dev-23_r2.json	12900	db5750bbb922c15efa57514b3df010f5a472f5acfd0cfa05c2c99c6237e6f5cf
reports/v14/dev/trace_dev-24_r0.json	12321	d189c0c1e916a48d300c5a798150ecba324c28d4fe60c9e6b08dee8fca3de732
reports/v14/dev/trace_dev-24_r1.json	6656	836fbfffb9096e1b622275f84f2e06223f59f5eb64421b31b98a91e43ce0087f
reports/v14/dev/trace_dev-24_r2.json	11053	9e85d2b099005f5733ac00fe3be794cf4aaab7a126dd72bac136aa9e9e0a76c4
reports/v14/dev/trace_dev-25_r0.json	5270	da1f0f626bacd929a81edeaf797fc49e8e839fe02b5c60254182cd50b3080c2d
reports/v14/dev/trace_dev-25_r1.json	5294	dc1f60567befa13b07c42ff0cd516eae1a8cf6134a8d2059571be21805cfa6ef
reports/v14/dev/trace_dev-25_r2.json	5252	2449b5fcac32988662cc3262e88c2c139fbf50c9345977bb5bcb569097068d92
reports/v14/dev/trace_dev-26_r0.json	3540	afc984784dc307ed80388c21f7f278fbe4abfd2d87c2ecc8b80fa25707059ea1
reports/v14/dev/trace_dev-26_r1.json	3752	dee0ff8e898e779c813e47d6a30dfdb87e8ceef9e852c72dd944f84b0353e2ac
reports/v14/dev/trace_dev-26_r2.json	3752	1a707969040a1986ab6db2cb6ae802d63847e44e1488aec5b829d79989fcb08a
reports/v14/dev/trace_dev-27_r0.json	3521	e9ecef619ea3795091e1a1a3444c3b6e4bdbf0e68996b031fa26ce2818cc1bc6
reports/v14/dev/trace_dev-27_r1.json	3478	cf371d8159e72e3cc7fc70a12efbfd1c60b7553a0767ac4c3985a711e20d6f88
reports/v14/dev/trace_dev-27_r2.json	3490	561cb7b9b0a669231ebd4b52ff7558aa78de827c90a233d2e50920965654f8c2
reports/v14/dev/trace_dev-28_r0.json	3669	676668b26d48587ce1d6867350c094e6e953c52993932a3d673b1a144722be9a
reports/v14/dev/trace_dev-28_r1.json	3758	99fd52a25976bc278e3b51aa02f0db75ebd904724f46b5308dca8eeab0f68d4a
reports/v14/dev/trace_dev-28_r2.json	3662	e830bd7d343c5c6b99e4e7be26b61fcbdbf0ce6591264c4feb4d37d6f4d80a54
reports/v14/dev/trace_dev-29_r0.json	3737	ee82ea227fef65b7672f2eb2d33d7fe383eb099240bb8e4f42cca92f8f40e3ab
reports/v14/dev/trace_dev-29_r1.json	5749	025c45a2fa5bc887810c286701cec92913bf3cb18d0f63d3b80c3f9359645b90
reports/v14/dev/trace_dev-29_r2.json	5882	3d667e22834045e83b2ce266542b99714d9e5a4c77a66abd3dc203d2dcc4cfda
reports/v14/dev/trace_dev-30_r0.json	5567	362c15468ac1ca79221787b741be90d0eddb41d88c1af4663e5f7e3b0e67932e
reports/v14/dev/trace_dev-30_r1.json	5560	4a2fa1766edb82239db5d23562e60152c53d1bf6986989a71989f352fd3d1154
reports/v14/dev/trace_dev-30_r2.json	5410	1a39d6f66ba61dbd2fd9572807dc437c96003cb6b2f78cf2160b2e220376664f
reports/v14/dev/trace_dev-31_r0.json	4680	720addd22a5a15cb3f0f83a1069e21974cfb7d9b508bd5413c315296d7501c59
reports/v14/dev/trace_dev-31_r1.json	4680	f9e1b41c19b0bd3035f3623f7c016cbe9151d3b6f7d6c8bb9ea3bdc676142f0b
reports/v14/dev/trace_dev-31_r2.json	4819	1958f06f9afe5925f234e9707444d467b4aa7c8c4b59aad6064a9cfcdfa007fc
reports/v14/dev/trace_dev-32_r0.json	5014	7acb5ec33c52d50c8b1239781b52444eb361af86ec4b8a70352d12ea739bef85
reports/v14/dev/trace_dev-32_r1.json	4986	0c330905759f98f8b0c01432db3f043a2dfe3fe5060dbf7cd0a5d8d21f3fb4e0
reports/v14/dev/trace_dev-32_r2.json	4987	9692afa1173f804284de64dba13fe7ed3893fb0ce7321ff2aa51cba0b2bed636
reports/v14/dev/trace_dev-33_r0.json	4770	be6da857a027f0bde7645fc31d134a205be3b5224822a02774fe0a1f34a67277
reports/v14/dev/trace_dev-33_r1.json	4889	3c547f271e0443998cb57d5cb35a5d334f1750021a8dab58a40911842db89cbe
reports/v14/dev/trace_dev-33_r2.json	4789	4aa2f81cd3a20e5421aa88c7e8082565fbb5cc73ecc6c8662f474d1508159aa5
reports/v14/dev/trace_dev-34_r0.json	4940	63132e72390b4b004082e8c3015450db19714dcda1b9f780f5fefa7f04e15583
reports/v14/dev/trace_dev-34_r1.json	4951	bcb65ba5c0a327d5684eee36f15ac2697c60a5439719d262146baeadead7c5df
reports/v14/dev/trace_dev-34_r2.json	4894	0f43acbcb0401ccc01f09fd1d1bb53fd07cfbf3d3e7574d10666f8308f65e648
reports/v14/dev/trace_dev-35_r0.json	4827	3018fd28933c94442160875b0d9cf3ea458032aa9f44d7b909b1fffb8b2b4569
reports/v14/dev/trace_dev-35_r1.json	4810	bc06215db3b0b5bd80fcc976d67e167be06499bb7c10212c3170a7713260806b
reports/v14/dev/trace_dev-35_r2.json	4823	e650839adfeffa948ec44c4e6c0a06be4cddb2093e8b704b1077000f2cc77eff
reports/v14/evidently_ground_truth.html	3655674	402498256616eaa3ed1451acd25ad0489d39552f7bc3a283afa1a686f53f1949
reports/v14/evidently_ground_truth.json	1324	9f451d0c9a70b5aa38d2342da32f9855a51c5d4d971ec1dd132b25423bb482e1
reports/v14/evidently_judge.html	3656757	f42f7ac8977f45b23afe30d7e79ddf1c737da702f86c66c60f78f5eae16abe79
reports/v14/evidently_judge.json	2626	413401ab5dbdb2195163734193e26f7ef9823d177617e2f8bf6f4996427e1702
reports/v14/gate.json	370	bf3e2db2294c2f7d58955130b51dea9697d533f6da05ade232b7b6b61834d13b
reports/v14/golden/.rows/gold-01_r0.json	4693	2a08a4bf20a15eb1f3003b3444b0020a2790e6643040a5e5c48a4f5356cf6079
reports/v14/golden/.rows/gold-01_r1.json	4623	41680cd90f6a35e15bc88f4f29f1d5ef4575ba3dba76c9c34b896df9033fa8a8
reports/v14/golden/.rows/gold-01_r2.json	1266	77b10c059f1a23824a3c35e5f847a32c8725c7257cbe891fc5fab1e2e98c77e5
reports/v14/golden/.rows/gold-02_r0.json	4642	e9b4a5d2b2ba4b100145e64cf76019dca28df2676c339ec7601fcf3453564fb9
reports/v14/golden/.rows/gold-02_r1.json	4642	43c2294a3e367919e1826dcbc34b32c3d41809bb9e04f7bc35636085c4cec7fb
reports/v14/golden/.rows/gold-02_r2.json	1216	fc167b212a257e9cecde2142b59629ed2d258b477c44dab1adb289db1a50f25f
reports/v14/golden/.rows/gold-03_r0.json	10473	d7021de9fd1c5238796fbb3bdd0566bbfc33f30f20a099d1f0c2b9a344acbb5b
reports/v14/golden/.rows/gold-03_r1.json	4624	b667309616ffdece44630a38f3a26fb28f1325cc22df1350362d0108a5741dee
reports/v14/golden/.rows/gold-03_r2.json	1192	89e0e5162df54efd95505218c835dbb8da0176397448fbe335fdc21581f90ab9
reports/v14/golden/.rows/gold-04_r0.json	6821	818efdf89f43db6171ba9f6d00214b9c5723bb59389f698f65d9343c4ea2432b
reports/v14/golden/.rows/gold-04_r1.json	6823	046a2de4f71f5791b30e64dab7eaac8fcdf3393efbc4fe2860091eb60508c85d
reports/v14/golden/.rows/gold-04_r2.json	1343	d6e81022fb34afef32c22847be49d96bdce0fc772ed4e84ac46ea1ebd9aa8595
reports/v14/golden/.rows/gold-05_r0.json	6820	167f5fc2a33770cfba26ba342edd024e6540123b50cb1a95129c5db9908b5ff2
reports/v14/golden/.rows/gold-05_r1.json	6553	d2517aa583d3b5b1c1e0c4f86c2d82333bd98008dc377820c5de65e418c430c1
reports/v14/golden/.rows/gold-05_r2.json	1282	866c7394621513eeca3b2f4f7f459cde0a7c736b23b41358a8d44e4247b18a93
reports/v14/golden/.rows/gold-06_r0.json	5995	b34f3eaa319327328067fb786f63751741f8defdabcdf1446fe074d92a4d850c
reports/v14/golden/.rows/gold-06_r1.json	4715	b903d0b59195752e6bc28ff2d2eea7e806c923118be67b4e0b9b8d9e147b4384
reports/v14/golden/.rows/gold-06_r2.json	1337	f3e87958e818dd5d1b546fb770acdc39b9073becc9ff3aaab145ff662be63cbc
reports/v14/golden/.rows/gold-07_r0.json	6314	b09d10350bec2c3e145c952545e1ef216e6680ce5b30aa440ab92777ac237df3
reports/v14/golden/.rows/gold-07_r1.json	3809	2bc2cd427d940c986be9a5216c393153c883965666fcc9511c0606fc09eecf9d
reports/v14/golden/.rows/gold-07_r2.json	1254	47f5e44be7d891b635c71b042fa952c070034c026f27c5bb2a2150abbeb52d8c
reports/v14/golden/.rows/gold-08_r0.json	5925	4a00a3c825c7f322ffbf9c8d4c3614a6b865eae91b5b3f177bee936219cac76a
reports/v14/golden/.rows/gold-08_r1.json	3017	6eaf19cee41810a2974c34269e7d7361b49cbd8c212e24d7f757b2a7d9eb2a43
reports/v14/golden/.rows/gold-08_r2.json	1277	d830b348af41ea7dae32bf723d4125af34ea7f773335404f684410375ffe7ded
reports/v14/golden/.rows/gold-09_r0.json	7073	83cb0ab9cf54c763383e31334348c5f413300cad2c18787f1d320e3b1726d9fa
reports/v14/golden/.rows/gold-09_r1.json	1294	684864ee09917f737645868ffbc5f26ab936528f14b59cf570e5a25e1fed72a2
reports/v14/golden/.rows/gold-09_r2.json	1302	ecc2056d5a8722cc103da6c8d616f987e8fcfcafaf74b6d0baee3590511474a7
reports/v14/golden/.rows/gold-10_r0.json	9756	d99a8632dbfb89ec4cda6e2de75f831c03e547b49c0b6d04c5371c03e6eb6876
reports/v14/golden/.rows/gold-10_r1.json	1177	f6ec949b012aaaa28b758889942397e992fff0ce528b0e1798f3ea50f12a3e6e
reports/v14/golden/.rows/gold-10_r2.json	1177	5cd8cadfa5fc42b92a5ac165041fa72861b64c366390eb0e610bc07a11c3d35f
reports/v14/golden/.rows/gold-11_r0.json	6254	cb4bf97fe2bea0647dc24d16bd0d994c3f03786f85349f221258025360e33fd3
reports/v14/golden/.rows/gold-11_r1.json	1196	95960c5a3933465856af05c99a4f0c41e63a122cf60f5082a33981c2ded7c05f
reports/v14/golden/.rows/gold-11_r2.json	1196	68e70a238d61d0273eaf246324482d6b7d15ec8b1d8b1adc54db15631db25137
reports/v14/golden/.rows/gold-12_r0.json	12201	314afa65e9b0e6f5cd451ab0c8bbdb59d810751b98d273ff419d216fdf5af9d4
reports/v14/golden/.rows/gold-12_r1.json	1170	46bd8b7a316090c040a9ff01da12549169c26654b3bbd41dff7871f7f9f6e060
reports/v14/golden/.rows/gold-12_r2.json	1170	8bde016deca21a20729e827f915aa9de902c345182f779490dc80fdd2fac4883
reports/v14/golden/.rows/gold-13_r0.json	15453	6e94280eed9b419ec9e7b94ea6bd2355f2a1e7b459056c3ab2718038e807b82c
reports/v14/golden/.rows/gold-13_r1.json	1146	5a66163266a920d90791403ecde8ebf95f7751c202bcaa94b5134e782686b50e
reports/v14/golden/.rows/gold-13_r2.json	1146	201d01ee239bd50bdd443ac25c72b5a47a2baf1dc491c8131dbea83ce28201c0
reports/v14/golden/.rows/gold-14_r0.json	4173	cd814816d885fbeaf6277fd4b9e77be3c13b7f44269dd55078119fad8f84c661
reports/v14/golden/.rows/gold-14_r1.json	1184	a146cd35db09350989e1c9059cb066b52e1feaac9ffee960d4fb9ae95866f652
reports/v14/golden/.rows/gold-14_r2.json	1184	0d62bf2465d94f0d1c9870acaa4cd088a74dea9713d3f8f8da0e81373b9e51fd
reports/v14/golden/.rows/gold-15_r0.json	4434	a3df1bf95683e7bf059f8f7fff33df260e161d98878a7199bdc0d1e80285d8de
reports/v14/golden/.rows/gold-15_r1.json	1275	d04dffbab2fc7aa4dd76dac423324235c3d0193d876a8080336c2eec5d657463
reports/v14/golden/.rows/gold-15_r2.json	1279	36d236c8f6032fb18ea2580164c2c3a074f21afb9a56c9850340eee448d53dcc
reports/v14/golden/.rows/gold-16_r0.json	4226	51223e3b05dddd416cdf19cd51e5157481c7b77c7791d0ffff295d5f403a0408
reports/v14/golden/.rows/gold-16_r1.json	1179	6b434a60b43e2f44501ebed40d086126b19da13607c2b792906bdfb13c02269d
reports/v14/golden/.rows/gold-16_r2.json	1181	0bd772067d39bf917ada7ee8e9c6e8f9c65f4e90161c4084fbf7444eb1fe07fb
reports/v14/golden/.rows/gold-17_r0.json	4505	860f9a9c717ef310ff60d285905f2adcf5342efccca32a0b8aea305da648365f
reports/v14/golden/.rows/gold-17_r1.json	1209	6c1c1e198fc651804881ba355dd997536e9b1eb4298b7353f7319dbba3e4cac5
reports/v14/golden/.rows/gold-17_r2.json	1211	793463c7d46c7cbe7642025e92fbdba46716f0c04551c40f2c8e52c903e700bc
reports/v14/golden/.rows/gold-18_r0.json	4243	6b4a78f6718fe4431fb6118f524269822a066119c6eae2da2d606f02f01693c2
reports/v14/golden/.rows/gold-18_r1.json	1201	ce7454388b044e6851d9fe44a25096f5fafa91c43f20672055c5f0692f9968fb
reports/v14/golden/.rows/gold-18_r2.json	1201	fbfb31978683af656e44f8814ec29094b5e0ce5909a5e9551336bed4f250294c
reports/v14/golden/evaluation_identity.json	96	4d2665d172be38164fa938fdbd696e82b6adcc9d9d0820ad2cf4609f2c285016
reports/v14/golden/harness.json	43545	70c8255f26a63ea9552249b71323b60c20c14950c3c6f56f98b188759bf06244
reports/v14/golden/harness.md	2732	f293db93ed5ab6384acca97c993e16daad40c78165cd154f93fe7cff3c1eb392
reports/v14/golden/trace_gold-01_r0.json	4636	7faedf5a46c8c6bfa1a6e1da5ec6000a044cfbe96f43a3417cc5f7b24e14cef7
reports/v14/golden/trace_gold-01_r1.json	4588	03ea0052c88e73f4ba21d53b8a3fa76b4169601ef22b6745651a1b98d649f866
reports/v14/golden/trace_gold-01_r2.json	748	40d6033ab915b961542bbef6b1b0009749f685ae3b0f8ccaa099ad9f782f0b53
reports/v14/golden/trace_gold-02_r0.json	4586	e6598eb7c56e859efca90891884eaae471eb2f4b0650f8125ee7f098b0f13ded
reports/v14/golden/trace_gold-02_r1.json	4586	6200aa0699801a19b71fb38a7bf21d87f00693123b467859a689ea340098b3db
reports/v14/golden/trace_gold-02_r2.json	713	c590adc8b0c115b9b59b235f100390d78aefcd4ec027a4df18c36c80131abc19
reports/v14/golden/trace_gold-03_r0.json	11590	e094c89c45de39c2b73c788b21ecf2f6d459b807deb15628f9fe0aeceab1666b
reports/v14/golden/trace_gold-03_r1.json	4632	002775268bdcdef5046edcacb4b216e221ddba5c4af342bf6004286ea29085ce
reports/v14/golden/trace_gold-03_r2.json	717	6a7759d1dcd91116aebe830660541cfe9cda81c5d6ed13476bb27900dad6445b
reports/v14/golden/trace_gold-04_r0.json	6565	912813d2fb2ebe3c3ece6016bff672a3cde0589bbfa9117dfb973419e189c203
reports/v14/golden/trace_gold-04_r1.json	6566	de8b5d214d13d391e48b23c524174311d681508a9721dc9e5ceb41d51a155929
reports/v14/golden/trace_gold-04_r2.json	757	df5ed73eb97916b83a083667249db514aea788199ada3b5d8240e7d9f17bc3db
reports/v14/golden/trace_gold-05_r0.json	6561	cd0bf630e9730a6f318d779434f2d1daa2d645d816e75a84e97065e75a4a0ffd
reports/v14/golden/trace_gold-05_r1.json	6383	97db096a391e53424d5e2617bc8fb15ad65df1d7fad95588f0a96df94b055a8f
reports/v14/golden/trace_gold-05_r2.json	752	2a1acdbf27f13db5e35eabc25df972b43b68e03e76aa609f419d99ff6ec25ef3
reports/v14/golden/trace_gold-06_r0.json	5941	e5b200139016f8822964f286a93c00bcf000f4f190c7534c3f4062b7a63d9ea1
reports/v14/golden/trace_gold-06_r1.json	4753	ea434ee93c0efcb2b68757bdcce6f5dd4f5a6f387c6ee8105ae52a4d0c1e615d
reports/v14/golden/trace_gold-06_r2.json	759	c16b0dd2913a7715bab06c3e11a866ee0fd3a92a86c64e0960a1fe2f6dd78df9
reports/v14/golden/trace_gold-07_r0.json	5854	26abd7511b5c879eb849a556a0a34f8b8c740888660b151144d5c9e1d614c79f
reports/v14/golden/trace_gold-07_r1.json	3752	bfcbeed7994ea1b0a38c769ac172a1fb726a334bb117145aa76578ff49244d95
reports/v14/golden/trace_gold-07_r2.json	735	5d0b75abe42d40532a355248856893e748f556755b99739a94fb5db05a12229b
reports/v14/golden/trace_gold-08_r0.json	5620	eef9611e6b9e28e11feade51ff358584d05465fe05c4ea9efae649a20a687d9c
reports/v14/golden/trace_gold-08_r1.json	2803	78b88d1f9735a82c409725e9a623cbb6e87ff6f2bcf7a1703cd65cbfd3028bb0
reports/v14/golden/trace_gold-08_r2.json	752	c23c1d1f85ae5f458ddfc3df5b2cf1fbc0ec40cd2b7babcb55cb9c49db558a54
reports/v14/golden/trace_gold-09_r0.json	6733	f5ebe05c0eda50488e4e305168407a23c477ee1ea01f5bce16816b3ae3b8381d
reports/v14/golden/trace_gold-09_r1.json	754	96789337a4416d186c0dc89688fc16a92d271701e7fc83228e664da2b6d95e6c
reports/v14/golden/trace_gold-09_r2.json	758	569d8a14c87cf250f8f85aab0f7107701725a5ee54a3f3f88a5f0193c31084ad
reports/v14/golden/trace_gold-10_r0.json	10503	670dfdc9511f0b71783bbd98ade1391a50c27ea2863d365d34609132cc173a3e
reports/v14/golden/trace_gold-10_r1.json	719	30fbaf5cd89f8a3dcafd7cf33696be7af546254d6d7067c9490c561957f6f40f
reports/v14/golden/trace_gold-10_r2.json	719	0a2854297acc388b994f2273023860ca6335bf0b143000a9d0ba72d58d549191
reports/v14/golden/trace_gold-11_r0.json	5988	9d9dfa731f66ee3ef8eb434d00c9fbc981213187999971741810cbace85aefeb
reports/v14/golden/trace_gold-11_r1.json	727	a23eb0b6838c76eb70cf81f18ac9621b0beef88f6f67df20392850e832c4635f
reports/v14/golden/trace_gold-11_r2.json	727	486773c1fa22ac3bfdacc8990e8776e149491613ddf541d40bb07c487dc2fe22
reports/v14/golden/trace_gold-12_r0.json	13735	6444ffbdea87519ff64c97932a5dac47b3deb5c27b5ec8cf6232f673cfce30b0
reports/v14/golden/trace_gold-12_r1.json	712	ece65f240c4caca9bfcd35324a93fae8615ac27724e3ec95feef5a95ed90b2e7
reports/v14/golden/trace_gold-12_r2.json	712	cebda65ca0f914f33fa8f31abbefd2313a7766d303fc1757111c1312f86af495
reports/v14/golden/trace_gold-13_r0.json	17908	fbb8ec4d66c1406da4c291396c5de0801fb5a11deb288f4a06ceea43ee9b960e
reports/v14/golden/trace_gold-13_r1.json	701	b9d3439a014d96f8a8a403e30c5bacd761be03230de8d32202862a69a1473eeb
reports/v14/golden/trace_gold-13_r2.json	701	0e25894f62f4cc6ee6e4de6b3c0a535c4cd9c1dd23f7ce709f322b8a99d131a6
reports/v14/golden/trace_gold-14_r0.json	3728	da7a1961ed0631876c808ff87ebf2e3701bb4532e3ae2bdafb284084c7ad66d0
reports/v14/golden/trace_gold-14_r1.json	727	548dd800ca4b9ff004df4be031cb3e46fbd4d2fc668d4793101717bc4dc7bf37
reports/v14/golden/trace_gold-14_r2.json	727	6194a6a4e824a8755be0aef3f816381241752d16b3a8bab949cca19e1eb0c8a2
reports/v14/golden/trace_gold-15_r0.json	3881	ee86f156d87f35acfa181f24d5d282c9bcf45a18b1135c45a754dc08b18d52bb
reports/v14/golden/trace_gold-15_r1.json	764	32903c571a9e407e5aa9e1e0155125e30e1886d2e692a218460d90a3701a10be
reports/v14/golden/trace_gold-15_r2.json	766	7c4a235c0213d0579ade6b8640d75a96b659bd79b6305ca589e9e2f50a62ac26
reports/v14/golden/trace_gold-16_r0.json	4806	cd4d5c9687373e2621c82bef73b8601584023c82bf72bcef88e777bf50f182b6
reports/v14/golden/trace_gold-16_r1.json	713	96b90fac4fc2c9b6ec5a1aba576434d84115a1ce8a32a4e41375c2b747fef060
reports/v14/golden/trace_gold-16_r2.json	714	a165cdf6d63676b973f62c0318bd78f33795023fdf5a6a9eb8527cbfd2c4dcaf
reports/v14/golden/trace_gold-17_r0.json	5072	7e08b88dcad04649c1dc2f8cc17221cd59c0577c4ede8e4f6d61da588e0e65c7
reports/v14/golden/trace_gold-17_r1.json	729	10e18a75d6b24ad0962e058e72c2129286f2cc0641158f41563dd05a54f9b452
reports/v14/golden/trace_gold-17_r2.json	730	f28d2c154e13c87ee2cd797e5d44ae2333ec93b9e96a33888fd65b8d5c58c5cb
reports/v14/golden/trace_gold-18_r0.json	4401	131ad2228fbeb9eafcdf74baf5339f576a4322b5bd715f65d643a0dba5fa5e10
reports/v14/golden/trace_gold-18_r1.json	726	035c762c2f6a923f4b9b5a3a3e58093da096cf3fb9125abf8cf101e94271a4da
reports/v14/golden/trace_gold-18_r2.json	726	92e50e567d26cf7c7de7049fe4b76e61056b62da8597fe3cd5efa71ec8af6d17
reports/v14/infrastructure_audit.json	782	628a6bab1a0d8c57d4321542c23f488759908109505d16a206e254db9f744563
reports/v14/judge_verdicts.csv	72239	898f76d53cf70c0e16b788eed4937b3096d5b9a842c1c308727471ecc0da64f3
reports/v14/metrics.json	638	a3873325d6c6b3cb6601159528ce28754c3b00acd1a23a7f3ca9cbbefcbe95dd
reports/v15/dev/.rows/dev-01_r0.json	4459	fac12c06b85eee48ab26f33430a2ca76ef3438dc2e7725ddb779c5236088c09b
reports/v15/dev/.rows/dev-01_r1.json	1203	6435b425339a9a384197f928c1e2a36da15e14f5facfcf6ef2428e473c9defde
reports/v15/dev/.rows/dev-01_r2.json	1205	3f85deb336dc6d0bc17822e634e931d461653037c12d7f11f7097a6c9c9361c6
reports/v15/dev/.rows/dev-02_r0.json	4683	3e861e1c6f417333d5a31589877241ab5ce4681fb817df95529a39c36d291acd
reports/v15/dev/.rows/dev-02_r1.json	1153	1d0346e5d08f138faf40f14876bdb86cb428e8dc64ec43bdfc6ca8691b126bec
reports/v15/dev/.rows/dev-02_r2.json	1155	3f2eb9d552b7c83eb8c410e4364e6aa73e9ebe391b66c82cfd7ec81c6f30e6bf
reports/v15/dev/.rows/dev-03_r0.json	4428	cdd571981501c6d5bbd24f31dc5831af0aaee0378f3e33d3b3bf1cb8a81daf74
reports/v15/dev/.rows/dev-03_r1.json	1162	8ae49743773f3410ba5383c4a34b2a81116fb4a06228a4a2e2dd9ac75a489c48
reports/v15/dev/.rows/dev-03_r2.json	1164	a1c853cb0f2ab50a0f5c1efc66579a5a8cea6da9ea60f5fa6e0b2d8991f237c4
reports/v15/dev/.rows/dev-04_r0.json	4410	a626fead9cdd72efc59f7f55e676b050c68559511cad58da48f614dd98412f91
reports/v15/dev/.rows/dev-04_r1.json	1129	9be057b5ad4feac363efe87b26f9dcba9b594d172d31f0895e2d3874e9cde93e
reports/v15/dev/.rows/dev-04_r2.json	1131	c582530b0431813c43b6d55c92227a108e1818433ce9836cef51385e5ae60e2a
reports/v15/dev/.rows/dev-05_r0.json	4324	89918584135ad71c33ebc805382a9538f0243cd79c60f034e08bf3a03eaaf67f
reports/v15/dev/.rows/dev-05_r1.json	1168	ec267b48182d6d4ad43f08eb2bdc5aee812efb5bac285f3d5b9f6c24a96ea7b1
reports/v15/dev/.rows/dev-05_r2.json	1168	55b3ba9b67b82400f558aae1d8fe7d30c710f8d91c3ec607d1b47b7fb98270a2
reports/v15/dev/.rows/dev-06_r0.json	6124	bdce57d6365ce33762b81c1df27bc213a5f009b38428c2186610f4f5e502fe88
reports/v15/dev/.rows/dev-06_r1.json	1280	358c379f476b5d65886c7e22e7e7cf356e2b262b5fa58b890c592436615837d2
reports/v15/dev/.rows/dev-06_r2.json	1280	526fd138188e4d14d465e65f9a61296ade9482b4eb08f710076fdf1179975f73
reports/v15/dev/.rows/dev-07_r0.json	7261	ad6d1069aa69ec610bce414dc32baabb058102bd02129f9eb2f81b4c111f219e
reports/v15/dev/.rows/dev-07_r1.json	1217	3bceba860f0d19c3aafa25f26eba3aac0a1231be16ad4b4092aa94156f045530
reports/v15/dev/.rows/dev-07_r2.json	1219	5feea7b71d191c1ef8bcbdadb39583fd0c9455fd76e16221eccfc6eddf5cfa61
reports/v15/dev/.rows/dev-08_r0.json	9907	650995710c1ff56b08ada489b255dc6c5ad1c3fb2dd350e54a600326fa819ed5
reports/v15/dev/.rows/dev-08_r1.json	1276	9ef0a292624e8b2b0e7928b198ce4e9edf76d175d8b818f1e4291d23d640b14c
reports/v15/dev/.rows/dev-08_r2.json	1276	89e673298af894bf539bac0c8a24c1b74bb41bd1be845fe6f18c7ae893788449
reports/v15/dev/.rows/dev-09_r0.json	5120	0d352e849ea03a146a6708f12cfb5fb7007d028bea6b6989ba9aeebfdac09bb5
reports/v15/dev/.rows/dev-09_r1.json	1216	3209703ae35b60c6dad4f12ab707f0f127a943b9da97fa73731f57ff18411e38
reports/v15/dev/.rows/dev-09_r2.json	1212	d7428b2b73ed4ae696cf985fdf5f4646a6248ab4c443a42fc093ebbe5104eab2
reports/v15/dev/.rows/dev-10_r0.json	8122	6b34da3566f132a0d93adf8c1ad52c5adc5c179b6956f329acfe1eae4ee3b4dd
reports/v15/dev/.rows/dev-10_r1.json	1261	98b02196d4ccc747825331c7401e7d0171e73e97ea8947e3a19220e0b8981de7
reports/v15/dev/.rows/dev-10_r2.json	1263	3b69d012d04f101c9c79abd748690fecd71e7dee32ee2e0aac20964497479730
reports/v15/dev/.rows/dev-11_r0.json	6380	5e9b69925ec09d9aa643763be00108cce0e5ec87b10db199c5e6e84eb2dfc11b
reports/v15/dev/.rows/dev-11_r1.json	1193	75880dbd82eb7d268f12797340362426bd0cc17c84b15d4192c98d91bc981b2c
reports/v15/dev/.rows/dev-11_r2.json	1191	60467ea4bb9fa87f2415905870ad47614e8c28e1accc41c1712b8462204f806e
reports/v15/dev/.rows/dev-12_r0.json	5847	c539467c428a93832cf1b51b77a2be3a9d5cf3ce7e7a6a76c8ba91a07e49e283
reports/v15/dev/.rows/dev-12_r1.json	1216	f3e8914b166d609d330a6a5fc58d0b52b3b9ac2b6981c5e7563bb3c60e22a83d
reports/v15/dev/.rows/dev-12_r2.json	1218	946e89a8cd078c121d7339ffd7ae319f558de99cd588fc18f9416f113f7a0ffc
reports/v15/dev/.rows/dev-13_r0.json	7565	872002ab32e548bf4cf10c1a1e60e563a8734a7b35619bdf91cc043727f5eabd
reports/v15/dev/.rows/dev-13_r1.json	1230	7e04c4ccb0089e30768dbbc61c854f7f99786196e5a42a9c3480eacb8b9ad3af
reports/v15/dev/.rows/dev-13_r2.json	1232	7c883f680c8e3e19b3da74dae8ada199bd9f8f76d5fab6b623441e1663a5c3ef
reports/v15/dev/.rows/dev-14_r0.json	6965	7abf5beae13f5cf1c0e5e80a14c1936d765e1331f80c03435c370a38444b443a
reports/v15/dev/.rows/dev-14_r1.json	1221	36c9f0f6a51d01876005e84b960029bb26b587e9b7cbcfd7510dda72b249f66e
reports/v15/dev/.rows/dev-14_r2.json	1221	c46877cf099766bcf70abde301433bb2c372070ea072e4ef42883b4fafb6bfa5
reports/v15/dev/.rows/dev-15_r0.json	6966	09aee874f6f02ca61d3ab23973e990fbbdc2917149abcd15e0f474e78c925112
reports/v15/dev/.rows/dev-15_r1.json	1243	10b5baa9ae8c16b4bcc147107f37e19983fe3d848b523acb2832e9eb77c0a902
reports/v15/dev/.rows/dev-15_r2.json	1243	338f80ad90ec0052139f1bcb97a61f1123165a71dcae665be8d3eea80e7c9766
reports/v15/dev/.rows/dev-16_r0.json	8659	47e3b7b26e5f35bbf39e6b4802a300b237b771fbd3bd55e2e53d13f878ac04bd
reports/v15/dev/.rows/dev-16_r1.json	1128	22e3a00103682680f5a01b8a2ee361c6085956f081bda3f3f9eef9fc4a53f2bd
reports/v15/dev/.rows/dev-16_r2.json	1126	004d593b6fa0a02b1b9f59fd5404628509d62e0356aec7591a777d5dbbadba55
reports/v15/dev/.rows/dev-17_r0.json	9853	1d0cd267afc99b2092194d71f9fad23528e5f25bc5420e44ac3f6949c4e4583c
reports/v15/dev/.rows/dev-17_r1.json	1129	c53e0d611c66ba568995209f5468f628d4f1cbb7de866260dafcc153b89eb3bc
reports/v15/dev/.rows/dev-17_r2.json	1133	e14ee74bd5d9a5cbe7f9c663e1c7470811515927c92cffedfc534867d9b3825e
reports/v15/dev/.rows/dev-18_r0.json	5102	849380e84c0b018429c0d74975fc8549718aa005b31fe09180564348dd546103
reports/v15/dev/.rows/dev-18_r1.json	1147	18f7e1fae32daeda5d67207f20aa6cc03217afa66bfaef9b9eda1628e5f9b1ae
reports/v15/dev/.rows/dev-18_r2.json	1147	63a0ea22937df09c98fba57c2b20ca9df22c5c12ee68c7cfab686dc5a473c72e
reports/v15/dev/.rows/dev-19_r0.json	10704	d2f102ff3bc1fc54e0aa1f4bc8123113013460fbfec3d49d428c36ce5a88f371
reports/v15/dev/.rows/dev-19_r1.json	1129	e3d43570ca5c66d710db88a11f43d739a6feb649b15ac6050578969493cdc9ee
reports/v15/dev/.rows/dev-19_r2.json	1127	16d5ac7dc52a75a609632c6e90d172b0f69cc943a980440828ca73a6cec514f2
reports/v15/dev/.rows/dev-20_r0.json	5453	3d80bbe38aeffc9fb50d6488f9d72a280bff79f301262f849dea5bd865c3e91a
reports/v15/dev/.rows/dev-20_r1.json	1160	518177ff5eacce4ad2683f7755e6caaf13e2208bcdbb435ec1a5af5441fa1657
reports/v15/dev/.rows/dev-20_r2.json	1160	3164e755a99a9929480cd743e830c58787ad148e1a32cb1d4e47abb9a1231d7d
reports/v15/dev/.rows/dev-21_r0.json	3264	7209f6a6d17bce7abfb78d8f77f38dad07badda5fbc39be7568203ed12d284c3
reports/v15/dev/.rows/dev-21_r1.json	1109	64376696330cfad260c731d8a000f738e22bc0fb9c65a3a5684dbc95520500c3
reports/v15/dev/.rows/dev-21_r2.json	1109	803a2b4535b2c3b2f389fd867e0a9b9db11d4faec77821f5a5d59f6a4c615606
reports/v15/dev/.rows/dev-22_r0.json	6340	7d54f17176ecf68c427ff54f7fa60dd7dd3ad3a6165b6f363cfa0d801cc5b258
reports/v15/dev/.rows/dev-22_r1.json	1074	ead5aaae919ef0819efa211bc5bfc8690804585ad2dc7ae8080d04bc1b076e57
reports/v15/dev/.rows/dev-22_r2.json	1076	5c61fe94cd1263ae08fe5f98d0ae3dac4b0d12817151f97138f4574ce27f60c3
reports/v15/dev/.rows/dev-23_r0.json	8750	b6c098069f8acdb46ba30ded76ba73f228858be1faca87e25321a8f050fbe403
reports/v15/dev/.rows/dev-23_r1.json	1085	2d587e0b966d5b8bc92b60f4d23dc2fd81a1096a1d3ba19c435df08d1089bea0
reports/v15/dev/.rows/dev-23_r2.json	1087	177e8b24754d3aa93be27066864f5c1ebe99aef928d0884530241878b0b9c2e0
reports/v15/dev/.rows/dev-24_r0.json	7139	8f8f16244ba84a9ca650fb4359b398aec83b9b289cf251aa998fe5926b22a7e5
reports/v15/dev/.rows/dev-24_r1.json	1101	ce9974c7b2b6940a297dac138d12e86430cd8e4e60984ad1523d35dd2b1f8f61
reports/v15/dev/.rows/dev-24_r2.json	1103	6d6a67fccaf43622e5da0627ded01f3b3a4dac336b499f8d8edb5498d9f29c77
reports/v15/dev/.rows/dev-25_r0.json	7056	055c55ed417405e4563fbf1044f7c5ffd07b453f116baeb16b387d35ff95d01c
reports/v15/dev/.rows/dev-25_r1.json	1093	2d49684959ae58fc9d69e9b2a4a1f19dffce3085e266d75213dbb1c0827ac711
reports/v15/dev/.rows/dev-25_r2.json	1093	1df76515006406e842dcecc352f32d4ff4ec895d7035c7c2de5318fb656d09e0
reports/v15/dev/.rows/dev-26_r0.json	4100	7bbf66b47450f1e0a989eb620d5e7f83c10a910b91863c5aedeb3968f3d0d19a
reports/v15/dev/.rows/dev-26_r1.json	1135	d261cd7df17fd79943e23c85a67f5c60b1dba9a405710729b03692b299a73473
reports/v15/dev/.rows/dev-26_r2.json	1135	f716118aa5aea9c859fb55c37d004608d0a39da15e7b69c7308f6452d0401cbd
reports/v15/dev/.rows/dev-27_r0.json	3855	9d9afe549a24fd4f062f556019f1c4a9c796889623531339c6458c5f73798811
reports/v15/dev/.rows/dev-27_r1.json	1190	0228401d68f2eac4c3b454aa33ee444cb05ec50a166e1320eb9d115170d03188
reports/v15/dev/.rows/dev-27_r2.json	1188	1e9c5ed51759d21add77361f5fd86a72f0f69a641f9234fa2de813b8c9b7dcbf
reports/v15/dev/.rows/dev-28_r0.json	4092	8ed6bfde9779696279e7188737a1716277739dbccc8d6e1d0094e8858c78cc56
reports/v15/dev/.rows/dev-28_r1.json	1228	9b29db6b49662970e1e089ab0d6dd1fc1329a6ab699cf19d03f203574a8f8bde
reports/v15/dev/.rows/dev-28_r2.json	1228	2d7d25cded384116c20096f431d2933addda19b35eb599a635054d34a2d6bd0a
reports/v15/dev/.rows/dev-29_r0.json	1218	1a33d9b4fb1097e0b49972ade838ec4b9d1807bff50ef149d89419e608d85dcf
reports/v15/dev/.rows/dev-29_r1.json	1220	6a83e57ef3f05cbc3ed9298abd17675a24d759ca44ecc551aaad3c3144a14faf
reports/v15/dev/.rows/dev-29_r2.json	1220	b521548452f13cee8b2d5e1eaee794f7a0de51dc9761666df871b90d404ca593
reports/v15/dev/.rows/dev-30_r0.json	1176	2268e395ffb9f1e73b597f501064be77345689ef03143938f47a189b3591ca44
reports/v15/dev/.rows/dev-30_r1.json	1174	80e54b91df09fd9f8b293ef8b88a8801b889b6f4b0edbdfe5880c2f5495bea78
reports/v15/dev/.rows/dev-30_r2.json	1176	91a5a754d3f6930bce4e607338228a7c1453014cb7bb303eff0d1e208c174458
reports/v15/dev/.rows/dev-31_r0.json	1130	3635251b65b4c8d12dd7ecc8164769d88e27123f1aa7b9f3060101edd36da7c4
reports/v15/dev/.rows/dev-31_r1.json	1130	4f85e3ab578aa9beb7a27900ab5b1fe39741a31ab42da63510e7168c4acf9f9c
reports/v15/dev/.rows/dev-31_r2.json	1130	bf874fc834a350f4bbc0718bf933c87112fbb627bdbf75501c3aadb0d6dffaee
reports/v15/dev/.rows/dev-32_r0.json	1158	9de4d7c270b1f46d12f0a4efe664dc66b32d03c4bd8e0fca9b7f42f8025c05e1
reports/v15/dev/.rows/dev-32_r1.json	1160	484f0056a9da65ca579bf7494393dc7f28cb99e10ccff7ff826615cd5ff7157d
reports/v15/dev/.rows/dev-32_r2.json	1160	3dda9158b46c7eacc5c68d4245a7653482a9825afef33ef6ad994a5abaa5f1eb
reports/v15/dev/.rows/dev-33_r0.json	1152	81dd4d1e8b82e570b2abaf33ef59668a0fdf699b9b1c19999be455ccd921eb7b
reports/v15/dev/.rows/dev-33_r1.json	1152	edebff75bcc421bed9ef774cfebdf2ad5516dd8901c80cff5e3f691985b533f0
reports/v15/dev/.rows/dev-33_r2.json	1152	e7ed208695182d22a321bc354fd048c8a5439096ed7e5dd614890aa1f7ade97b
reports/v15/dev/.rows/dev-34_r0.json	1162	e3688faa350015479abb47b071307d9dc1fc24082ee1b0fd360ac97039cba44a
reports/v15/dev/.rows/dev-34_r1.json	1160	211fcae591a20caaaf6d818eef9b2d3bdb03f49e15f4b21cb81fe3d109d26aa0
reports/v15/dev/.rows/dev-34_r2.json	1160	cbb3b703fb8e83d64748b47fc6d5fdac19ef975e66c37f22a0aabe996ccdb31d
reports/v15/dev/.rows/dev-35_r0.json	1144	49019bd4db477a72db4284433d7d7205b543b57405eff0837dcbb45f6399175c
reports/v15/dev/.rows/dev-35_r1.json	1148	d789acc784f9def917e0b23ee87b4966d3b3a73a640886acc87654e2a0d50f5e
reports/v15/dev/.rows/dev-35_r2.json	1148	b746a9fffd537d8fbd9eeca0596d11463eec741c23c35da06d0f458ed9878788
reports/v15/dev/evaluation_identity.json	96	dc85605bb87f34089c74635b102594e71d36da028fd59bb6bfb597c97b427ba5
reports/v15/dev/harness.json	78356	33060e9e67bebf62f06bcb70d208ec296d8bcc7cf651531fac83a4ac87ff03a0
reports/v15/dev/harness.md	5083	3e8f9d825e70cb5ef4cc573d7330f86b1c6ffb89969a3eae0edbd9d11674c3dc
reports/v15/dev/trace_dev-01_r0.json	4448	4960b5bd10be58d969217e44038c2045df67ccd825f5252c3ed4daf006d03c83
reports/v15/dev/trace_dev-01_r1.json	717	cd88998646cd52e8cfbb1d0aeec8ebd3744dfb8e01ea3993033bc427f46642c4
reports/v15/dev/trace_dev-01_r2.json	718	95e982e984b148bb20d030f688de018a8b350c31de552645aaa2e7a2b7043baf
reports/v15/dev/trace_dev-02_r0.json	4593	7ad77a47511699f95f6b53f1025d02e7a2be6d89cc872a6a24f95e9b7dbe7453
reports/v15/dev/trace_dev-02_r1.json	682	85d572a648320e6895e25858c1b296306ac015608442ae3515bbf7d5943dfa35
reports/v15/dev/trace_dev-02_r2.json	683	755a69c0fc63dcd66cdd5a19d119b1897b60207bc4aeb350f6a3deb265d75b1f
reports/v15/dev/trace_dev-03_r0.json	4437	ddd2ccd39f3583e9b56cd10e18c79a649562314132871f993ef38ce07206c594
reports/v15/dev/trace_dev-03_r1.json	703	c3b5bd77e80a7b8c2f8a9c0c244270f8ebbc91e6ad815f25e2e5fcbe2258309d
reports/v15/dev/trace_dev-03_r2.json	704	2fa409a40401c46cda1a0b6122dc2341c2b281b33f187a49103e2d112383fdb2
reports/v15/dev/trace_dev-04_r0.json	4448	408aac13f02ceb78c5f4bd8f5c9c691427e3d70924594469a2e0130c78bffc50
reports/v15/dev/trace_dev-04_r1.json	686	9e8aa0c5d268fbd5443e961621de77c6f382a2d3498631a95ad91fcfeb0bcf9d
reports/v15/dev/trace_dev-04_r2.json	687	0e9e2f0513230c9fbad794618585e3f632d39719513e73f95b1d0d195eb294e1
reports/v15/dev/trace_dev-05_r0.json	4362	9a5b0facc4364fbab1dbd39bf378c4cab7280e328697f1a8d606d4cb008663e1
reports/v15/dev/trace_dev-05_r1.json	707	263793ca060763db9f7b53e3868abd85a7259309124078280d7556556560ab9d
reports/v15/dev/trace_dev-05_r2.json	707	0cdb7dec981be171aba0a81ab2f9c740736bd59de797d886282d17445dd28e20
reports/v15/dev/trace_dev-06_r0.json	5688	6916454c323942280ba2f3c47d57234cbf6ba2e67a1df4eebb1a4cf4a9a26bf6
reports/v15/dev/trace_dev-06_r1.json	726	50a7f9018fd6beb9b7972c275e435a895a943bfdd9b1a0ab19f31644386c3fa5
reports/v15/dev/trace_dev-06_r2.json	726	6ec6559cf10215acabcd389718bd374ebe5e2b8a2e1ec2729b9b9c5c4d338d77
reports/v15/dev/trace_dev-07_r0.json	7277	c1809f90b5bede0865042ae82daaa53a4c872e0d50f79ef4d6ef5b4a03d6a793
reports/v15/dev/trace_dev-07_r1.json	720	9e651f388d23aca3e3f49cd2de251985e7dea1faa18755787815d02b04e19a0a
reports/v15/dev/trace_dev-07_r2.json	721	196308177905e9a29393deb195775c41492c456ad9cbe60297e1723206befd96
reports/v15/dev/trace_dev-08_r0.json	9702	356c19eab30ac011b99ed3661eba2e4a82b8208b8205d0ef435feb02f4d47f5a
reports/v15/dev/trace_dev-08_r1.json	729	a160dd33ffe0b06464d2d2505c30fdb199de12d286b5ba38ad4b7a38802f8d99
reports/v15/dev/trace_dev-08_r2.json	729	743739abd0133aff576bae29d603f2b1f1eb714cd06a93546b6e73e856eb3561
reports/v15/dev/trace_dev-09_r0.json	5082	c2010c9193520d1dcecac782d09a65f287687c78abb6bb15ebe5a3b4fbb8302d
reports/v15/dev/trace_dev-09_r1.json	721	f5a7d1befb42eb558762faaf4cbd08885f4b797d8f081f5f1d2adb2e37ab1302
reports/v15/dev/trace_dev-09_r2.json	719	fad14b7bd107da83d4bbd74e54ba02c4284ae3a2e84b4a50b78710dd9aca40fa
reports/v15/dev/trace_dev-10_r0.json	8025	8e9a50995bd728f9b2ec8f7509d50c97d6297989a2f73dd5a6043959d3d694dc
reports/v15/dev/trace_dev-10_r1.json	736	4e96fa5a72df155f291dd5cd671daefd71e7a5f8861f0184a4368be156ebb10a
reports/v15/dev/trace_dev-10_r2.json	737	f887770e1745c8a3f0832f07da4360f1a856efc3696e06f5621ddec62ce9f923
reports/v15/dev/trace_dev-11_r0.json	5913	c4923c36b88bf37482c943bd4fb9bd783b5ef6bf8b23c1e9e4d1e2d414b8dafe
reports/v15/dev/trace_dev-11_r1.json	705	51a57de2b93d5cb6b58b7fbff16e544ba92a8d04b69220e2dd38a7c512917da7
reports/v15/dev/trace_dev-11_r2.json	704	6959a57bfd15c792b80af776d48ce8f7af1923d574b47a85adb87a92a5a08df6
reports/v15/dev/trace_dev-12_r0.json	5494	6277ec2c4c2524fb8da91f9d4febd546c3ec7733e484e1d70929c4db35925419
reports/v15/dev/trace_dev-12_r1.json	722	f65e6fa6a6e859597801bb9d1241704bed5c2438e7ad68034765affd2268ab26
reports/v15/dev/trace_dev-12_r2.json	723	3be7769078af4431022f6c860aaa3da098a58d643a0e1d5867b62a3ca1105a36
reports/v15/dev/trace_dev-13_r0.json	7053	b2000c59aa6cbd822d2f383c11955128efbd57a6becd99725157b9b0d13f06ff
reports/v15/dev/trace_dev-13_r1.json	717	ceabda5a96bb00aef90448c67671b97cb795cffb5c359e709fb79abc82b16756
reports/v15/dev/trace_dev-13_r2.json	718	5ffb8f1b00c6585aeb4773f7b87fee0b601477b6b1869e123077dfbc4bcd2664
reports/v15/dev/trace_dev-14_r0.json	6715	0657713ce1379a6248d791308b0e89d624691a289ba41ac2a21ccd17ae0ff520
reports/v15/dev/trace_dev-14_r1.json	722	e112075c2e3c2185ab432833b364f12ce31e5aa6be1075ef20df75740b291b8e
reports/v15/dev/trace_dev-14_r2.json	722	56d2aacf03bec640c76e0a2c294b70acb438e635506bafcd5f9a84f95154b869
reports/v15/dev/trace_dev-15_r0.json	6688	6c076ec092bf2ff6e128d31c8f8ea79fbd1bb647fe87a0bc08e27508e2f5eae3
reports/v15/dev/trace_dev-15_r1.json	729	1902aa733bd34784c7b9b99834a7f48f85bbe3aff7c3e27d6d525668e46a6d14
reports/v15/dev/trace_dev-15_r2.json	729	2254c4ca9573cd687399a068e6d90c33ddd20e47e23e9ff2ca0b314d8e56089f
reports/v15/dev/trace_dev-16_r0.json	8992	8803bb6b1075950aac1039383083ef0c8d0659eb7eff7b1bd09e822d03ed4df4
reports/v15/dev/trace_dev-16_r1.json	690	2af3f9cffd9b68514044ccbd633cf577e13ace3ad25ae83c4b362bfcbfaa131e
reports/v15/dev/trace_dev-16_r2.json	689	d3628d3e20e93ccf6a03e0eeab8de9f4114afa09bdb9b553518e72b887ed1dc1
reports/v15/dev/trace_dev-17_r0.json	11133	665ac2d0ffd6c423cdbe041cb1cf492443c59d1ac2ef5566867a9f62f96d6397
reports/v15/dev/trace_dev-17_r1.json	690	987de3e9c08cdf73e49d7fe1da290f2923bacb988912d82d83ac23b0d6512ef6
reports/v15/dev/trace_dev-17_r2.json	692	6527cdc1a185480cdf395b2651230fdfc6c6d3e697c8e365c4a32b3b49cfb170
reports/v15/dev/trace_dev-18_r0.json	5050	71a98ec1088908628d478dd86ea0e03ca00b3ed838efdec76a14e44f4b168be0
reports/v15/dev/trace_dev-18_r1.json	698	f5e596ecdfac5ef3a16cac57424c9622aea00d8beec75aad76d1b141997283fc
reports/v15/dev/trace_dev-18_r2.json	698	df4bea7475ddea6cc5084fe5dc440694a9fde0ce860983d7f9c763d76c36d280
reports/v15/dev/trace_dev-19_r0.json	12110	fe7fee81433fcbf5d9bbff785f4d60297b416cfb1a1aa91b04d9d241723805c1
reports/v15/dev/trace_dev-19_r1.json	694	09f9ba80dfa220deb42379d9d9662e5109befc41cd24ec5f9754ff5bb2c48e84
reports/v15/dev/trace_dev-19_r2.json	693	bd77448fc417f14e4226bd81e63a53d0a33570fb6e5828a0d8043c62875f952c
reports/v15/dev/trace_dev-20_r0.json	5480	a27bfd4fe4dca1b9e74b14c56b57a31005df7aa79384acfebf0c8605f38d132b
reports/v15/dev/trace_dev-20_r1.json	704	ee42d024de56fd2a4b304dbc8b9935084e178f872d9a9dba1f32e73883de999c
reports/v15/dev/trace_dev-20_r2.json	704	1ec124654050b75cc0e50816cd8d50e87776a1686c4d3b79c6d77e04149da27a
reports/v15/dev/trace_dev-21_r0.json	2951	379f1454d8499d9c950ba8f9ffcfe4f60539cb2cd94fd2b484698cae173187c9
reports/v15/dev/trace_dev-21_r1.json	682	8204698e7e1f9a10d813f073050a3eea9d011fa86f78d83ff0c3c3bc0c4065ba
reports/v15/dev/trace_dev-21_r2.json	682	17b2d023df2f938a11e764c65de64ae1a4e5e27a2d437f7329798fb00b1402fa
reports/v15/dev/trace_dev-22_r0.json	6158	f7656fb362c38e53a31aea7b943c2630830e8458587d6d68462fabb91a9958db
reports/v15/dev/trace_dev-22_r1.json	670	14f7a2cca52c32059b9fe090366fde7b26dbeee9ab6fd72ae0014f8922e70729
reports/v15/dev/trace_dev-22_r2.json	671	2c1e0806ad677730ba07ff9c265f81749c2fad19b0bf93511ef858d54f711cb4
reports/v15/dev/trace_dev-23_r0.json	9769	b527c950be2362ec4402a6ce4386e60ad56c8bea9e75e247e0f781a176e9999e
reports/v15/dev/trace_dev-23_r1.json	671	5a749f0a0e6bed0075a3ede57dc34b0c510169ede5841fde361e996d724c2ddf
reports/v15/dev/trace_dev-23_r2.json	672	6ebc14fb0113e33fe588849b5a634da178b42d1469f97d1b87eeb426ffb4fd47
reports/v15/dev/trace_dev-24_r0.json	7145	83b7ee93fa22a1c2955fa7e9c6fa6040232f127ee81d25bf002b4a6dd91f9484
reports/v15/dev/trace_dev-24_r1.json	675	d88dcb0d2512a77d653cae309a57bd953950b742c280453468c20bb8c44ac840
reports/v15/dev/trace_dev-24_r2.json	676	d7635efa50acd400764673c3b2e5077a4c0c21a4147bb0668d3266db3ce64306
reports/v15/dev/trace_dev-25_r0.json	7764	155db8e40723b542415b0763434da8d2ff008d6adbcf6fae5f7a5ad1305d6b1b
reports/v15/dev/trace_dev-25_r1.json	672	a436f3089c787c0c9ecaefb41e457dea6e30c44169a7c3d3dc080c3072aaa3ce
reports/v15/dev/trace_dev-25_r2.json	672	3798356ef3a4a319f0bf721ea1995b28183f01c0a6dd4073416f35aaceda09e0
reports/v15/dev/trace_dev-26_r0.json	3699	545318e438e8037e27e0aa1ab531b61af98b618e2ad4a9f66205cd930853812f
reports/v15/dev/trace_dev-26_r1.json	698	f3c19eaa5008d4daabc69d0a956e2396d5491646987349fa1e434dfe69f85ed6
reports/v15/dev/trace_dev-26_r2.json	698	4c38de61d9ed11534794dd3b0689a5e6795287324d5ff4c2ce2c23353b9e2d73
reports/v15/dev/trace_dev-27_r0.json	3478	66f5766212913ab78e09cd4d6f06e170a7124e34521066cf4316c30266f7cd11
reports/v15/dev/trace_dev-27_r1.json	707	7e3a8de4009b265d6867cdba5f1ce90715a3b1bb46f9e37c175a895b14c5b134
reports/v15/dev/trace_dev-27_r2.json	706	774f60a973a4712f2b52903415aa1308c3cd01a082c5c7626978128ba0ae0cf7
reports/v15/dev/trace_dev-28_r0.json	3611	ba8328d49f00879b4cc87c1b02d4cb876ea9d5e4074936a8ce498a17b499bbcb
reports/v15/dev/trace_dev-28_r1.json	736	741728871195e902dd70aa4a077d3c54e10f8b6cd4e3e2292b66999953d813f3
reports/v15/dev/trace_dev-28_r2.json	736	7091eacab49edcf9175356576f00f4baea844375ad50971bcc6e8c2d274e3245
reports/v15/dev/trace_dev-29_r0.json	724	4cfe58851c5cfcdaf8bcde8956f2e8a67c18bb9e810ff73468cec5c0f02acebd
reports/v15/dev/trace_dev-29_r1.json	725	b9fac379465ba486d346ca19929f8d1e758bbf72c3bb9011f1efe07bbe387908
reports/v15/dev/trace_dev-29_r2.json	725	31f753688328a91bad5d55765a642fe6dbad69e1410fd6148121f9d168de18fb
reports/v15/dev/trace_dev-30_r0.json	713	65583d90f971fc607bbf11c347c782ac9affbcdd09aaf54a605ddeac4fe1c817
reports/v15/dev/trace_dev-30_r1.json	712	717d8a419e830acef096ac9b6e01c217b81dbf5092f6e5e594f87e9ac4daa56d
reports/v15/dev/trace_dev-30_r2.json	713	aedf8b296572ccb31980ac067ead4e2d00121fb07876e0eb367d9000f4fd8566
reports/v15/dev/trace_dev-31_r0.json	684	f0849a6109b182b831321881ebf01d3a83a64a38a86d724d86b96143bbc83319
reports/v15/dev/trace_dev-31_r1.json	684	54c084e46e8bf3444f6174e96f6770db904165e1fa9ce7eb9dc9b5bff1d8435f
reports/v15/dev/trace_dev-31_r2.json	684	cd86589bb7479a68c4f54cb4b788b984df6991eb2294b9bac1c4d41274a73f26
reports/v15/dev/trace_dev-32_r0.json	699	07d8ee1d13983c8a646be5209309eeae793158822a9cc6331fed9d7eafbf4868
reports/v15/dev/trace_dev-32_r1.json	700	342cc3bbef30a56070c1cba7be0dae8ff281c3e4b3ffdd2535165eacc230a87c
reports/v15/dev/trace_dev-32_r2.json	700	06978a30ac72c390423d71964ba048d94f29e9c91f56bb0fff3d23a133a09d94
reports/v15/dev/trace_dev-33_r0.json	697	0d6b65a4eb59e98fd44c50db5d93315dfb19f9a6add83a70888bcc633ae956af
reports/v15/dev/trace_dev-33_r1.json	697	5a530eece0d7f6670b8c403a930e7d296ac8435d70c799668ceb9c2c2188e576
reports/v15/dev/trace_dev-33_r2.json	697	ab42ea2bdbdb7047dfa4ee10c47687b634fd9ade77577df8e1b069c01e4ea6af
reports/v15/dev/trace_dev-34_r0.json	700	e9e7998fe37f807b12b13a03a9dbcf156e3492e43cbae411b2582a83a4991325
reports/v15/dev/trace_dev-34_r1.json	699	7cb80c54021d3eb17d148bf02f29c1b2a601801eac05762457b857aaaf7857a4
reports/v15/dev/trace_dev-34_r2.json	699	099c1731bc488543be3100665e9002011a271beb3ab044b90bfa8df90ea065da
reports/v15/dev/trace_dev-35_r0.json	692	4fca5d409add6d0792e77dd61fea83f5ba2a4ed6e4a5edf76e87049ff0a7bb72
reports/v15/dev/trace_dev-35_r1.json	694	fdbae01170d0da0638bc6ef5b3d462d04c195b1362d5e6ca9d8e93273a8e1505
reports/v15/dev/trace_dev-35_r2.json	694	200ccc8161046dc789eee7404ba9ec539acde315397c622f9bbcbcd9326160c7
reports/v15/evidently_ground_truth.html	3655674	2ff4ffe69bc395b228e6067cb1789999fdbafd799fea907be3ea214ac744d84e
reports/v15/evidently_ground_truth.json	1324	07198bda0b74a21bebfc19fd48b44f9aaa95bd8b4f169ec69b704229a14a9064
reports/v15/evidently_judge.html	3656757	6d7772a866d4f501c69762d2d48224efd25859ac31b3a824a805409f9d6ad06b
reports/v15/evidently_judge.json	2641	79dc4d5a21c5b473704c936ebf4547c65dd132261e25750639a988d59189d82a
reports/v15/gate.json	412	c8bb3843f45a74f2073c33599fe2cb27d6fb1be7e755be5fbc06d85046b6a88f
reports/v15/golden/.rows/gold-01_r0.json	1258	369a78ca532898c9ccf9662ae5657624ed36a27bdc339b63276c77360a8f81d1
reports/v15/golden/.rows/gold-01_r1.json	1264	3025e53f23d6207385dd8a89f4a5e94ee6078e8308c545e4891bb65765e30145
reports/v15/golden/.rows/gold-01_r2.json	1266	9ba81e2c2a291074f964474b435db3328c2f3283b79396cbf487e19fea224a7e
reports/v15/golden/.rows/gold-02_r0.json	1204	c059e4d8d214d76d62abbf327c5ed6a3a8222cfc625066f48193423bb039b614
reports/v15/golden/.rows/gold-02_r1.json	1216	d682a2a4c423229e2bc69824228dfe7a060ccb4a7a32df26e7415da695155ea7
reports/v15/golden/.rows/gold-02_r2.json	1216	df864bf5e3670d4474e7d8a2160ff93483e7a1248ba50eda221b79aed6f0b707
reports/v15/golden/.rows/gold-03_r0.json	2974	0b76e8caff7ba1e54bd6f41d0bc6569b325c91de2e34b7caaa2feef18787c994
reports/v15/golden/.rows/gold-03_r1.json	1190	6fbf8746ac680459324b964b9efbbe0b04bf70709863ae6bcf60056fd0349687
reports/v15/golden/.rows/gold-03_r2.json	1190	d649fe0f68fe50785baa96bc6dfc18ce8bcf83189079a0cf49ce481ff8159052
reports/v15/golden/.rows/gold-04_r0.json	1333	44afee7cd9627816203e4e3203d83a5952f00634bec14e233c55f8a2b3e5ea6e
reports/v15/golden/.rows/gold-04_r1.json	1339	9f87863aa5b90625b78e76d26ebf9a8e9a3cd401c023f46b82da520589007804
reports/v15/golden/.rows/gold-04_r2.json	1343	28f0e4e42aef643ce0098bf9882dc925ebc5e451fc8578831d745ee7fc73d0c6
reports/v15/golden/.rows/gold-05_r0.json	1280	7c81f62e414b64255745dd5cd182b23597e8ba143e16f13566e3939561cedc99
reports/v15/golden/.rows/gold-05_r1.json	1282	36ffc348e8487f7b2a976ba4a54d0b88da66d3f82622e336d9d0f1f17d0e8926
reports/v15/golden/.rows/gold-05_r2.json	1282	e26a7f9032a812b5bb537c2440e516b3b1926c0ea4beb00c3e95efd9ff97b969
reports/v15/golden/.rows/gold-06_r0.json	1335	7751c97c3543dca5f3f8f56f4e2891c5386615529f75f1008c37e86da569d2c0
reports/v15/golden/.rows/gold-06_r1.json	1337	2ad3829930782567a422acce02fb7b0a104944dd7dfa2425afe27cb557f9f181
reports/v15/golden/.rows/gold-06_r2.json	1337	71d8a30160acf737035a6d4e2ae03be67fff5604f4e6a09168614cfe1328a42d
reports/v15/golden/.rows/gold-07_r0.json	1252	747d05ba553a66dc1ec870e51769d52a413982be42a93f62fd88747be06f7e67
reports/v15/golden/.rows/gold-07_r1.json	1250	94980f6839f66a2c776b37a6a2f225ffbe20b86997d4d9d13465be0581568905
reports/v15/golden/.rows/gold-07_r2.json	1254	a9b96f28b3c5f68157c41bd7fed8a1c4b1ae24653787f37a90f58730234d1818
reports/v15/golden/.rows/gold-08_r0.json	1277	73eb51404c99b6af4bfa6df6f66eb1825bdd6e80c2065091f3910aa236625377
reports/v15/golden/.rows/gold-08_r1.json	1277	5d7073fd1538827f18ef5ff46caed4f86779bc92b851c8d79aefc1bb2331189a
reports/v15/golden/.rows/gold-08_r2.json	1279	3234e6e2b80f90226e7e4d64761370dc46aee15dc65c2aa5d2e891589bf3a0c0
reports/v15/golden/.rows/gold-09_r0.json	1302	5796a124b1493c5cfa957d65fa284143098381555e8f8858e3a4c040d8bb48e1
reports/v15/golden/.rows/gold-09_r1.json	1302	4f9d8ef182163f96d93dfbadd702d147e8f17e5a74829c807103311b000227fb
reports/v15/golden/.rows/gold-09_r2.json	1304	3dfa658f1143c73af2b59c4dce4ded1cca7a609f661ead71a59d961930bdeda7
reports/v15/golden/.rows/gold-10_r0.json	1187	307b5c90ebc654e6d9c53291239d89570816f718e879072164ea9d91589a1a15
reports/v15/golden/.rows/gold-10_r1.json	1187	bd53fc6c0f03d3142685a3485c6830ad5c3a7a19a8f6aab1dbeedaae5e28291d
reports/v15/golden/.rows/gold-10_r2.json	1189	35f44dcaeb8a51def742f484092acfa06c6d56f2c23311c6571176bfe4ace3fc
reports/v15/golden/.rows/gold-11_r0.json	1208	fb55f76ae74ea09f99d4d9e5cc54c2ec0575fc7a81364cad3e01b754bf41602c
reports/v15/golden/.rows/gold-11_r1.json	1208	870e59209fdbe32b4be28b5d4c0f628a961b756aaada1e4459441f796aab5386
reports/v15/golden/.rows/gold-11_r2.json	1208	3c643da3f1966a3bdf706b0681ba1dca115d663856f580a79a7c28c362c4a59d
reports/v15/golden/.rows/gold-12_r0.json	1170	eadef336ef85fe0e8426a3a107acf5f5c5573dc87d46e6f00ce8010d6af12db3
reports/v15/golden/.rows/gold-12_r1.json	1172	1fcbbaa5a2469fb88d0f3aaa7a06de8e88aee07240c8affe6c672bdff10d42f0
reports/v15/golden/.rows/gold-12_r2.json	1170	5a76c49d4d9d3900b17bae7fb5aec983cbbd8a6af3996f6709f2f8b44bfc9010
reports/v15/golden/.rows/gold-13_r0.json	1146	9c03b96822aeeee3be68150aa0eb8e85657ed311ac32228065d8ab8408b83bf6
reports/v15/golden/.rows/gold-13_r1.json	1148	e229994c6ab2342ca5257747e8eb0e8be95b0fe6b222994543cd424cd5801a6b
reports/v15/golden/.rows/gold-13_r2.json	1148	ab046ff578cc46d66e3b3207566e7464e7989ac92f2b88afe4f1103171449968
reports/v15/golden/.rows/gold-14_r0.json	1194	dc63d7d36b2395f13dbf45f5392dc0a82b6780f9c33342b28dba470e6ac8df11
reports/v15/golden/.rows/gold-14_r1.json	1194	e388972703399024d6d1de9be7d3753fa4f7a27ba911e22760b51161bf0b0455
reports/v15/golden/.rows/gold-14_r2.json	1196	8c85f87ced3f8666eedb0774197a865360cc30a3e7df789aaf6faa5be6dd94b7
reports/v15/golden/.rows/gold-15_r0.json	1287	195b995c41d00a9cb134ce6fcf7006ee0800acf371df9dcc0453f1a6ed1ead3d
reports/v15/golden/.rows/gold-15_r1.json	1289	efc7a2c6bce51c95ea711eccae527673db76aaa16d071caa7625e6c6af03abaa
reports/v15/golden/.rows/gold-15_r2.json	1287	dea98a9bc55d6c1ba1678ec3ead53611d5e3794b4160e695084c95c06020b1f4
reports/v15/golden/.rows/gold-16_r0.json	1189	ef5a150e7e2b85cf1355ba90cc3f8ea076a0874befbfe37e082d60ee140e1502
reports/v15/golden/.rows/gold-16_r1.json	1191	0b41402eb25f0b092b595c5fd5da4a50284f6c40d39bc362346e9c2de7858cee
reports/v15/golden/.rows/gold-16_r2.json	1191	b5bdf31d915bcf53abb392081968a77cab1f849cc1b0fd8f8b161fb38ee67dd2
reports/v15/golden/.rows/gold-17_r0.json	1219	3a57dfd6260b2dad3a3014b0b43f352a8b435b0144d65f469c90446074bec4bd
reports/v15/golden/.rows/gold-17_r1.json	1221	0313012fc82ab19ae9f8bc92cdb91afe72c073c95353797c3951b8dff3233008
reports/v15/golden/.rows/gold-17_r2.json	1221	8b0838f79bd6390df694d0df119dfa369321ce32368331714ce2b51a23b77c33
reports/v15/golden/.rows/gold-18_r0.json	1213	be5afe31cbc964311f0f10b2ce9f0dc346a80c2714e166a35acd8bdce9bd4725
reports/v15/golden/.rows/gold-18_r1.json	1213	201221728cb78d4fc3c242b0049d0caecb07c2b449eec66850a46f940b68ed81
reports/v15/golden/.rows/gold-18_r2.json	1213	88be4e0130242fa3b4ac9a1d8ecdc46e6fcf516f9afc046a4d1962e8c75743bf
reports/v15/golden/evaluation_identity.json	96	3d3610f4813240e149a05097ae4f306bc4f6cd45f8d9ba3325c93d40cc8a9c99
reports/v15/golden/harness.json	38142	60d60f53f53416054be78f82e0ea177b43bb349b8df262c02efc22c891bed336
reports/v15/golden/harness.md	2979	adb4d145f216db87eb3daf0ee739973c96759019ea277b8d57d1e1646b44b82a
reports/v15/golden/trace_gold-01_r0.json	744	85b8d6cf66f13653c041c8490423a4580009468291a07786c14f6d9a0efa643c
reports/v15/golden/trace_gold-01_r1.json	747	a37e151e431fd87ed1c5300efafc89bfa1df7504b9aef53f1be37b069a812564
reports/v15/golden/trace_gold-01_r2.json	748	7c725cd02e67ce6520dd91a579ea417175477aed2901fb3eff65fc678b86766a
reports/v15/golden/trace_gold-02_r0.json	707	fa414bf804ce97e7451cceb27e771f85d0edc536340b485018db3ab9db3f0a7e
reports/v15/golden/trace_gold-02_r1.json	713	3115bdafaf940e187b035f132830910012d286ebf9a86fb49c8b39900e81ee20
reports/v15/golden/trace_gold-02_r2.json	713	da858cbaf90c6dcfddfe82e6038c085954c585716780d13b9db9493dd874f81c
reports/v15/golden/trace_gold-03_r0.json	2810	f31cc8f6dfea7ced9ff89ccc08ac80a3e37404c3ce5c271777f9070f9c40506b
reports/v15/golden/trace_gold-03_r1.json	716	43a168a45ccbbaf4fbb334447a22b0e851cb46e6183931e180eda73aceed8b6c
reports/v15/golden/trace_gold-03_r2.json	716	a0472948f69d3b6359aac161368c213f897715a51223f77202b66a4b01a02cd3
reports/v15/golden/trace_gold-04_r0.json	752	3bba9fa05534aa3503679b76d29d20ad0131338592bfd2e5dbfd5b44932269ce
reports/v15/golden/trace_gold-04_r1.json	755	3c24bf44c58559020b137052b5d13625c657b5c40ac6eba5d9931655ad634585
reports/v15/golden/trace_gold-04_r2.json	757	e8088f6b8201b685765a44eb839cbf8b420d977f68e855284902b36e7ac84980
reports/v15/golden/trace_gold-05_r0.json	751	5a6d622df7d5c208bcb5cd49838bcc63224feaf65d47a56753a17ce8edea17d0
reports/v15/golden/trace_gold-05_r1.json	752	41e73b57b7d9df7722033fd41007f49b95c6ea6c05b5505d6b75acb0f6344826
reports/v15/golden/trace_gold-05_r2.json	752	da166399536d0c49df0323d729b013b080e9be10b7f2b447fa553660c4c2537f
reports/v15/golden/trace_gold-06_r0.json	758	3907506a22f8c2590e11ad513bed6ef154ff737f6c9a543599811c6de17d04cb
reports/v15/golden/trace_gold-06_r1.json	759	270f95f38678065c7dfc56d80e866e18ff34f5dc790e333c6102edb80fe5fccf
reports/v15/golden/trace_gold-06_r2.json	759	9041eb3db1c7f0d10c5802a25d12655f60f40771a24e5abded3d5858d49f0d13
reports/v15/golden/trace_gold-07_r0.json	734	86d533cae39a872911926be775b45260215257847e4e3454226a8d499c87836b
reports/v15/golden/trace_gold-07_r1.json	733	0013cd674abf08509a99801c649c45ff998f89bccaed6a7d7d6c4ebba559ad51
reports/v15/golden/trace_gold-07_r2.json	735	457e942ba6f8b0d320d65bd6cfffd35ca6852168849ea70df0b9ddf2c59291c8
reports/v15/golden/trace_gold-08_r0.json	752	0dd4819563a9b6b82abfa3692b54f52ebe9e2be885dd3c846befcaac0626238e
reports/v15/golden/trace_gold-08_r1.json	752	4cf708c381d80c66a22a705e972f3a5107e8b543e6b5778eae44508848e42aeb
reports/v15/golden/trace_gold-08_r2.json	753	bf6f553796623f4f64836bde20b52d0fd9bfdb5643f2c440528deaf9307fbebd
reports/v15/golden/trace_gold-09_r0.json	758	27bff61cff0e6cee60c60b9226b38cc7b64ab2c74355974df9cd997038b7916d
reports/v15/golden/trace_gold-09_r1.json	758	2e471ef55ff4fcd03bf2e2fbbba54df7149f316d7d9589662b1bc7b616cd7fe8
reports/v15/golden/trace_gold-09_r2.json	759	22486ffed4a279359149e0db5641b1946fdd7050d6bfb0b105db6cd6ab03db04
reports/v15/golden/trace_gold-10_r0.json	719	b26e62ca2a239869475aacaa03bda31756fd97f76cb8988fe3a9bfca6a177746
reports/v15/golden/trace_gold-10_r1.json	719	ff167089879da9b32602ae2838cea4bea142f806c464ee11a55fa5b3c01a6f88
reports/v15/golden/trace_gold-10_r2.json	720	ffa2399c187a672d449dbf149e6022ec3f763bba086c0afa173d5990775ba902
reports/v15/golden/trace_gold-11_r0.json	728	31f7b2f31cdbcb8e1cbe34fc86d6c30720d13c2bb37af261febeb524c5ba4091
reports/v15/golden/trace_gold-11_r1.json	728	461222a88b57528249e8ce09a2ba614c07447d9d03161577e6cd345ef4c8f6ed
reports/v15/golden/trace_gold-11_r2.json	728	87060ac936a2e8dc9e296ee4dcaaafe21c4b241ac868106ce9c8ccbce44ec0e2
reports/v15/golden/trace_gold-12_r0.json	712	cfbac0c91cda19c8673b9ce851fddffa50ecbc578bbc112e225101d0c0a7f39e
reports/v15/golden/trace_gold-12_r1.json	713	44e683ccea4e2a8d1b2856c362f8783e21e9af8357d21862265aca3ec8591f5d
reports/v15/golden/trace_gold-12_r2.json	712	b890dad57bc4a5cf5b7beab8c6237bab6db081ab5c10253a1a2045ad5dfe0c78
reports/v15/golden/trace_gold-13_r0.json	701	7ff5f415fd734e890fb0f1683c7717fff89e01dc097472b0e0da44517f330f27
reports/v15/golden/trace_gold-13_r1.json	702	611933fde2a850f2e2b30d90aa9f8f2460f11930c42d3ab5f48bb984d1640160
reports/v15/golden/trace_gold-13_r2.json	702	04d4c10f058957aaa9ae00fe4d4bb6af404fef065c011d1e88f337b09a97c98d
reports/v15/golden/trace_gold-14_r0.json	727	71bd33c9981a629f9115f0eb4ca7835a0a207e2726306eedc125ba118e284755
reports/v15/golden/trace_gold-14_r1.json	727	4a30b5e66118251e21983b3cc5379622f9803d2550d76cff670ff8684b5708c6
reports/v15/golden/trace_gold-14_r2.json	728	12ecc1422bafd75822fd1b7793a9f83ea5bd4cac6321e11ca09d470015e578c3
reports/v15/golden/trace_gold-15_r0.json	765	ba3b7538ff78b77ddf61ef9fcf62a23942220427f69305f325f4e0a1825192d4
reports/v15/golden/trace_gold-15_r1.json	766	fb9fd7f222f71d63b4a8e24d00eb0851d29bf6c07d83ba8039d8475832b23c1a
reports/v15/golden/trace_gold-15_r2.json	765	77f562aae959d694750b7f22d36282045c11c762affac9bee9b927b89a76491f
reports/v15/golden/trace_gold-16_r0.json	713	253996488e259827417d4a67ebc5007368e6131a48dbf3343774a1a4b4cb3366
reports/v15/golden/trace_gold-16_r1.json	714	fbf7208bdffc08bb9a015d5d3a023cb1516534531fe75abd2c4d57af502889db
reports/v15/golden/trace_gold-16_r2.json	714	614d2e25fb5ec8347d96fca23b1ef524c093c5af5a65ad285ae7031e427961b4
reports/v15/golden/trace_gold-17_r0.json	729	027e204faa8e8dc1b2662cc0bc8815078196eb40b6cb6755e6ae794daa2fb746
reports/v15/golden/trace_gold-17_r1.json	730	7ead20e37d749e95879d5f58e6bb2b5bfd28ae9a1b06082e7d760e7428f995a1
reports/v15/golden/trace_gold-17_r2.json	730	f3a9be78a0542614c939b9893e05f8c02b025876cbc654b44e979bb303d1e3ba
reports/v15/golden/trace_gold-18_r0.json	727	af13e0cb1ed091253dec396dfcc49aaf741776b135a10049d90a50b76204df64
reports/v15/golden/trace_gold-18_r1.json	727	4e47c07fddcd97c39872d8b3f899da997aa460784d41fe33f486e21c28ddc061
reports/v15/golden/trace_gold-18_r2.json	727	bb24809c68c399a66ff2e7658375ef96e37ed12b29cd43dd7fb8107a65bcf3f2
reports/v15/judge_verdicts.csv	60337	4ec7223efec1d4236dc2426aca957adce9b0511a91710d82780d7447301d8fd5
reports/v15/metrics.json	677	dc62de53cd7cbe08b1f5e86cd48918c82bbe9942d6b9850a371ad70c6d2e028b
reports/v16/dev/.rows/dev-01_r0.json	4439	8dd7a9dda5bb69763292446eec912bafb5b66c82920d884c57f47264e579a365
reports/v16/dev/.rows/dev-01_r1.json	3662	68515ae40bdc9aede04b5ea9283f53f892b4322b64d21134c9ee20718b91cac9
reports/v16/dev/.rows/dev-02_r0.json	3795	4815f010179f872788c0e70be42d8798f64052602f7d7de9998eb59aecceaa63
reports/v16/dev/.rows/dev-02_r1.json	3843	66eff1f95259a8464aa8f2474363687e3ef9b75c0db0a4fcaa164dc5e1e61561
reports/v16/dev/.rows/dev-03_r0.json	1156	1de1ff064d15824cd529380a6c63b802c71df91ad90709b1b1fde7326d43d86f
reports/v16/dev/.rows/dev-03_r1.json	1156	fcce36cbf4028246d3cb490607fcc8a391ba12982fdcfab7fcd887734c0f53bb
reports/v16/dev/.rows/dev-04_r0.json	5337	994ef7e285789325ef5f9fb8c2d239e4a0d08a3c2abda7844a42659755bae63d
reports/v16/dev/.rows/dev-04_r1.json	4476	85154d5a77cf9cc7b2f8086fe25fb745144565e464ce309f0b7c9fa40b202edb
reports/v16/dev/.rows/dev-05_r0.json	3690	3949de5d85cdc327195c45c936c53c9af96e3ddf251f8f9253c3801c41bb434e
reports/v16/dev/.rows/dev-05_r1.json	3688	2adf847e90d1f12e0355fc875fd2680999ce62a2f385fc5a9783671b57eb4f5d
reports/v16/dev/.rows/dev-06_r0.json	3868	3c5b732b1a6f3c9275518568333ba6ab4b173000d9bf623090f4fbe42bc2bfd8
reports/v16/dev/.rows/dev-06_r1.json	7124	4a16569cb192e41450a4a8ab07b17cf5dbb34f65a6e458f4709045b7a5017634
reports/v16/dev/.rows/dev-07_r0.json	4292	42514e144d846b1e2f4141391687e92c85a5135996c415445457d0b08946dab4
reports/v16/dev/.rows/dev-07_r1.json	6131	ff89a2d4d52f251008880ac9609fd3f44fc1a1930a337a0ce89c20462551e1b0
reports/v16/dev/.rows/dev-08_r0.json	4282	4fe5d203f0e5fb4bf602c99dd7aa219c9ae48fd4462886ea502ff35322868aac
reports/v16/dev/.rows/dev-08_r1.json	4194	05da63d5c8738e0b8061a964afc48b1c85c93c56517542716c61b6ba5a2d0b51
reports/v16/dev/.rows/dev-09_r0.json	4126	dfabac972037b8998238e715b36883780a59a07374267d286269ea005365f2b1
reports/v16/dev/.rows/dev-09_r1.json	4315	aa7477dbea9ccc9501bba6d7be427de58f20621707828e30e6d10b649eb7b95b
reports/v16/dev/.rows/dev-10_r0.json	11974	b8b9fae642c0c34c378e38bf98c7a50fde334d3081fc1580b0dfc15dbe2d2273
reports/v16/dev/.rows/dev-10_r1.json	8836	4747a50918e15e0e7311df6a8c8a1f940e55fb4b9dfea3b952fa092553451815
reports/v16/dev/.rows/dev-11_r0.json	5406	4cad6e83dd67e82795e67eb3bc8c8290e1ae8465ebe87c01c28e1e7672b76b7d
reports/v16/dev/.rows/dev-11_r1.json	2895	16d82c5630de5f5b5c27dfe03c6bc4b9a1eb5e62072b82eff161422536c7d75f
reports/v16/dev/.rows/dev-12_r0.json	6206	3185247d9ea6732c48522eed55d98ea03fb961334b18d350745cd33835e830f8
reports/v16/dev/.rows/dev-12_r1.json	3680	09946d09018011c1ecc37dc658f58c0f9c306d9926eb070c2b03af128564e449
reports/v16/dev/.rows/dev-13_r0.json	7025	3ab478d00eb494a40549c6da3ba16774a9f633b86bf7012336fcc582627a9822
reports/v16/dev/.rows/dev-13_r1.json	5196	09b16a3b1a646d1d93eda3c9d3668933a7daa0baa04014aec09d503f88ef64e8
reports/v16/dev/.rows/dev-14_r0.json	6679	2d32751e00641e64cdb1cdd5e79909ce3e294ef0de2940e7a0ec42313f67b7e3
reports/v16/dev/.rows/dev-14_r1.json	4632	78e1187a366fb8f10174216d292eb2f9d65c9f48fbf238fc03bda22d219e4dbf
reports/v16/dev/.rows/dev-15_r0.json	7590	92cbe8f7d841ad3157ce7701d256ef8100019b31abd5b0c2417445d35eb3e3e1
reports/v16/dev/.rows/dev-15_r1.json	4433	7d2ea6e15c4e98db7ed0bda6ead30ed9dae7d0ac2e2a4576a213dab320d9f52c
reports/v16/dev/.rows/dev-16_r0.json	3337	fec02b6e8ff195ac525bee62332f2d9665dac74ed77375d620fb914e37c98b94
reports/v16/dev/.rows/dev-16_r1.json	1572	b65c18bd98ded9e8645c12fa773d392b85c7cbb2d2ffccecb2b3a994d05b88d0
reports/v16/dev/.rows/dev-17_r0.json	8757	6007a768fb8cd3319476f468b9764aea49c3efdbe81261d2dcea2483bd467150
reports/v16/dev/.rows/dev-17_r1.json	9573	f46585bba73e253cfd099bd2a6387fb1d6da4244b131f7b821e49e9476625a21
reports/v16/dev/.rows/dev-18_r0.json	1367	1d345c319d260db9bd256c92ef30da023090b257d43ac6cba4114c08aa54e045
reports/v16/dev/.rows/dev-18_r1.json	1369	c8c7b09861a8a510b95eeccf6db0ba3ddcc1d97fcdf53c3f2dd724b52fb04204
reports/v16/dev/.rows/dev-19_r0.json	1351	4958436bd018c6806bf1e57d6d985f29c9caff939a7cdc25ab6c41aac11dae39
reports/v16/dev/.rows/dev-19_r1.json	1351	a7705e2f65df98e3a32925d6165a120fb28ca92fb662a30ed63a1d176c1f405e
reports/v16/dev/.rows/dev-20_r0.json	1343	d32d9ce23239cc375f1b0381afdc701f3c603f873b27af603db3aa500290d379
reports/v16/dev/.rows/dev-20_r1.json	1341	e28e473ee6c6a970206b64f3ccd3ea7acd71f2fd3b571ca46927e3107ad95a9d
reports/v16/dev/.rows/dev-21_r0.json	2054	16e4bff4eb6c3cf955cfabd870a4d1a2f7f18b99b6a9c37d97ef7ea779266611
reports/v16/dev/.rows/dev-21_r1.json	1888	e68bb40f0e90df29469d3f4329fdf7489898e67ce4175748f5762f239ee28b8a
reports/v16/dev/.rows/dev-22_r0.json	1405	de095de291b33139ecd2b3672a1407e22b12eba2188db2168d266057e103b57f
reports/v16/dev/.rows/dev-22_r1.json	1747	4c5addde03641885505f123a22565ebbe95548f34b11adbf6c597f1168a9867d
reports/v16/dev/.rows/dev-23_r0.json	1563	2ee8560194bade996166dc0ad606eb2a093fe6d87149ee818eb7f1390b960676
reports/v16/dev/.rows/dev-23_r1.json	1564	3f41e95ea5d3585bbe9991c0a8b27b41e22b9418bbc8b7a7ed757292ffaf7377
reports/v16/dev/.rows/dev-24_r0.json	1582	a1a65e57d4ce4008e55e00ca3874a0461a94ef9e29b5fe003784d494b11510e9
reports/v16/dev/.rows/dev-24_r1.json	1631	bbff31021b3b5a89768108973c1fe0ed8b67f464470feabcc89aa382e2b19c5e
reports/v16/dev/.rows/dev-25_r0.json	1968	ff647301c3300b791b346e1ea433126b798b6b4d0e42fe6322d1403040a48ed0
reports/v16/dev/.rows/dev-25_r1.json	1704	699fa7959f8bc71c4ef1b1086174cb29f54fbcbd9ba70be0667348a1765a738f
reports/v16/dev/.rows/dev-26_r0.json	1354	a0f1b4efecf1db2562bd0ed2dce09bbb56aa40397e8200ea7baac58acca93132
reports/v16/dev/.rows/dev-26_r1.json	1337	cdc644758df177972c27023f8c588c81acfcef17e02fff532e66bcd6e04f19f1
reports/v16/dev/.rows/dev-27_r0.json	1328	8b063cd4ed4ad20a573b6056b09e0bfa71e4d8ee7e453d1b9a674f88d7be7976
reports/v16/dev/.rows/dev-27_r1.json	1325	07fb54842b643309c93c706ce1345cd6c22a0561971bbc7e27b988561bda432f
reports/v16/dev/.rows/dev-28_r0.json	1424	cb493a22a11a8aba7bb396a3972756683d68dafefc2e22127eda8b7cf5558583
reports/v16/dev/.rows/dev-28_r1.json	1420	017b2aab7935f6c0e0bad7ee11acd748f71ee94212bb4b8720fa12c8fe9cfdd7
reports/v16/dev/.rows/dev-29_r0.json	1212	c6f460b1c1e13febc276efad281dfd273fdd735518cbb9fd965dddc7fdfd7a13
reports/v16/dev/.rows/dev-29_r1.json	1212	8eb23ba0d31840969fe2b9e75f1b8346e3ed105cc0a608f0341610e8443df613
reports/v16/dev/.rows/dev-30_r0.json	1509	9261218e5dcbcd93b6d2afaca6f9c0ed218762fc23d8989ad20ec0a4e0412ae8
reports/v16/dev/.rows/dev-30_r1.json	1509	034f9ca914ebaa7a87b9c1c590879b00bc58342f80284b3d4e7ba4d123dd1182
reports/v16/dev/.rows/dev-31_r0.json	1763	c58a2494d02ae3bc5ca6d9e03d1fdef691402a6408b10bf93d71027b5624d5fe
reports/v16/dev/.rows/dev-31_r1.json	1763	ef1d2465f454128e0ef141b4fc6553f9e0cfad31d98e8c6249f92c260bd915e1
reports/v16/dev/.rows/dev-32_r0.json	1152	b5703ba613539b724b08ddd1f7b2c58c65a37e9578b07564a09e0206df740350
reports/v16/dev/.rows/dev-32_r1.json	1847	5f98bbcaefd498497255bcc5e11ed1e00b852813a6ec23fc74b27317b804a53a
reports/v16/dev/.rows/dev-33_r0.json	1823	97cc4189202d98f348845477fc2111ec90fb3d434ac7075bfeeda792afa781cd
reports/v16/dev/.rows/dev-33_r1.json	1845	c25da1f94323d0331b7205f77add0c5a62a01ef57721e325485f0f6445eba684
reports/v16/dev/.rows/dev-34_r0.json	1850	fed85841e1fbd318185ed31ce31baf94197662067271fc04f8510484f8ed1f14
reports/v16/dev/.rows/dev-34_r1.json	1852	261f835a7e820365b5dd656f7c353493f7f4c99f22970b7836771cde30983c05
reports/v16/dev/.rows/dev-35_r0.json	1833	172f03fdbfd17cce5dffdf11028d3f49092b8d1f5931c18bcba40292195b2ddb
reports/v16/dev/.rows/dev-35_r1.json	1833	b90fd262f5e5f09b7a202886e67d3da7784251fa07908921beb5805b3591a3ac
reports/v16/dev/evaluation_identity.json	96	3dd23fea80a2c8bb9715b165d2c2486db986a8b9d371ecdfeddd96208d6428ee
reports/v16/dev/trace_dev-01_r0.json	4436	2355bda12f0aa2768c72811ec54b526497cdefa14b7d77aa88b0360e1820328e
reports/v16/dev/trace_dev-01_r1.json	3505	1473f88442bd7862c35d247d1b24595bd411cb444889cde215e460c0657fe179
reports/v16/dev/trace_dev-02_r0.json	3595	060c77fbcceefde50065d36bd64b11b1af8486e3b6576931f44b599916e999f9
reports/v16/dev/trace_dev-02_r1.json	3625	3abf7b0315d692df00a931d9fa53d90df7255f8d8bdaac8e651f4b351aa5f63b
reports/v16/dev/trace_dev-03_r0.json	700	eb5a7a4b1928ab10bab8bd75ad3eee578192f70971757b58afa43de171915ffb
reports/v16/dev/trace_dev-03_r1.json	700	b5da4e877c32e1f37dea59519caa5707d33d45d2126b4309fff6dea8c0658514
reports/v16/dev/trace_dev-04_r0.json	5520	e56536ee5f0dd8ea790fd63b73ea87a7be09bcc4c28e8535629210cac05eb6bf
reports/v16/dev/trace_dev-04_r1.json	4493	59e44c286c85a4502d8131fd10b29f79953d3d66ffb5d5cd7ec13e954c262193
reports/v16/dev/trace_dev-05_r0.json	3543	3b93d80bf2d83baee59443440bae12c288ed8a8ffde9994609b90cccf3c51195
reports/v16/dev/trace_dev-05_r1.json	3542	456e3d0f13baa661c0c2656e84bef54931dd6f26ab7285c210ffaff5c9e19650
reports/v16/dev/trace_dev-06_r0.json	3776	78a4d6fde91003268b58be47a7d95844f8777d05e73de606c8cc951beaab84a9
reports/v16/dev/trace_dev-06_r1.json	6598	b7183c7c2673ab12e0a94971f9377bfea2d20b3263ac5b6425053e776986cbe3
reports/v16/dev/trace_dev-07_r0.json	4091	457684bb2f77acf7a0c5f927bf745ae90e1b26ef3ea79f6c365b3289d326fec6
reports/v16/dev/trace_dev-07_r1.json	6252	b9084da7f1cd12dc23d3dd111d5e09830d8edcd98e08e3d367490680ac49bcb8
reports/v16/dev/trace_dev-08_r0.json	4051	a10f4eb1039a49f10d4fcc1ebb35166f9248d084bb16843551b9eb453a19ede6
reports/v16/dev/trace_dev-08_r1.json	3993	050b403325fb19d26456d75820ad548871827df4a3c726f3694448407cf783af
reports/v16/dev/trace_dev-09_r0.json	3952	9b53bd0404d01bc5ee51d774162e65aebeecf8e9dd8617875f929f98bfeb3529
reports/v16/dev/trace_dev-09_r1.json	4070	cd6c8da5197785246a03e83a410204b6dd308682843f8a6d1f7b40b8bd3f4464
reports/v16/dev/trace_dev-10_r0.json	12783	ba92cf15746420db17341ccbbfcf404c192ae292bb592dd4041fc233775e253a
reports/v16/dev/trace_dev-10_r1.json	8844	e77e73ba89c631aeb3f41ebf9b738fc6da2f85934bee178b1f52ae90e00c29ce
reports/v16/dev/trace_dev-11_r0.json	4888	23bbbd40098f6022b6b5e36d63624386e39315171f07b995787640292b1d90e4
reports/v16/dev/trace_dev-11_r1.json	2718	a6d3b4edac29f1ae351213857b8ee0c2338c9270203ce0283e591d15620a94df
reports/v16/dev/trace_dev-12_r0.json	6217	d6dec2261f4ead1a348290d4ca63775fc7da65242e192a3f8fc529ebdd755c81
reports/v16/dev/trace_dev-12_r1.json	3648	9447772ca1f81ff67f7725e84acbab1458d2f7d8df8023e01fa34b7406f8bff6
reports/v16/dev/trace_dev-13_r0.json	6813	6aecb0d72f1f97972cb449dc05eccfbca970d0e5e8029ac5504df4fdb4b5e4e4
reports/v16/dev/trace_dev-13_r1.json	4740	ec4e8276098c54757378635a224c42418c35fd86ecbb893685a0e3eb068d3106
reports/v16/dev/trace_dev-14_r0.json	6643	cec9935fcac3064a8b67b0e1695d6f02cbe89fec1532555291f8749d69f029a8
reports/v16/dev/trace_dev-14_r1.json	4753	9592a79f5c4aa563e6ab94a309fc587b0da9bd2953ccfb2d651831d1fecce152
reports/v16/dev/trace_dev-15_r0.json	7213	21fd85925eb8232d05ed875688a15955b92d5ea79041ca7a1255aa3a0307a86d
reports/v16/dev/trace_dev-15_r1.json	4080	0d5fc3bd0dbd95d9e5684fd7c9d8040db6f7e4f2ff368a753de959833d977251
reports/v16/dev/trace_dev-16_r0.json	3202	357cb53b680f188994f02ca2dcb2984c70c28b468ff850a80f93ead33194e8fb
reports/v16/dev/trace_dev-16_r1.json	1103	1fdf03b9d062db622fa66f89398a207cef3655b2bca27a375e776e6518a363d7
reports/v16/dev/trace_dev-17_r0.json	9915	e84f59f59799d76fa5260fcbc6e92d3ac2feaeb83d0b34bd2ead8b672c45439f
reports/v16/dev/trace_dev-17_r1.json	10840	489588f0751aab335f0aece82b0a66db166ab1a17039e2ec4e495428e5ae78b2
reports/v16/dev/trace_dev-18_r0.json	962	f8b111a9ee4941b1f6e8716e351aee74022184eec63e78ffb9f1ec76225fa693
reports/v16/dev/trace_dev-18_r1.json	963	e2280757f9de8ef841b31c35abc6ca8707fe6e55d0e5bf18f9108d399ea55847
reports/v16/dev/trace_dev-19_r0.json	959	54d4e72eb40617f3ae36ed231034d067e48c13d78f914e9a92142d1de7020050
reports/v16/dev/trace_dev-19_r1.json	959	90b4450eaca1d181cc78cd2a063096a4c760ae5ae2618e6f38fdf360ca732e11
reports/v16/dev/trace_dev-20_r0.json	943	11d73f8b6b4f4ed9a60d4128dcb31275a46915d92218068c318d96a450264f94
reports/v16/dev/trace_dev-20_r1.json	942	7f76681c18a65c7a259a520cf8f87c2f45012a39e12d74a98f1bbbc9c46c2691
reports/v16/dev/trace_dev-21_r0.json	1431	871e5686dbc7699371a2b7cae172c555b1cb8c57526e96f8698b7de14cf2c569
reports/v16/dev/trace_dev-21_r1.json	1320	efda2262df6fff3da878f0fe7224bffdaf1cfb1bf843eb534ffeb8dcc5fe7a89
reports/v16/dev/trace_dev-22_r0.json	1008	2971abe434cd3d1c3c8cb4775485d5a9cd0e8bb3ff80058be57d665b8eb95dea
reports/v16/dev/trace_dev-22_r1.json	1236	0a2e387420c3346bb46ce6f7b793d7d9c1fcec66ef9b55a3bce664aeea0428c5
reports/v16/dev/trace_dev-23_r0.json	1107	a6acaeac76bc6daef2cda8632b4a35109e1b3b8ac430182dcbd73d3f26536390
reports/v16/dev/trace_dev-23_r1.json	1108	dabb6b71dfe117361de1ccb981b79c4df9d96c787661f854f424caf3307ad491
reports/v16/dev/trace_dev-24_r0.json	1113	ab4029cd16c042a7140ec4cf380e69bcb8d1b7b7372ad1048ee1b6ade7e96928
reports/v16/dev/trace_dev-24_r1.json	1146	d0609e9411649eb3d146c56593fc84f723d79d5e9ef1f3353d7b3fb4e08b957b
reports/v16/dev/trace_dev-25_r0.json	1373	2180f68f399b6b73abe06e4c2e3f0f00d98ce9809d584fd8f762b622ca81b09e
reports/v16/dev/trace_dev-25_r1.json	1197	615104a16a4a715af31d2d0e7353e36c79229c4a89a38fbf2e820d097281e595
reports/v16/dev/trace_dev-26_r0.json	961	0e8c75b878a61d59c5117fec21a42acb4f8b2bcb77fd3aedf06d344cfcce1f52
reports/v16/dev/trace_dev-26_r1.json	944	95f9016940b9de261488410b5d2f768122bddf7145ebfe2af4af941a0ce82155
reports/v16/dev/trace_dev-27_r0.json	916	6a6afc041feb8792f54a0935c7c2675adafbb8602da4edd2580563d8d37129c6
reports/v16/dev/trace_dev-27_r1.json	914	979beda0838829b61a196609525b5882d944d9cce737a0ec848251afc323c7aa
reports/v16/dev/trace_dev-28_r0.json	978	d52789fc157469121a10fc6ff48ef529523aeae2d9d0deb074d4f0078890045c
reports/v16/dev/trace_dev-28_r1.json	981	c9867600aa3f39703365be38dc2cf1239ad643ea35cf08bea607df6009c83a4b
reports/v16/dev/trace_dev-29_r0.json	721	4574e7f767611a752c623a8f04760250a008ce0e6627b0799635b93449c2d8f2
reports/v16/dev/trace_dev-29_r1.json	721	b5cb1e024af0f9d15e1c82d4f0d131be2f4b63b557cbad2ecd29ef85e41a5121
reports/v16/dev/trace_dev-30_r0.json	1052	1455a1d2a9d0a7704f8e9be80145fa398663568f01aa7a868027b7dcbc2a1e84
reports/v16/dev/trace_dev-30_r1.json	1052	06d1f2616d8e0ede4caf4dac36d42d1b6059fe52773dd1a84c98b4e1f43bab9d
reports/v16/dev/trace_dev-31_r0.json	1396	11b6cd244092e74cd6fa35879b95c30e07c636ffeeb447724c62768db51766c5
reports/v16/dev/trace_dev-31_r1.json	1396	47932981f81b12f055e6912b71158681eb87ad37b320f5e9c95fbd42c901c4d9
reports/v16/dev/trace_dev-32_r0.json	696	4226e9b5097aaef733c8fa6aa27be97714ec589f6f3293ec9e9b8332e6d523d0
reports/v16/dev/trace_dev-32_r1.json	1466	e13b580abc4d207de2e9456bb7aff67fdf6a6ef6d8b1349fc64e53989b8bc3ff
reports/v16/dev/trace_dev-33_r0.json	1447	e25901f7d7c8e83ccd1bf0024dfe86a7b4b01b8b803ffdff2497d5e04ef4e4dc
reports/v16/dev/trace_dev-33_r1.json	1469	899755a1840c0bfaa7f2733235709714bcf707ff3c85f97b91ac10fdf6cad19d
reports/v16/dev/trace_dev-34_r0.json	1468	e0c430d66d12ece275801765a1139e132dd1e3749b28c156b1682853f753f6c8
reports/v16/dev/trace_dev-34_r1.json	1469	269f5e8bb2bd7b14a9a1ef496b124c5de7c33e3fc8dbff8a6dac1ffc51ade1ce
reports/v16/dev/trace_dev-35_r0.json	1458	f8219dafc1db6e1cccb84c9a0dc39c1ce840d6b1a3e55b3c932e79c1dcb0f492
reports/v16/dev/trace_dev-35_r1.json	1458	b9b1f594e2430e3deaf5c689076b9ae7ed1f4e866f5baac2547e5422fe79951e
reports/v16/partial_manifest.json	293	40e2174d3d1d55bfbde3741f5166c9028ced6a91d069cc41a70d959aad274560
reports/v17/dev/evaluation_identity.json	96	6063a6e5ab749af1501c9caba935a1ca2a50069b32db8b8dbd3f6625dece9ea0
reports/v17/dev/harness.json	84920	39bc5196c4d20c560509f8926a9609ac089428415d26b5762198eec87b6af404
reports/v17/dev/harness.md	4528	f7d4fe235b0341891a0ac917227e0c0a912395517dfda4adf22fd5d151cd5e0d
reports/v17/dev/trace_dev-01_r0.json	3533	e8daa472654705dd9f513646d552ed9adbc0a7dc54a24616af49f961042ed960
reports/v17/dev/trace_dev-01_r1.json	3532	392c066b91b87e3efa8e1649a2ccd9245ff7036c46b5f01f10721e260e7b9004
reports/v17/dev/trace_dev-01_r2.json	3533	bb08c416460cff3133cdde01aa1d354c4b50eaa41503d5287e440a7ffe063f10
reports/v17/dev/trace_dev-02_r0.json	3695	0d39c151b0ff21310fc62bd8776ba53710ae5f499a29c21b4ec7a0b774fc9a35
reports/v17/dev/trace_dev-02_r1.json	3788	a41ac3f47998283ebb80f28c821de5c5c1103ebc5c0786b85e1333b04c8206ac
reports/v17/dev/trace_dev-02_r2.json	3660	40c6f19da17ce2edb2dced513d9763beaf157e19983b1210171cab8e1ab95ee1
reports/v17/dev/trace_dev-03_r0.json	3417	7721783d9814a6bb10a80bde280b7fee55f6262d5a032a4fde5ed13623438b39
reports/v17/dev/trace_dev-03_r1.json	3416	21c5c75ac6fe1210deb1661eead4dd7a67bb1eb91fd32debb31f95332965626f
reports/v17/dev/trace_dev-03_r2.json	3417	a06655ac784125b17108ed099b1107d10cea4898bc8b0dc97b84fc3bef362a4f
reports/v17/dev/trace_dev-04_r0.json	4504	0b9c23c27832be09c983845e0c84621291eba934963c569aa6090ebc226371e4
reports/v17/dev/trace_dev-04_r1.json	2772	f24ddb4b3d1deb327c14211718e6b5f6ed649840fc534ec85958ccc73c63f044
reports/v17/dev/trace_dev-04_r2.json	3564	2668958f6281ce31e922e27dd757eb4f4a9090e9dac5d3cb2dee9580c8810df3
reports/v17/dev/trace_dev-05_r0.json	3536	d8ed2204f521752824b5cd5de72bb136560bad26d3ea13bfce0322b74b4e0a34
reports/v17/dev/trace_dev-05_r1.json	3578	7460f97afd743ef7ca75d2b2edc6ee234033acc935be176acd3dc0beca9e78cf
reports/v17/dev/trace_dev-05_r2.json	3571	2aed64d32a4d2cbd3057103337324872a89dd8a069e28df88fa0f7f5a7d1a2f4
reports/v17/dev/trace_dev-06_r0.json	5939	38ccd68a5d3728ed09c11cbfb079882e05db4040f2a2846909c74de8c99344e9
reports/v17/dev/trace_dev-06_r1.json	4751	acc800a18771b873a94ff5ac2b7fe08bd07d4720ed501fa59f9ffa2197fc204f
reports/v17/dev/trace_dev-06_r2.json	5004	611b88ab7e84ec963b26cedadcec59403b64b9d6ab063ef3b3a09e3f0025157e
reports/v17/dev/trace_dev-07_r0.json	6385	fdffac959b30afb749d0ba0871a1bf9f7db5be4d488860fb905b8f607cddef35
reports/v17/dev/trace_dev-07_r1.json	6078	6179fe0ef74a53c2d8407f14ad38a60004bc078698a6eb61c1b232d90487652c
reports/v17/dev/trace_dev-07_r2.json	6255	39d47523a7c69895d79a60fd665808367f383929dcaebfa6d2cd03e64c43b148
reports/v17/dev/trace_dev-08_r0.json	6918	3dfa2cd97e00753c8d05c5af64a19224617fa81f1929d57be1a59daca25d743e
reports/v17/dev/trace_dev-08_r1.json	5988	b04980728066df7542d43c5523187a8feae94aba6b134b7d49fe8e17442c798e
reports/v17/dev/trace_dev-08_r2.json	6758	3258a58b4c82829ea364f9c78a76fd552ad9f43620fd2e7428d5f9634564ca81
reports/v17/dev/trace_dev-09_r0.json	4299	502e78ef2e1abe9d98969f171416f9d528c91f1ba93ead1d595595397b752648
reports/v17/dev/trace_dev-09_r1.json	4024	adee79d1dd76087a64aa499f04acdde1f7ff32e950fb6994bc7d7a03beb54259
reports/v17/dev/trace_dev-09_r2.json	4316	11a95c9d5afd95f0810d20596962b779b6aa2162b5b40a2b5c5043c632b28e17
reports/v17/dev/trace_dev-10_r0.json	10704	f42ab3ce4abde629c66b58e4c72af78f1dc10e075e6b39e69b83f5966b079d02
reports/v17/dev/trace_dev-10_r1.json	8442	d66a87a7e9808974c2df337fe48c5e5bdb12fb0a988c37018ac0c3e9ecb8020e
reports/v17/dev/trace_dev-10_r2.json	8584	4d13bc68a949867f1c8f3aa23155db692d80bee69098c872fdb8e6ca05c2ac15
reports/v17/dev/trace_dev-11_r0.json	4576	728cca6f0651296b1d7a83f2b67a08cadb7890a5249364cacd3b730ac3697b75
reports/v17/dev/trace_dev-11_r1.json	6476	f303029352a49ec8507c9e593cf9aef92dc41f26245fb970c75403b032e7080f
reports/v17/dev/trace_dev-11_r2.json	6725	7572666efb723fd2804792d8a6ab844538f1fc9faecf76cd2c79bfcfae297247
reports/v17/dev/trace_dev-12_r0.json	4458	690d6fc07b2180888356d7205fede9d34eddafce6a6d1b148414d7bb7b225cbb
reports/v17/dev/trace_dev-12_r1.json	4173	0d85241ee95b3f68dc1d16cf7656e2f92516fc39716166665f28c551ccd513f4
reports/v17/dev/trace_dev-12_r2.json	5405	24b7bd76c69fda85d10006f0d9e5491acde013b8baf273d6b8afc13bd7f39d18
reports/v17/dev/trace_dev-13_r0.json	4898	48103523d054ccdac265f08b9a9cfa70f84ba300425dcf16ef26a689fd6dab48
reports/v17/dev/trace_dev-13_r1.json	6732	c2ef82cd0b91613c493c64d958f5d2b0bd309e7f16b16f13ee84062c11eafa40
reports/v17/dev/trace_dev-13_r2.json	4812	3f7dd8c73e7897c3eeb0300282a189901f54b19f2c86ee4aedb82d27b6f67ca3
reports/v17/dev/trace_dev-14_r0.json	6600	25cc3af0362f9b9f0559023e4de18eebdeb2b02748554508cc77430d83d1065d
reports/v17/dev/trace_dev-14_r1.json	6624	915e87c2f3f33dc4e2a3365198c6f0d1407466e132c0a1531b6bcdf20b302a32
reports/v17/dev/trace_dev-14_r2.json	4819	2767bdc16737fa7fab07b3fedb0530cea256688a2ab23640d6c904260446e473
reports/v17/dev/trace_dev-15_r0.json	4680	9b2fbfbd993729452b278b82445ef356b8c87eedca6d63d52979b6aa73752cc9
reports/v17/dev/trace_dev-15_r1.json	4490	b3c4f8e378fec5c6f6c12d2294227d8d35e3f577a1ae010d8e6c7c9f7c653359
reports/v17/dev/trace_dev-15_r2.json	4564	e398c7075be541e65f1fccdc08ef8b5663e3a8fc161b1c517239c5e9a8b2fa9d
reports/v17/dev/trace_dev-16_r0.json	3248	abf7db51c669e16a3d0ee6e252f8312ad146304e4e5dd359db000589bee89bb1
reports/v17/dev/trace_dev-16_r1.json	1124	1c2b4282bcfab0cd41841d4d6550830df7bde3b7cea2008c445455605ccbc7b1
reports/v17/dev/trace_dev-16_r2.json	1070	c07c8aeda4e4c7fb21ed89c08d83f9cabf169d51d5ec4381ee0102d240abe03d
reports/v17/dev/trace_dev-17_r0.json	9925	1ed9eced6aa94d9d4486f249ada2c09059cc32acd79749c592fcaccbc40e8440
reports/v17/dev/trace_dev-17_r1.json	9938	028bed0d4881d60da76b55b679503b39c7830fa47d4c613ff77523623e7a1215
reports/v17/dev/trace_dev-17_r2.json	10465	7562c1c3c211ae5eda81afa05a88386f7c81ce996878e1866b28a124a119a84d
reports/v17/dev/trace_dev-18_r0.json	946	4d3d47dc31f716b2cf8a92fcd779780b913d62e4cf8557cba60241da2447219e
reports/v17/dev/trace_dev-18_r1.json	963	cb43746d59c7a7f316a7508f8eaabcba3ebfe4903a65366d45252754782ea4a2
reports/v17/dev/trace_dev-18_r2.json	963	e3396ac8a9fd4bcfd387a8ec563182b2b7bda1933a6e926549f5f8f33c8c54d3
reports/v17/dev/trace_dev-19_r0.json	959	a6e5d69a24d64e626e1f8f8115824749a400cb4f7daa00d890c79dc0a9aba5b4
reports/v17/dev/trace_dev-19_r1.json	958	57e8d4f2d845f6bfd0da084afbc1df41ac2157f3d0de46e3109ae9c49760990f
reports/v17/dev/trace_dev-19_r2.json	959	e63280d1eaced7c9db80557b8fcd4c2588aaaabdb437b0abd05625839e588de5
reports/v17/dev/trace_dev-20_r0.json	942	cc62e8cc887abaa01360f1e4ba1cf48c3457826417a54476dfb08af619a4e48c
reports/v17/dev/trace_dev-20_r1.json	944	d25a954c69cc4acd44f0a0ae1dd64c40ce43762cb8516dcbeb40726b275bdcb9
reports/v17/dev/trace_dev-20_r2.json	943	88610e93ac8bce5a2799e19850e42e0546cf61ebaa2dfbe57212e629562e485e
reports/v17/dev/trace_dev-21_r0.json	1282	81008c838a7b1c4d6b5b7adbbf106fe4fca3d0dd7612afc631e836b7b8869c15
reports/v17/dev/trace_dev-21_r1.json	1287	da2f3478175662eee4ef1ec46038c835cc87e9cb3c84327d3a19272978d6f1cf
reports/v17/dev/trace_dev-21_r2.json	1219	71927a82e9caf85604bc4c4a35778f7c826c6fcc6fd2bbdd2f6a429f21bda6cf
reports/v17/dev/trace_dev-22_r0.json	1200	7c0c5a2d84d31fbbb35bcf45d036a0ea941a2db3ab362b41ecca9a76edde1486
reports/v17/dev/trace_dev-22_r1.json	1280	65291966e4f1df18a190aac8689adbdf31ca6edc210be1b11a6f523ba37531bf
reports/v17/dev/trace_dev-22_r2.json	1006	005988caef985c5d771d7cd44a9ffd1ede2f67cae0f67a4b01f2f9507be77d16
reports/v17/dev/trace_dev-23_r0.json	1163	eed5812df66109edc7b8e0c114d1e96a908054b256137fc90ff340ec25504267
reports/v17/dev/trace_dev-23_r1.json	1125	26ffad68897c9e6e8fc9d4cf179daf175a0baf8c88482338f03003a755e0e507
reports/v17/dev/trace_dev-23_r2.json	1126	860d75ad0768869a5e39830ec261eedf78c7f1e8acb5ecae7698ffdc8adf90cb
reports/v17/dev/trace_dev-24_r0.json	1127	6d2e6fede2424853ef787195aa3e13e59a0c87df8c3b830f777d1813826f11e7
reports/v17/dev/trace_dev-24_r1.json	1126	38f17018a7d531f2081d9a603dff8912f446027c613709ecf5674a95532ef059
reports/v17/dev/trace_dev-24_r2.json	1233	04dbbdb2a37a0d5c0f912f70d292fd1301ef09b3c2020813626a7c16c46f2ddf
reports/v17/dev/trace_dev-25_r0.json	1237	f1871742cca73e634addf847c828985f89f844903e406e4f592574045fb07b2a
reports/v17/dev/trace_dev-25_r1.json	1241	9b1bca87febdd123e6fff997b24423535b59d92a3e363058faf1369a011a01d5
reports/v17/dev/trace_dev-25_r2.json	1183	50539932a7c52c2c9e51e3591af98af6c00db77a55e320c60b2a9aa73cf4ae27
reports/v17/dev/trace_dev-26_r0.json	937	0788de2de039a54143a10559ece80b3a830a68968825349e28dc3ec2504ffcdf
reports/v17/dev/trace_dev-26_r1.json	961	f2fa7eb85fb6925ca2a1c7c5b6c555be1d45bcf4010cf49551d43fadc01d0671
reports/v17/dev/trace_dev-26_r2.json	944	088411bad9329f19ecfa81cf8950a5d98d0f6941c1fe8bbdc5c8e7a236a3d552
reports/v17/dev/trace_dev-27_r0.json	949	8f016f9279bb25aaf38b6f3b9f7fa27d4159a532b5ea3e9d317c4a9265537207
reports/v17/dev/trace_dev-27_r1.json	951	714e59946d85fe02d2cfe1ce2b739d60aee4e802b4dcc1bff83487c94c48953a
reports/v17/dev/trace_dev-27_r2.json	949	567e6354c2b69297b05db480888df27f3c2a97da4ea6e9691a0be95d07dce297
reports/v17/dev/trace_dev-28_r0.json	974	1dcbe005c8df350b074dc331f7fadbb8e07ad335f8ffc3b2b29b6a82674f26e6
reports/v17/dev/trace_dev-28_r1.json	957	767fec449fd14bbbbced9b59ff7edfe63c7ce42d6298fb68ec5457d567793849
reports/v17/dev/trace_dev-28_r2.json	958	47e4fb582220994747111d38717e4f858d7c7136497e7762abf08177bd57f309
reports/v17/dev/trace_dev-29_r0.json	1142	807ed6ab6006d94672c08b940f76aa840e209fdcd493c4ae9831531c2077ad66
reports/v17/dev/trace_dev-29_r1.json	1144	1c6681a37c7cdefaa93eacac70cf622afd1342c959c08b8bc436b8dc712ec522
reports/v17/dev/trace_dev-29_r2.json	721	1f9095183127366d544fce3902b99f1d50edec2a94c7dc4850e9cbba83146347
reports/v17/dev/trace_dev-30_r0.json	1047	97c2a41f4e611c97749e90d909e9f8444b6b15ed4809ec93b266bded9dd33cdf
reports/v17/dev/trace_dev-30_r1.json	1047	cdcdd3d875c13f0c44b14d56fb1899e47c6461448afb17a0f704545b39379322
reports/v17/dev/trace_dev-30_r2.json	1095	7a6847225cd4be02b84c904905e5abfcabe22c54a1bf3adc2c96dc681bf0a31b
reports/v17/dev/trace_dev-31_r0.json	1423	31ed329bd9b1792f7a0bee6f34905472b46f084284bbaa9f6f0a1558fe418d80
reports/v17/dev/trace_dev-31_r1.json	1423	51647af86cdf91923ab673ec33694042e3f15b53aeed256f39650acbb2980b91
reports/v17/dev/trace_dev-31_r2.json	1424	d04006b7cc5c82b0532bab95a29131a5362bd727494b572b5fb245039e1f30e6
reports/v17/dev/trace_dev-32_r0.json	1481	d622d9ac7e761873336892e9d73ee73612c40056744b9ad8bf5a4e6d8902f0ed
reports/v17/dev/trace_dev-32_r1.json	1481	254efd9c06ab19e0f8af88913c8cffecf2bd105df2eedeb586a9c4bf059ccd14
reports/v17/dev/trace_dev-32_r2.json	1481	0de38cc26263462914e599b2797170c58907f674774f903eed02b7d269c5c220
reports/v17/dev/trace_dev-33_r0.json	1433	c183c054510d2eafbde42410996385048f6ff09f4176e0aa612d2bff1316e579
reports/v17/dev/trace_dev-33_r1.json	1445	fbdb59b7c4d84bd281c94f3ea4b327524869f358158760e79a8e956e48e54fd4
reports/v17/dev/trace_dev-33_r2.json	1445	396fd2689d132805035795f33bc1f6b0bc2d862e84049432b130cc9252a37d14
reports/v17/dev/trace_dev-34_r0.json	1496	9a9ec5f77e370fe55c7950ba1bdf6addd32f0430793aeb4355d43bcf65842132
reports/v17/dev/trace_dev-34_r1.json	1496	f8553ba6ceb1120b3f44bbcff0b0a318cd356e92f74753b7b2e501c914049c12
reports/v17/dev/trace_dev-34_r2.json	1528	9f46ba086f892e724a34b3105e095a5b4185f6e8f5cb2180b3ee305f17eb6528
reports/v17/dev/trace_dev-35_r0.json	1485	83b1c1160fcb49082a3d085b0cf686d7164f94f3ef9f1520c634b7d452780680
reports/v17/dev/trace_dev-35_r1.json	1485	75efc17f4bfb39b7c05ae3d79a34695f100c9c86174684c788d78b2d79c4a1f5
reports/v17/dev/trace_dev-35_r2.json	1485	9b920756ead43b1bc2ac905e88e5a49adaf5a8b61cfe708f5945b359c7b24e67
reports/v17/evidently_ground_truth.html	3655678	e705ecbf97a42fb422e30ff1cf551c4fe4f47156188254d849535fbc4649772e
reports/v17/evidently_ground_truth.json	1328	df667ad317b48b20a60e4b1e13cc77ce58757962e6e79ef7beb4af080d073f73
reports/v17/evidently_judge.html	3656765	398f9979390c18a6e2881671c7e823e1ffe93c525359b6a19cdacd9ebe1038e5
reports/v17/evidently_judge.json	2649	695e8d0e05b805cd0d279b480f22c262e948bdf6981e0a13c6a52401adc87c0e
reports/v17/gate.json	411	5c63baebc0459764e0655d09900275e592271afbddc7a774e06ce1cddc7daba3
reports/v17/golden/evaluation_identity.json	96	005a5f75151e1df17c2b7d221254158e8dd43ada8a1dcb21f500381514bc37a6
reports/v17/golden/harness.json	45731	1a4554ce6100c71e5f65c892b25cd060648f9fe468783cb84258d0bb4dd3b6fa
reports/v17/golden/harness.md	2669	c119ef2316ca5765df1926be0a0494bac000560f0d72784d1f4d354e6e5776a1
reports/v17/golden/trace_gold-01_r0.json	4638	311c7f744796a37d8923ccb35538dffcb487c0f74a9b7a82dbc265c2f2ed5def
reports/v17/golden/trace_gold-01_r1.json	4643	f3b141816c45e3e69e156f9b8854aad691c69e45c68f70275e1023d9dbf29fce
reports/v17/golden/trace_gold-01_r2.json	4643	d1798fceb3107fac421872d88ec3f168d930a3b8b9128d560da151d7d9cc19fb
reports/v17/golden/trace_gold-02_r0.json	3823	0cf65ad06e3231d728e56ff107baa161aa1d17fb16e75823c44924f471989bc0
reports/v17/golden/trace_gold-02_r1.json	3879	b05adb184fc6824cf0736eee274ef58cf3cdf5602d20196b5e4b94991a95e08e
reports/v17/golden/trace_gold-02_r2.json	2830	dd607db8c31ffd5dc3cebe3214c58bb36aaae433f9e6a0a1ca86cebd1dae0051
reports/v17/golden/trace_gold-03_r0.json	7715	9279fb03d9d0fa4281f1c03266c53fd3d027140d5f76f9118d37f7d9f336eee1
reports/v17/golden/trace_gold-03_r1.json	2911	218c451b1fa10a72a8267f57a928663667e424bb86b6d1bfe6b743124c7bf16b
reports/v17/golden/trace_gold-03_r2.json	3481	d859dd8e013314366ed3b480e5df4da02d1a9bc588a18010ae693911eead385d
reports/v17/golden/trace_gold-04_r0.json	4900	009bb7002a00837590e6695a4d20c2313cce944bee13d3fb912bb2c5df3f0bed
reports/v17/golden/trace_gold-04_r1.json	5204	e94bee52411d48977c9a6cc03f209ead84e068bdc67f66dbbcd2c3712d8a5147
reports/v17/golden/trace_gold-04_r2.json	4713	3c94e568a14f27c7f07a4384f93c48d0d517559d784ccdfc1ed23c47d461a105
reports/v17/golden/trace_gold-05_r0.json	6073	bcdf5876fa02a89b3097007fd7a4fa86a2216f8d286c35b157d8bd0e4dd7dca7
reports/v17/golden/trace_gold-05_r1.json	11701	5e1db1b1022aeddedfdd74fa76bb999b8131dcf2ef13f0539947558f477bd8bc
reports/v17/golden/trace_gold-05_r2.json	6011	1b6139a5dc52dab00d4f4577328d56a6410eaac5122e4667088e4d0557389f15
reports/v17/golden/trace_gold-06_r0.json	4184	93ebf9ee50efe1ba1be1b799381bcb51cfd20ccb4afdb4f5f17b24e3a5551bdd
reports/v17/golden/trace_gold-06_r1.json	4135	ca12ea7eef392dc59f913e1554b92dcbd5364ed26b2a150f55350cc0e8822851
reports/v17/golden/trace_gold-06_r2.json	4242	d1b39a661d08327179bbcefec6be27f30b49a7b40014a8e9f9e9e5bcf1b694bf
reports/v17/golden/trace_gold-07_r0.json	4955	99f51167bcca3fc09f830bea144821fc513b2cc44f97ba07ef4e7e0d615f1e99
reports/v17/golden/trace_gold-07_r1.json	4728	48889cdcf82040dba6433323418743c2ec9c7d165ef4c7f321d199a7ffcf90d6
reports/v17/golden/trace_gold-07_r2.json	4647	6a889d8f7b95005bb37c7c50c9506719443f9981188814c5dea3cad10c6f5912
reports/v17/golden/trace_gold-08_r0.json	4625	b98d3b6fc4f2c244fef2ae9f4f859ef2042542b3cd0fb3a2747e4e98bcbca086
reports/v17/golden/trace_gold-08_r1.json	4642	fd8c5f636517be502e67b1cf21d227a4fdec2161e7adc80066d83550a29c3a7d
reports/v17/golden/trace_gold-08_r2.json	4634	7f8bd89a46c687c370f5d89b5a80bd513a18e2ccac26272e923fba85eb7dee6d
reports/v17/golden/trace_gold-09_r0.json	4274	2db5cfc84d72b948ea4761cf555864e71133d89de00d2fc805b1d463474509d7
reports/v17/golden/trace_gold-09_r1.json	2804	b697f4569e4a4a7f48d16fba13d5da06fabcd521655c264192a44d20dfaad84c
reports/v17/golden/trace_gold-09_r2.json	4970	7a4a8bb65f50deecb7441c396aa4afa356424e5db007c1c2e0fc6862e6e1997b
reports/v17/golden/trace_gold-10_r0.json	5394	36bffaf4af64ba4e0a64b097bf1888c3f0ca7ca529acc7060f74212fddef8c89
reports/v17/golden/trace_gold-10_r1.json	5442	e62247ef6380e30f05ae216ca4fb3db4c671a260fcd6710e008ebb5017615e19
reports/v17/golden/trace_gold-10_r2.json	4852	1342c153c8089311f722f66b2d0c295229bcf30d07c81b880fe4db162d134496
reports/v17/golden/trace_gold-11_r0.json	993	a1362938a3647867e921f5f5b8a529218b9373cebb9a94270a6d161fa206ccc7
reports/v17/golden/trace_gold-11_r1.json	993	597e1fec00567b4d7ef560631835eda138bf66bd2e6e2c650faa6f4928191edd
reports/v17/golden/trace_gold-11_r2.json	993	161d39d6c941b730e209a941dcd886f76fd1951655010ca2a1dfc0585ace981e
reports/v17/golden/trace_gold-12_r0.json	1388	13637e797bfee805dbce124fa29a3ede5ebc1283892d627e16fa5c6c09b4ea07
reports/v17/golden/trace_gold-12_r1.json	709	9810d97569db2143ce51cdf62d46948768b60e2ec27938bc38212a1efc2047ea
reports/v17/golden/trace_gold-12_r2.json	1352	edb002cbfa9881d3698ec12884b3c66b00d934e4ccd9170f65a62a3aadcca0d8
reports/v17/golden/trace_gold-13_r0.json	6276	8e87dfba14acbad5e7f7aaf8a2d383db23812f47ff6af67089cbe5042d7f2c7d
reports/v17/golden/trace_gold-13_r1.json	13866	47e645081bd7af64372a852fb4be3f1b96b48accb8a67cf61388efe89942c671
reports/v17/golden/trace_gold-13_r2.json	13852	d5f30a02f0e342478a34ffb20f67d74cfb7c6d040a4f6cca39c1aa2f9a76ad05
reports/v17/golden/trace_gold-14_r0.json	967	d97e38b610591a1f8f9491a57fc9a8a5460a390fde2c15dedfe3faec13aec1ab
reports/v17/golden/trace_gold-14_r1.json	993	5e1d312c5765e7421c9ca5e6314324496342e4614ee426da11510d763c8d4033
reports/v17/golden/trace_gold-14_r2.json	993	53a42d4dc351a3d265898177469b3c5b4a3ce87d686d572da77b54f68397a8fa
reports/v17/golden/trace_gold-15_r0.json	1021	41aef40eb6cb320abac2034aceaaefe9f046d4363d8f31bc41d421b331ecb43e
reports/v17/golden/trace_gold-15_r1.json	1005	e93f2a2062ad6e94a8c2e41006d3ebe389f2496151ebdf6a8bd1fd9b5340130a
reports/v17/golden/trace_gold-15_r2.json	999	1bec0b42d0b49893136c70dbe6b1de9933d92ce7b09e77ed0c4cb42bfe78d3f3
reports/v17/golden/trace_gold-16_r0.json	1538	d762b21d063d8417e90e860088ecc4a93b267fc76a02bdf7f9ee679ba7262422
reports/v17/golden/trace_gold-16_r1.json	1538	e95eeb0cccd31abc6be1b367b93ba52acc7d4c80f0d3953d47062a4dcec8aa25
reports/v17/golden/trace_gold-16_r2.json	1538	5a6d5f8794e07295b56dea340139580c9c9448fa2b1deb7f8968947f42ee5770
reports/v17/golden/trace_gold-17_r0.json	1534	d30a71d45771d0a0dc12eb0ae0f3d890c5145d3ad2d695f5ba859ed453ee81ca
reports/v17/golden/trace_gold-17_r1.json	1534	8f9ac6246178a160b94e103f9ef970cee62b22852e1791789b4cb20c143ed31a
reports/v17/golden/trace_gold-17_r2.json	1534	45d1f99696ff2d84afcddd6aa8b7bfdb972a427192d9a59ac3d95d935d75e688
reports/v17/golden/trace_gold-18_r0.json	1528	bafc37a3d04a65484dfe1525373764469d4c0356e3f4449154e602c1f9b7ec29
reports/v17/golden/trace_gold-18_r1.json	1538	e341607dad9952aa90a6480aa56b39418290ee253190031d8bf2190d6297bf14
reports/v17/golden/trace_gold-18_r2.json	1528	4057d20ee1871706cb031aa5e0ab849da5761393ecb6f3cad1a53ae115843427
reports/v17/judge_verdicts.csv	74914	f90ac18acc389676568c2c1b8853937dab44f803437698adccbf76bb6b467b19
reports/v17/metrics.json	726	acbaed98f55551bb3d133c462356d58e163db3c0c748b062a368638b173e0f8a
reports/v18/dev/evaluation_identity.json	96	5398fb095f41bca9b55207564bc377be83ece7fc5b399304a2a6cec836a6cc2a
reports/v18/dev/harness.json	84201	48d2b9e206c198d6740ffbe9fdb83d1b925a03068ae641cbe221ac3aa12db117
reports/v18/dev/harness.md	4530	d0ce08b40fa173cd96114d91d6698a437793321bf717e2a630cff83785c16356
reports/v18/dev/trace_dev-01_r0.json	5021	15ff88efca720a29c6aa4d3f33067c812fae9cc258873948fd18caaf70af850b
reports/v18/dev/trace_dev-01_r1.json	4742	4be9b3c17b20dcf61c0e348f0da545106e416293a9a5b222e6e51a54d48e8923
reports/v18/dev/trace_dev-01_r2.json	5651	55c5a02a985b10c693ae641159f6fb725ada529b0132b454384e91eeefae0565
reports/v18/dev/trace_dev-02_r0.json	5840	3806ab2f2b5ead0fa9b842404535c19524891523071edbea6206acdc7d710b4c
reports/v18/dev/trace_dev-02_r1.json	6130	caad9782959ea444603f55899b932fc8ce206271913caf1f94bb193ccf78deee
reports/v18/dev/trace_dev-02_r2.json	6211	8417dfdb85f28ebb0801399392c7388a23a9f35757c3d128bd36367340490875
reports/v18/dev/trace_dev-03_r0.json	4448	3d29e84aff8ce0746d93818076cf186be8622975a921ffcd2068f69565959e87
reports/v18/dev/trace_dev-03_r1.json	4352	c053f32ebbcd71ba6dd1c54a2ec0a52a015d4c2f5323403311f8d885073efaf8
reports/v18/dev/trace_dev-03_r2.json	4313	a6a02ce29ced5f21e487a316c3ba1bbaddf2763c5856a648f2c0d07dd404584e
reports/v18/dev/trace_dev-04_r0.json	5661	b4515b4b7c3fb2890596f4e8de10546811fa52d52b78254822f6abd25d0bcb53
reports/v18/dev/trace_dev-04_r1.json	6478	ff7a5859e994e2337bd75783cd55d4f42363b522ab2619a6acfad270ac2a9147
reports/v18/dev/trace_dev-04_r2.json	4159	92cb14b3190efc113941c86f706158590fc95865bb8fcba8ac13d00c304071c5
reports/v18/dev/trace_dev-05_r0.json	4810	8fcd003ce239e6a87ad7dba81fe59d091585d0921b45c99837b142356e90fa03
reports/v18/dev/trace_dev-05_r1.json	4780	ed45dc709d0000686abfa72b05a8344c6551131fbab5c76137a8eb62e17ad410
reports/v18/dev/trace_dev-05_r2.json	5010	a2e6f5b26e902084b20bb08c4a020dd3251b80cd3349c8c0b40d5a146d720523
reports/v18/dev/trace_dev-06_r0.json	7277	1d2cc49e9f2ecb7fbd30eab4d5e419def0ca5e2e7371b0f8cbc99bd75d145ef5
reports/v18/dev/trace_dev-06_r1.json	7718	5046052de69593ec9fbd03a0440500aa280031e82845193b66ac1cf68e51553c
reports/v18/dev/trace_dev-06_r2.json	7672	d4ff64863085484a8e6cb2b32ae2e6d238d7052c2de2a7617bb14cdb32ad5084
reports/v18/dev/trace_dev-07_r0.json	8488	7b5c9f830a15baeafaefda5f406d74f42db1c79cee457784dbefa0e9a27275f9
reports/v18/dev/trace_dev-07_r1.json	9912	6aa4f5b8cca3ff3bf7cb8e7a552494099687c633b9f2b903ad42cf81b3d2a0a9
reports/v18/dev/trace_dev-07_r2.json	8375	e8cec2ef7f756a36c8f064f502bfc19d8d1492f57c66ab2ad9050f2c42b56e9a
reports/v18/dev/trace_dev-08_r0.json	5619	b25443a17008f7569df9f019ed21c620ce557e1aa6aa9064ad12676ecb55f031
reports/v18/dev/trace_dev-08_r1.json	5606	bc0adfb2e82d9a0909ecb42ceb1ccb6e4e77dc14ed186a33144524c662fd4b84
reports/v18/dev/trace_dev-08_r2.json	9112	ec8216ed47225d8d4681c84f810b5fe124ddd0109b44cf78b46331ce3e5b0e25
reports/v18/dev/trace_dev-09_r0.json	5389	bd8f3c8ee2f04a94bc8c2cfccedcdd70761cc7b3fe8b463d77bf7dff6c199c0b
reports/v18/dev/trace_dev-09_r1.json	5131	6548f5ece82f969f686a75b211010d12d22055c51c47b5236fb15b8763a73db4
reports/v18/dev/trace_dev-09_r2.json	5184	b6c9926c38ac25619bdf94efa93013fab5958b07abcf5314ffffc9fbfbad8db8
reports/v18/dev/trace_dev-10_r0.json	9826	22f8e75ba78581a92709727f182723214a8e4ff7885eea15c31964bbc6b5a598
reports/v18/dev/trace_dev-10_r1.json	8064	08acb40105e287a9d42f6565e1ba3f8178ce72f1b8268a4f5257f21bbdb426a6
reports/v18/dev/trace_dev-10_r2.json	9189	fbc37025cd8f7cf573b2988e9bd0664d961d72ce04564cb29f57e60963eade4a
reports/v18/dev/trace_dev-11_r0.json	7479	56adfaf4cdade63fcddb915d28392152545c766587aabfe9a6655da3b15e0541
reports/v18/dev/trace_dev-11_r1.json	7361	052dca32c3ef61693b6608a8be5743a725f1600663a6f244b8b8a8962aa06480
reports/v18/dev/trace_dev-11_r2.json	6844	985fa179e9c9a2f162ea4d74852380ee8cc83c17db2d468e9e60f14db52b1f3a
reports/v18/dev/trace_dev-12_r0.json	7676	b0f8f1f2c8b3b0cdee5c43912e7b43490f79b83974d959c53a00d564db527768
reports/v18/dev/trace_dev-12_r1.json	6406	022a127d1dcc31b43f00892d8f4a9a9021cf885b272577558d152e674bb687b3
reports/v18/dev/trace_dev-12_r2.json	7436	ff11122b258f82c72f34c4dd03050e9ac1e2a33e6c3e5eb512ff04d18f459b96
reports/v18/dev/trace_dev-13_r0.json	6921	552c1f0708749984caad73b734425bc0982c462f742355ca28a6940390ea3ce9
reports/v18/dev/trace_dev-13_r1.json	6948	7d6ed98f710100764c7936f97879ac5987b652c8e2cb82f4664f477288d43cc6
reports/v18/dev/trace_dev-13_r2.json	6918	ae8f1b8b6ab05e2c6cfbfd9a0fe65d674b4ab88d87dfb4f025b708ec3e61fec6
reports/v18/dev/trace_dev-14_r0.json	8977	e356c11c9a6f72aaefdd3d7d444b85a1c69dc77ef35ccc1cbbc85a79799de9d6
reports/v18/dev/trace_dev-14_r1.json	9056	4bd4846ce1b19e75cafd2f35148c989cfbafabf554229ef1b26c1aecfe5483a3
reports/v18/dev/trace_dev-14_r2.json	8975	85c075b953e90b16b81e9d2ecdbeb8b7aad35d8d559db5efe88e965ab0f9a3fb
reports/v18/dev/trace_dev-15_r0.json	8211	9c33df5e0fcf11f4d274f6ae47ebc8698b3dc2a44388887865c068d95815094b
reports/v18/dev/trace_dev-15_r1.json	10599	75aa0fbf8065cf5a958a9ea8eb029a7733e40a0b8ca7edc8d41967fbc1419d23
reports/v18/dev/trace_dev-15_r2.json	6713	974d68d5f06155240fabc61aefea42211824a8f6e06ad6e477dec9fc87066bc9
reports/v18/dev/trace_dev-16_r0.json	4094	784fe130f2dc9ba4d2284dc2f736aaa8080c3c797dd41c2b53df6764f7b094c9
reports/v18/dev/trace_dev-16_r1.json	4079	155a38d8ca8102542b7b714a1cb7d7e91d8f5a404c1c8e6d4dc1628aaf4e64b2
reports/v18/dev/trace_dev-16_r2.json	4122	76d0b14c46eb78e62ff43aa762d02a26aa93762acf911c68dac6e118961fe707
reports/v18/dev/trace_dev-17_r0.json	10876	57b0ee1c1a6d350348211cafb557d209b6c5ef07bfe6ebd473f3a141df7227d1
reports/v18/dev/trace_dev-17_r1.json	9880	a84c942cc47e7d6beb2cc2d25e0574c89a338c839ad2e79e21a1df2b997b94d2
reports/v18/dev/trace_dev-17_r2.json	10876	b78c77d2ba934f121caade0dd2a0840c026e224ee9c03644025cdacb93e00fef
reports/v18/dev/trace_dev-18_r0.json	1693	628d623aa76d0ac6f7d20da78d9fb181bda30f2bd01d99b691e5acd169587f58
reports/v18/dev/trace_dev-18_r1.json	1708	2f65d7af504f85d890fb09cff69bfff51a5c141a5c2199967a99c8913492dadf
reports/v18/dev/trace_dev-18_r2.json	1693	f2a3baf02ae927000fd79711263fa6dd0e34ffef381cfb56e6bfbbdbc8eff9ff
reports/v18/dev/trace_dev-19_r0.json	2159	a8adfe4b0e70cae7692e9383aae8b189d191dcf44e9370ba75c721297e649c58
reports/v18/dev/trace_dev-19_r1.json	1973	c96a0c834dd759b738652da9aab0a28d4679646a5ea76f6e0e7777d5f377ea71
reports/v18/dev/trace_dev-19_r2.json	2158	20df80dcc75e078fa82c644fa24087c413017060a2dc6eac1b8932c1940e7f09
reports/v18/dev/trace_dev-20_r0.json	1581	4259d4aedfe633d59d261c0984f08e314fd1f5c29ab6dce1ac66e65734f8cb38
reports/v18/dev/trace_dev-20_r1.json	1581	567e82bb8e360c4bf28a6e065c30067352ebae50884f2a7abe9887904cb410ad
reports/v18/dev/trace_dev-20_r2.json	1580	db6dae65091c5ac2ab09b318d5a04077e86dca2e810f96f4468c43e436200a01
reports/v18/dev/trace_dev-21_r0.json	2385	33630f7c3dfa5e9bd9718167960e28cb40aac069ab1610fe485c7c0ca022a96e
reports/v18/dev/trace_dev-21_r1.json	2416	336b5cffd75d84dcf2cc07ffa6b389775fbec1be00b432b99f6f9db942504d6c
reports/v18/dev/trace_dev-21_r2.json	2223	6664956f0c554b76d6d19605125faaea3a2f8bfb9470a9200e0e71ab2bd228a7
reports/v18/dev/trace_dev-22_r0.json	2208	b536a35678e78bb650ef059ec6612d7d8eef35b3872d6a1fdb680060e6afa3c2
reports/v18/dev/trace_dev-22_r1.json	1883	7891cbc035e568aa0bf19f04b8cf6e9f95d86982d9dbe0554cb4ba196de04a2e
reports/v18/dev/trace_dev-22_r2.json	2251	6441eec6cd0983c0d8efea58c41c89b5d721b8a50873c7acfe054d4327237122
reports/v18/dev/trace_dev-23_r0.json	2043	3e5c14ddb675115b8f68fa3eb5c07211c01342fa3344430c2b17dd94920479d8
reports/v18/dev/trace_dev-23_r1.json	2111	2b9dfb77ed4d9345b199d4a0232541692be31190c312e9aa89a0998b752cea30
reports/v18/dev/trace_dev-23_r2.json	2111	4ce423f7b981e0d01f22e950c1d93f63d54da81f61bec195af2317b2d63eb1a3
reports/v18/dev/trace_dev-24_r0.json	2352	7dff350520b600fb2958614907e98a0c10b9b2467aa4a9bc86fe356668fc9e04
reports/v18/dev/trace_dev-24_r1.json	2343	b96825ecc484d363b8c3f5d673a5c2e486302e13e7c0eb0408b1e3e285b92c27
reports/v18/dev/trace_dev-24_r2.json	2118	ed027e72175216f5b6ffc3409c3f1e5b5ea2075a5545d5ed4e135a0f5a24b30a
reports/v18/dev/trace_dev-25_r0.json	2194	41f8c0ad550957243773af40dff0524a8cf605ab6878a6942d01b29e341e1f99
reports/v18/dev/trace_dev-25_r1.json	2201	50160a49d39aa467bc9a3af7d15ba4e5a8b1b11e0f7b71eb4cf532320e5ce124
reports/v18/dev/trace_dev-25_r2.json	1984	2ec44962a6f634ae6cdf55061c4fd2ddd6d8c9ce0fd70dea776930afe9427c42
reports/v18/dev/trace_dev-26_r0.json	1553	ff51dc09a0d848eb3af7c9bd3bd31fb77159efc6287c10b028b222ee0529af6c
reports/v18/dev/trace_dev-26_r1.json	1531	bd90fbedfe0061f8c4a173e5616c3e94b425b687a4ce9b81ec2e055dcab4e300
reports/v18/dev/trace_dev-26_r2.json	1516	63c036a71db5ebb66c579304e41177b6cd121250d7653824f192944917ca86ea
reports/v18/dev/trace_dev-27_r0.json	1794	7c026a25f391bb7ccdac8e21cb374f75767f6c5decceb3de5699399df48beb55
reports/v18/dev/trace_dev-27_r1.json	1718	cecea9f22a6a528daecd9ac86f28d3d6528fd4e54517cc54637de51fd9847ebf
reports/v18/dev/trace_dev-27_r2.json	1931	3eba41f6f9fb715c429261fb8b4245f021bdffee0da5d6fdb5ee2fb7f80c580c
reports/v18/dev/trace_dev-28_r0.json	1629	21c4d9c565ea3d4fc97f959afe4cf9b5f141ac71776238f55c4a7a3e7cbb7ca5
reports/v18/dev/trace_dev-28_r1.json	1575	d82ac7293a172e8f3434851f148f57cc3c42a23bad3f79c9b45b7ed777558aae
reports/v18/dev/trace_dev-28_r2.json	1576	c1e1034cf8148093fbc313e817dd7f54d80ca747d7b73d5dc3528d0c2f9ba2e9
reports/v18/dev/trace_dev-29_r0.json	1933	0fd140e8763ef472ada2d3daa17daab55047aff24d780977c781b1872b916161
reports/v18/dev/trace_dev-29_r1.json	2623	e86c2e7a710b05f0eeb13279183f9a4f2c18111dd85ca02851d64aaf20f0d745
reports/v18/dev/trace_dev-29_r2.json	2286	7a8478d0b5eb27a254b771ddce0fc7da8e7e7ac9f63d747e0d80a1bef070e56d
reports/v18/dev/trace_dev-30_r0.json	1995	bce1b40b869819bb8c4c63a2331bae7d71b24432c138b3b3702d76dc7a4ec06b
reports/v18/dev/trace_dev-30_r1.json	1986	9709adafc06343853d4edcb3b1086e0e017f1034655b80dee4ba922b685d37f3
reports/v18/dev/trace_dev-30_r2.json	2043	f7d55b2cf1bfc8d1083354ea66b7bfca79d43c3246bb9b4cf9da318bb2c922be
reports/v18/dev/trace_dev-31_r0.json	1425	fa88fdbf3c139ad59f1627f2ea210b66f62155839c8c85edba9bb796ad6bc7e4
reports/v18/dev/trace_dev-31_r1.json	1431	de12df2eeded5c6d05b587eff670c1bb61c9f98d30bd6614f694d5d512e9f722
reports/v18/dev/trace_dev-31_r2.json	1413	85df7e3965ed298f61ea27c2c2540ebcd8fdd1c768801ba89fe7b372583a750f
reports/v18/dev/trace_dev-32_r0.json	1480	29fc9efa668d93736550ce0c56d388a300cf4ab5aaca8c9c4741caed873391e7
reports/v18/dev/trace_dev-32_r1.json	1480	2a69403d749796b41fed5b9653d2b6bee81bf7dd772bc04ffcde5e0d2c43cec0
reports/v18/dev/trace_dev-32_r2.json	1480	cda4f91b7cff5cc20cb17d1fd2f82ddbd997678959218fdcda100bbb783910e5
reports/v18/dev/trace_dev-33_r0.json	1433	f7f825cd0b2ed3eb9091f42787ca6e6bf605a0c7229be1d58a94cfe052029b55
reports/v18/dev/trace_dev-33_r1.json	1433	549c79b4bdda61562b427b5d8c350ce8b37f54627840220277bd392d7a5e0b93
reports/v18/dev/trace_dev-33_r2.json	1433	a72f839b954f9b93808a0244b850f635edee6baf3cd7fa8475eabbe46e25a8bc
reports/v18/dev/trace_dev-34_r0.json	1504	eb180623f509610a5bc108fd072b617d53487abcb239802eb0bb5a44b3a255e5
reports/v18/dev/trace_dev-34_r1.json	1504	d875858a6e216fa90419e2da3b8b02e869a0098aece0a3517a01b35b2aa80a85
reports/v18/dev/trace_dev-34_r2.json	1504	a60acb55a0cc9fbc523b675a86d274ab14dfaac49b60e6b555789e57cb1c0bd2
reports/v18/dev/trace_dev-35_r0.json	1476	74193b8e41bc0da1e7beb162fb9668305da884ec2b575d34f8053dfa845cd05c
reports/v18/dev/trace_dev-35_r1.json	1477	11260dc675da2195a3366230ebf084fcf02d80a032f98d5a05281b8c10f85503
reports/v18/dev/trace_dev-35_r2.json	1477	0f77a4839c423b7eefe960be3b24680deb81765502528d4776296aea54d1b6fc
reports/v18/evidently_ground_truth.html	3655678	e64facb5fba881da1c448f7b1d915346b335b79013ca7c2bbf693474e0f2a0cf
reports/v18/evidently_ground_truth.json	1328	c1220e539f68e8c77b062ad7548226283e58f3cc6e6afe303615ee14d8d0485c
reports/v18/evidently_judge.html	3656765	a17f24e24c307cad023c5a101845345b402de924445c3c40f63a2c54158cf0b1
reports/v18/evidently_judge.json	2649	631c97ba93f181960bf9df0ce8b45615568fec45cae5fdb2231273612493950f
reports/v18/gate.json	408	a4309501d5a788b9753c0fa7bfb016f71929b2c39912265a7b36f27cef4f6fea
reports/v18/golden/evaluation_identity.json	96	5bac80fa98ad132b70438e83e12af22be1209bf0abe4d704b91d5f44d30bd9dd
reports/v18/golden/harness.json	45801	2042206e88efa76e18d05e1d92723a0592854d2a65385a6f5d11088341380680
reports/v18/golden/harness.md	2624	ea80d61d4f4253ad33797e014c033ba69a7f10cd1385984c99ed670225a341a5
reports/v18/golden/trace_gold-01_r0.json	14041	e4ae96cdbc90b766e6cb16738e567ccb937423ed8061d318ccedd69b3c206382
reports/v18/golden/trace_gold-01_r1.json	5808	d754bf45973d5cfed4e3b3adafc1087e9e64ed8dd3ecff756ce36bba325e8b94
reports/v18/golden/trace_gold-01_r2.json	5849	dda3ebf83c441c51792e8a526763ed158fb955987df10944a27f64694d4ab799
reports/v18/golden/trace_gold-02_r0.json	5881	8e4695520a47f21e3821f789c05036c48cc0c3c7f40cf3e07902cb20e97bcd86
reports/v18/golden/trace_gold-02_r1.json	5113	4d9d18f9880d0b7c8eddcbfee5f43431e808dcd9a75a36f37a43ec0ef958d093
reports/v18/golden/trace_gold-02_r2.json	5203	7e7cc389b02569cf5168a99d8f805362515b810a552a6105ea5c55dd97a3edc1
reports/v18/golden/trace_gold-03_r0.json	10816	5d5f84baf5b800f3dd7e463032bd89ba5ae4d96a826dfe686d3728c66725bb0f
reports/v18/golden/trace_gold-03_r1.json	9795	2e9b1156ded7df0b2410f70cb266fb43b47921b43050f11ece81a5ca8353f023
reports/v18/golden/trace_gold-03_r2.json	10569	b4072463833290c8e17c3b4ce2353f570d97941e734f106af5837ad6c4793cd1
reports/v18/golden/trace_gold-04_r0.json	9940	906f349dde7e09f0f0ca0de5a0c7f811da361c922821cf50a7cd32fd24c85d75
reports/v18/golden/trace_gold-04_r1.json	8790	d5e4a08123b4874d4acaeffa62aa98fe25b25cc0916d2d11f4d55824be9ab319
reports/v18/golden/trace_gold-04_r2.json	10613	1e79070834dc256b92d2fae308452e302d43c9ef39032655e462d4fb67d0308e
reports/v18/golden/trace_gold-05_r0.json	7609	789097d209fb354cb1dda7596cb3bf52cbf1a387f46adf7988f2aadf26aed45c
reports/v18/golden/trace_gold-05_r1.json	11406	1390257ab2df392107bbad172828861ba15c6b6b093cf99383a716cbcd4f10cf
reports/v18/golden/trace_gold-05_r2.json	6005	06b971a3e2823da806034cd59d5029f6d9e327a0573eca1c49556816430b80bb
reports/v18/golden/trace_gold-06_r0.json	6658	3840694d84eb78a30031bc934579d3c4caca2fda03255a5aa0a117074e3552cf
reports/v18/golden/trace_gold-06_r1.json	5802	e19378e6494ba718d542479361223140095565d2d9815f4c0fbf8d269d464d12
reports/v18/golden/trace_gold-06_r2.json	10326	04ae33f449ae37fb074715e7b47ddecef7c3799ef0c5db08acabe3eefbaa80d2
reports/v18/golden/trace_gold-07_r0.json	7529	ae008a0716f034ad7cf6d5a404898d9092a6b5e78d6cc0dfebc608857bda3491
reports/v18/golden/trace_gold-07_r1.json	8150	7527f95269564b375edc1021f2e882066a165c52eaa713dffc6ba26a314251e1
reports/v18/golden/trace_gold-07_r2.json	6850	bd3f9def833a12ab86e5ff3e34adb23b128ae0b38fc60f346ce6072d13e92bf8
reports/v18/golden/trace_gold-08_r0.json	6165	b896a25dfdfe191b79d536bbc6be608a2b52b77dd46140c95479068c99e735cc
reports/v18/golden/trace_gold-08_r1.json	6673	1e71c3a6fe2cc510fd4887a8ef49647251f8cf1dc8c8962059c6be861db2e9d4
reports/v18/golden/trace_gold-08_r2.json	6955	d64a9b6a6db1a73063ac09e791ba22857a2e8ec091da00f96cb4e253f418086c
reports/v18/golden/trace_gold-09_r0.json	10920	0e390a4c62031103ef9ab0544c6edb17c03a9c801b8f88b0cb92b8ff0404a9ee
reports/v18/golden/trace_gold-09_r1.json	11308	b0302301353aa001285606f2e034cb9ca433dbf75d8257337fe9a5c3428b2024
reports/v18/golden/trace_gold-09_r2.json	6383	5a3d83698877dd342cce1087d7df8146b4e38a018f8771522700f9d508445ac2
reports/v18/golden/trace_gold-10_r0.json	2779	0f6c554bcd150ebaee3ca73b4b89a0d2f5cdbc101ab31078bb42b82452f50033
reports/v18/golden/trace_gold-10_r1.json	2463	63cd46cde66733ac47790d73d90e0a8fa316070def716b567bbadc1829c37267
reports/v18/golden/trace_gold-10_r2.json	2428	916f501de0fc180644e5148eaf5311bc0a6f8ea113cc5171fc38d709cee2e236
reports/v18/golden/trace_gold-11_r0.json	2069	fae8110e60ba640016c2da7efdbf806faab215b493e8edaaa29ddae7a8fac07f
reports/v18/golden/trace_gold-11_r1.json	2069	7f973a641ab536644e3d345b3090b9b5d172a654793f515eced97ab7b888a77f
reports/v18/golden/trace_gold-11_r2.json	2069	e470970d7ebb39bd642dafe3f511287c5649dbd86ad7f2e064a53c8b05f181d0
reports/v18/golden/trace_gold-12_r0.json	2428	8ada8c284ba5eebb72887281a1ceeb5fad897ddd3ce29efba4cfb89eddb0355e
reports/v18/golden/trace_gold-12_r1.json	2293	c6d489ce62794e614c80d4aba04dd569ac7e00034070d2787fd7cd178f01f1c2
reports/v18/golden/trace_gold-12_r2.json	2649	c5676ff5e987306536e5ded3f8ec62c333a6e4f4f17874baedc73f6d6eb21c4f
reports/v18/golden/trace_gold-13_r0.json	2328	12b33a40e839ee9136350e70f2299fc8588885cfe659d7e5eca1fe0aa459c3da
reports/v18/golden/trace_gold-13_r1.json	2446	717b3c84dff94b2412e8371da1627ceb380ca06abf09aa1e32e202ec3f594ba8
reports/v18/golden/trace_gold-13_r2.json	2390	df52dd6632f81dcba1fba395629c2edf6a31f51245f47f385d4a529d4e7e8f36
reports/v18/golden/trace_gold-14_r0.json	1517	0291478d82731fd73aabccb19c83bf8af38136d38fd9e429eae7d7253ef5295b
reports/v18/golden/trace_gold-14_r1.json	1517	e61911dc75a95a38a1464d72c50bf85c7cfa5f2dc06951928befa5441fe83bf5
reports/v18/golden/trace_gold-14_r2.json	1521	c8cd3d0cb9d5f605eb07dc4db6ad7ab1a0ffd20ecabb7c0c1786fcae270d0bf3
reports/v18/golden/trace_gold-15_r0.json	1595	973265c42d689e1efb5255cae86d3627dd0373adf57fbab9d5ecaf234061ed7a
reports/v18/golden/trace_gold-15_r1.json	1708	544cf82dba3a19c88cd8c96452ff7bbe1620f8094bde1e428f6e6adc90d8807b
reports/v18/golden/trace_gold-15_r2.json	1712	38265c9b871ba6c830820f15d151c18b5109364b3d7e328683d1a0293ccde8f0
reports/v18/golden/trace_gold-16_r0.json	1538	31afd0e750e01ec6f3c704ac1ff644a5abc501703f9a8b3209e8b15ae95356bc
reports/v18/golden/trace_gold-16_r1.json	1538	db7f26ce4936230ae65c30262e6cfbf4d01e0aec4617d07564bea10ed89d57d2
reports/v18/golden/trace_gold-16_r2.json	1538	d9cd5add146bb01c8042a551617ecc951410d5ae007c97203d3386294392134c
reports/v18/golden/trace_gold-17_r0.json	1534	654d932b3cf5298d66f2b304b1c7ebf173c670b015d78454b6c7d2fceff4e46d
reports/v18/golden/trace_gold-17_r1.json	1534	def23535a1ee4d0f783410b2ebe146e5630b3c08f871d06829868a9858c41b01
reports/v18/golden/trace_gold-17_r2.json	1534	df84e015bbf4032b571b79e0653c25d850ff0df8397c8ffbe2f880f3a311caa1
reports/v18/golden/trace_gold-18_r0.json	1537	7eb7f3ec4af8b88631a8bedd28bd133b1f3fa3663fc3444ee59bf74fc2dfb839
reports/v18/golden/trace_gold-18_r1.json	1541	252d3f0cc05d0321b0e8f614769685174e57388be1230c9efaa6f7a9d103c78f
reports/v18/golden/trace_gold-18_r2.json	1538	016c246f88fd43195205d707c29b2f6d7f5dc8c81e8032580df66430fede2746
reports/v18/judge_verdicts.csv	73886	d2d47d61a3c5f73defd3d66b80a0d5e28aa53bfbd6ee17166a1a2ea6250e426a
reports/v18/metrics.json	727	ba419adc928eeb8546193ec8a59b41e225dc865911bac503ff6e29ef2585cbeb
reports/v18/runtime/system_prompt.txt	2174	4696f952d53d999256b0bc74199b8a8277d5fb2c79baacd719508cafc726bea5
reports/v18/runtime/tools.json	2587	5a3bb424fb3c739e51f8dc462de9eb448589f170692b78ad4b90ffb63293fcc2
reports/v19/dev/evaluation_identity.json	96	6cfd374556590735d6aaf4d7e9a3f3fd8fb08d3995e557629db32e478ad1c77b
reports/v19/dev/harness.json	84410	75c074467300b05722be9c281a403353c8f1f6829660d22831b6ae36d33b7de7
reports/v19/dev/harness.md	4533	9f8bba73cd2b30402f96dce10b5901aac09e7f368b5bc7dc727d91805a47d237
reports/v19/dev/trace_dev-01_r0.json	4239	8e3898931e5c48ea5483cfbecc9f007eea5ccafedde0f76b6dac18a6ac0f9909
reports/v19/dev/trace_dev-01_r1.json	4245	7afeb18679dc436eedc9b9f839375c80bfb3838dc53fdb158475230fee3a9c20
reports/v19/dev/trace_dev-01_r2.json	4233	2b8d131850011b0e990fd6e597a1440be05a4f0eee3dfee4b1633c632204f7fc
reports/v19/dev/trace_dev-02_r0.json	4413	dc743eb59c9a9f7a279670862db02be2985dd5ccef044cd472d847388d9f38d8
reports/v19/dev/trace_dev-02_r1.json	4430	e8dacef7e5d39b5e2948aca66600a6df813a28750d39784f4eee27e71df78e5f
reports/v19/dev/trace_dev-02_r2.json	4428	58b3a55cb77229fe1377a60d150cc4d7904d15a4fd6a575247bd187835dcce2a
reports/v19/dev/trace_dev-03_r0.json	3948	501096c94902741a0a23c8050507fe903447cd821a807b5ae5d940fdeecc9b7c
reports/v19/dev/trace_dev-03_r1.json	4959	a6d818f0f4df8448d712e67aa9e8aa6b89ad4d685e591ef7d77e8ba74c321e58
reports/v19/dev/trace_dev-03_r2.json	3942	3fc8afe58848d72d98dce07eaecac6bff76cecf3c2ede02f5e3984395e16536f
reports/v19/dev/trace_dev-04_r0.json	5110	7a9348b56ab06f5882f9caa1ac4a4bbf913d3c57afbe3a3e7cee78bf57402690
reports/v19/dev/trace_dev-04_r1.json	4301	d2dc9087d893f92932c2e057387cda78f1fb31c5d9d969621798e50b752c0114
reports/v19/dev/trace_dev-04_r2.json	4296	5e524bd43610f29aeda148fc632e810013eb566f5b4399023fadec37aa83ca65
reports/v19/dev/trace_dev-05_r0.json	4326	71e57d541e4bb60be5ad214bf0cb9d44da9e4ea1c451c47cf94cf666c0ac8e57
reports/v19/dev/trace_dev-05_r1.json	4280	e99e67920784ade0430d7e592e0fbb74056b9e286e6d8db2014bafd4e2519320
reports/v19/dev/trace_dev-05_r2.json	4274	cbbbc8b30f38b2ea6d10f7214ff66b03e5b690f5c61b5706b95fbe93c98377f7
reports/v19/dev/trace_dev-06_r0.json	7103	33170a4c15d5cebad47c0681980e568c6892fbf98e27b594e25c81caee398be0
reports/v19/dev/trace_dev-06_r1.json	7294	ae88ef933db218048258b4bf2b9a32f8c454d6cba91ad35bf0c25337e45da9c7
reports/v19/dev/trace_dev-06_r2.json	6866	87836a80ed7611de2223745bc4a2c75eea5fb97c01271a92a5459178d3202934
reports/v19/dev/trace_dev-07_r0.json	7523	3ce83c26eaeec594a2c24e23d629d95c84e170d3fc390a7ad81ead3038efcf28
reports/v19/dev/trace_dev-07_r1.json	8175	91338544302875eb4d54bfe064a1eb48946865032e67f97b84513b89a602ad1f
reports/v19/dev/trace_dev-07_r2.json	8839	663a4961cfb1aa19d53cd5cf429e3792e232a3a7d405f791658cd6efd5b70c07
reports/v19/dev/trace_dev-08_r0.json	6706	9f5fdc64b69b25561baf99ae23df1f19e735588858a3dbe2bdaf8b244c3f57a3
reports/v19/dev/trace_dev-08_r1.json	6979	6c950222cec91102a880ae72842e460315ffd2634d84b68f92ebbef82aadd9a7
reports/v19/dev/trace_dev-08_r2.json	9149	cb083d6ee3a2fc4f6707958d3ed93870b19b672cbcea0c7be3642d3cbca408e4
reports/v19/dev/trace_dev-09_r0.json	4782	25b5d887f1d1f1cc5cf1422f87e22d7ffecb52df5db0d4e45eb91672805e6d72
reports/v19/dev/trace_dev-09_r1.json	4773	afcd70b1f651bf9a46d27239784a6ac0d4f6ad3f7e6d11dc097d611fc3ce23e1
reports/v19/dev/trace_dev-09_r2.json	4981	0e4ec80310d575d265bf87b9dec359c0c6f8698149b0876e9085de91b2e2a166
reports/v19/dev/trace_dev-10_r0.json	8460	0695e49640300111667930b9957fd487f4692a0bbfdfa9e98e32842f39dc621f
reports/v19/dev/trace_dev-10_r1.json	9904	08af82c443970f5a8f1e47c10ba0f37a1bb52d22b1563a98f99bbccf196f6801
reports/v19/dev/trace_dev-10_r2.json	10132	3a28828311f70a7a09c365a992f8d2d1839851e0a0f087e98d12c1bfbd19a2dc
reports/v19/dev/trace_dev-11_r0.json	7094	7475ad9e3d45814fdf5261d6df5600ecf3590b96979bf26714dee7bfbfd51907
reports/v19/dev/trace_dev-11_r1.json	6124	2dd9a0b78a9aa5d2cef91ec9668eea35520ccde24a0765fefd51999d1bcd14a5
reports/v19/dev/trace_dev-11_r2.json	6934	14e0c51ba75dd9f147b677c253460dc3f9250cc5c5d4ac5f5186bf09d67854bf
reports/v19/dev/trace_dev-12_r0.json	5493	6f7e470183bf4b344e05528dac9bb72ab601393a016bb04b82a18fef00312b63
reports/v19/dev/trace_dev-12_r1.json	5604	f013dd53692bdc12d6b49ba0e3cdbe9f2e5918fdec1f92250f74b7a2a222468c
reports/v19/dev/trace_dev-12_r2.json	5724	bc4d1ae3aa95c84dab74b550a320f77735d4241e49add7edd357f4d5655d1fd9
reports/v19/dev/trace_dev-13_r0.json	5926	c5bfbd6ce0148d5b8229512fb5d5faa24b15f5438857fe0f69ca6f8343eda035
reports/v19/dev/trace_dev-13_r1.json	5926	4d84a850f17277608e1b285425e29363816fbf53b2db2b3fd0c54dd3176d5afa
reports/v19/dev/trace_dev-13_r2.json	5957	f03440643ecd633aaa821ca69168694f55c0b0c6f15bd24cd8807848d187e14f
reports/v19/dev/trace_dev-14_r0.json	8717	4ea7cdf3532e0da89c91f0d931209f9efb5385146d84865b1080d4aed4dc9f99
reports/v19/dev/trace_dev-14_r1.json	7002	d97b8bcd87f2416d5c7e92e9c82114dcdb4de0a53e5d75dc462b14b8e040013e
reports/v19/dev/trace_dev-14_r2.json	8020	7832e71f6466751fd149e26ddfef4e34456c8357e8e3caa27ad545b74bcae312
reports/v19/dev/trace_dev-15_r0.json	7925	7c06b44a29c306ad4bcdf065864843f5437a5f68979530394c251256cf03af90
reports/v19/dev/trace_dev-15_r1.json	7949	0492832bb57af58617a85e371d52320981dbda9a8149e9827bc40af0488467f9
reports/v19/dev/trace_dev-15_r2.json	5933	20119190cbb05c4933de988633ee36ffa72e2073bf3aae7f574be41918c07549
reports/v19/dev/trace_dev-16_r0.json	1510	05c18a837850c55e01e8dc88bcac25ca89404e2dd86ca0fc6f7d2eff3799de01
reports/v19/dev/trace_dev-16_r1.json	1511	3dbcc34358cf8021172bc8d8108d3b53bd64f104b0dfbd9a94d9b8e6a45301e4
reports/v19/dev/trace_dev-16_r2.json	1520	1ef4a2509c28e551fbaac708ce294b736bb628a9aa3f42d587de2b21929caaca
reports/v19/dev/trace_dev-17_r0.json	9956	a7dff18b22baa65dc98675255afbb19e64649931617bb6f872ed4de3eab6e33b
reports/v19/dev/trace_dev-17_r1.json	8580	d0dddeafd9d188be4898422e6cb745520d530b8ae31622372d277f60a9690ab3
reports/v19/dev/trace_dev-17_r2.json	8129	6f07713479aa1bc843761577ed7740f1965c4a92cc09ac6e167c3de6eae8f961
reports/v19/dev/trace_dev-18_r0.json	1478	fff1b933f3e1bdb83da57859bf281c6757b4bcca4ead59e6eb7df4a08235994e
reports/v19/dev/trace_dev-18_r1.json	1478	ee1b6318ef47688645e9e8ec5a2accf3cd56aae5d790e808ea9b4f29615d6ca0
reports/v19/dev/trace_dev-18_r2.json	1478	59f36d18f14f26688b8fda6524fc2711702d0b22bd9d9a7015b53b4a5e70c75d
reports/v19/dev/trace_dev-19_r0.json	1489	7fca9642a114dab21928c681262043e5f1054cd89c4de9a346b7ccd0b44cc904
reports/v19/dev/trace_dev-19_r1.json	1489	80867e9129af1bb825bc1ccff30dca2dfee0359ee4998f8bc89af940f8de30ba
reports/v19/dev/trace_dev-19_r2.json	1492	b42b0a456850850798455418490dc46f2a1c4b654e3d07affd35ea75ae10cfa5
reports/v19/dev/trace_dev-20_r0.json	1464	ea1591903ea2cc4f16493872eda7a69261d173e0a334027dda91381fbb825d4c
reports/v19/dev/trace_dev-20_r1.json	1463	31c0ef53c8302271c965b77922778f05427ed650aeb4747eff7267ef02b9ca1a
reports/v19/dev/trace_dev-20_r2.json	1464	f803ecdfa6bf031084ba8bb3b9d6f19ec615dc74ba775f76cebef1b2567384fc
reports/v19/dev/trace_dev-21_r0.json	1646	c6784391fcbdeb0b5b0aabc718bd5b39f10352030911103ffd290e7b68ffa806
reports/v19/dev/trace_dev-21_r1.json	1646	373e15f5439d4d6f33808dc372a1dc9bb6a856fe4f55bff778c3a0f85d1b7dc8
reports/v19/dev/trace_dev-21_r2.json	1646	821592f6770c301fb304f50016171d5b41f96d6561186dbae26e066fbcfb2bea
reports/v19/dev/trace_dev-22_r0.json	1541	4b3ba6eb119027e5b6621284400a4a3e24cb654ea0ef2532d4e9a8b843e7efa9
reports/v19/dev/trace_dev-22_r1.json	1514	ddecbab751b011498b581d18ef98452098502111508399ee50105d98e5185313
reports/v19/dev/trace_dev-22_r2.json	1553	a1e215603eb85a523df961902ff6a748de6d84392e9393c5db4d94538cbb8c7f
reports/v19/dev/trace_dev-23_r0.json	1705	d2ba6af980222cdeca86fdc1b9a21b8cfb740136aed5d75a71b200b8f479344e
reports/v19/dev/trace_dev-23_r1.json	1707	28d2f9040d2258d82000eecd8cd3c5ff4edc1b63f870bdc35202bdfe0f9f0004
reports/v19/dev/trace_dev-23_r2.json	1707	ec9ddac79bc885a1bbb9ba81e84ad24fb4c8fae2f5874e44fb4964949d161e75
reports/v19/dev/trace_dev-24_r0.json	1677	2988d8967fc9d1cf783c63c1d2231fcf7bd94e60fb83d60b4a35a9d5bf2e70b1
reports/v19/dev/trace_dev-24_r1.json	1677	4122c107d88759c8393eb2f031d5ece8f71f6b57bb1a35861155f1c2d51185b0
reports/v19/dev/trace_dev-24_r2.json	1677	4d83c8f2936d2b82db5cd6ecb99842a93166da621735c549f2d1d980965b0877
reports/v19/dev/trace_dev-25_r0.json	1674	0f10b13cc320af6b35e614b565ba23649a7a13384d34a08bf7da032eb928b527
reports/v19/dev/trace_dev-25_r1.json	1674	ba4eea2b064f6b923d816765d06780b06b325c5c76c0f19c5b6f225dced761ea
reports/v19/dev/trace_dev-25_r2.json	1673	05b85938b5c450a51a2ffb2ad0462a66365dd46a18096c11ce083a70d5b9f7f8
reports/v19/dev/trace_dev-26_r0.json	1398	75ad57a10b1916d84b37c7b3470c34a3794597d71b5c2c1c4b523e54b3318a3e
reports/v19/dev/trace_dev-26_r1.json	1398	74076215a0c17adb4aaabf267ee1862b34034091d596863fcde0e8a50f1815a0
reports/v19/dev/trace_dev-26_r2.json	1397	e622faff0dda17fbb50c98ca4bc4b03d008335c49a117e494215cdab5a387179
reports/v19/dev/trace_dev-27_r0.json	1638	6a3b56689afd11904784fe7b008b16af4e4dc0309c4b8bd8e185ac3088f30b78
reports/v19/dev/trace_dev-27_r1.json	1565	1a999ada8933849dd69d344b526df5711982127a4c7d8b9ef1042d7d03712c0b
reports/v19/dev/trace_dev-27_r2.json	1615	6d3fda149cee8bac2c6a8b629abf109bb0d0225b32ebbf444fd6571e1f7f9be0
reports/v19/dev/trace_dev-28_r0.json	1504	7e57c12d8df19fe3b2a6d467241da3885fab2c7ab89ac76a1f5485d112fa1cc9
reports/v19/dev/trace_dev-28_r1.json	1505	71991d0ac92695faf0b56346bc8d42e8d03509925a77fbbdc9cdef42269b31eb
reports/v19/dev/trace_dev-28_r2.json	1446	ef0e1a7532091a215b5d23c773cad234a05453bd8747ad7293c75e53ed5c5414
reports/v19/dev/trace_dev-29_r0.json	1443	f33e583a38554ac12618865f79a172392c221b16e426cde5b8e9010dbd36c508
reports/v19/dev/trace_dev-29_r1.json	1732	f5161b9b631dfbe2bb5ad6148fdda7c40a20f3d55af70d942a70364b5695968c
reports/v19/dev/trace_dev-29_r2.json	1730	2c4c953198428788004be22495ea4a9447816c00b25d95e33abc2e240aff76af
reports/v19/dev/trace_dev-30_r0.json	1513	fcc625562395387704143cc0fe2a522992b4211b3b3a4bbd7d211e55a47d1ece
reports/v19/dev/trace_dev-30_r1.json	1513	70fef911f17494f17095f1da7134babaa97be8df996aa0529dd2987c69892c44
reports/v19/dev/trace_dev-30_r2.json	1513	18c4d35fce884a3aaf333b9787140beb47da388a9a76dd72d886ffae0e41d86a
reports/v19/dev/trace_dev-31_r0.json	1403	ccfc815b0218e10d667dace891227d5baed6b5a617a788a6bf3a6643a0d747d5
reports/v19/dev/trace_dev-31_r1.json	1403	508620724fb3d42e8db2a7c6a1e736e5850056e7dcc48554225265c383fe8e51
reports/v19/dev/trace_dev-31_r2.json	1403	47cdf465c3c3dbbf59a1af601eb8aab0bdaa6498accb0e94d2914aeb769d9b6b
reports/v19/dev/trace_dev-32_r0.json	1480	2b0dce8cf1a57ebc76fc2f7df239204152130e6daaf7182b24bf6d3479cc7ecd
reports/v19/dev/trace_dev-32_r1.json	1481	7bc0e7fde037dca7386f1028152a6150547e850d83f3ee7370a5d4d9bb4c8bf5
reports/v19/dev/trace_dev-32_r2.json	1481	c347ad416f83a3ae5c88ace648713e68f9424e1104aec74074deea564969c50a
reports/v19/dev/trace_dev-33_r0.json	1432	711396e648b76d312140f85ec18d595cc211984b324fee9e0ffdeeb0ee9c6e5c
reports/v19/dev/trace_dev-33_r1.json	1433	ce124f6b83004575690a14883ca997a1854099105297b2ab056de5a84a79bc57
reports/v19/dev/trace_dev-33_r2.json	1433	9e5e7554d82d2b3750ba77de05d8e7204919be570044a652b8b1e422d47f8f98
reports/v19/dev/trace_dev-34_r0.json	1470	bcd685b7e6255374923e4c694fd236b6f562f86a5d4dbd6f28559e509acdd4dc
reports/v19/dev/trace_dev-34_r1.json	1470	4729f73e8c0fb36acb7dc9606692d457a8df8b4c8c736bc9f92c310886047517
reports/v19/dev/trace_dev-34_r2.json	1469	8304eec91a07102d7483a8126229351bcff033fc5b161fa16e3fb20b2955f96e
reports/v19/dev/trace_dev-35_r0.json	1457	105b3bd112fd344bfa06c722c1ed21aaf72224d78c0aee30cabbcd697f405a2c
reports/v19/dev/trace_dev-35_r1.json	1457	f8a2c8832fe7f8907a8e86f8f8378d52ca929169ba7311cf711f974b2136786f
reports/v19/dev/trace_dev-35_r2.json	1457	fdbabcdd341368af17d3bc12ca8273fe2178957eeee11caeee96cb9b6ad5c7dc
reports/v19/evidently_ground_truth.html	3655674	fe1db4c4d615c7d4100216709124fb110ed01fe57010163d5b9936a8a364f762
reports/v19/evidently_ground_truth.json	1324	edffe680973b8021dd2cf1f6e3a467ee3bca611e3cf6dd4d750e68d3a6e45a6d
reports/v19/evidently_judge.html	3656757	eb840b99dc6f5ab2b148ceaca6e0721c37256ec14517d68244ae50a224fd68d0
reports/v19/evidently_judge.json	2641	a40235a8116d54de3efa9972a26a730e400b7cff09e2414b3112d4c16d06db09
reports/v19/gate.json	412	c241ab23cfba81daeecc8b4286924a0723e11256d4adba0078a0f31a2b09f964
reports/v19/golden/evaluation_identity.json	96	6db94d2e3e73e411d53964389077d3ef826a2b181d164d3c3906d939636281d5
reports/v19/golden/harness.json	40947	8b45f6b287b0456013304bcf9c9d03671bc655dc4adf2b9309313cc6e245e4b7
reports/v19/golden/harness.md	2855	577204129b9634f6c248e6c1bae7344d4b1146d1da843f45c07cd0be14d52393
reports/v19/golden/trace_gold-01_r0.json	6566	11e900b69cb7d4a9fde04321e1434f5902bad8db515cfebf78447b34e01d4d2e
reports/v19/golden/trace_gold-01_r1.json	4363	8d4d9aa6313c475a14ef560066ee953dbf9a3914294fc19f43e8530913bfc474
reports/v19/golden/trace_gold-01_r2.json	746	c9a14f9cc4c88a757d1c17637641b2cf0510b4ec325dc00314e6f1243047cd0e
reports/v19/golden/trace_gold-02_r0.json	4561	39515115fb5d1711efc8a9de2da7fc549cc254a2cc633ee1373c2cde5ea27662
reports/v19/golden/trace_gold-02_r1.json	712	ca3d3bb9137cf977ad2bf8f1873a6d7a4423e7a72f34530739a27cdce6f6d72a
reports/v19/golden/trace_gold-02_r2.json	712	7c4e4004dab402a947518619990a4fec3a21ee91cc6fae286b18da1c7873a02d
reports/v19/golden/trace_gold-03_r0.json	4307	08f60cdb619e39577b25cf709d3b2ee6d69505964413aebab7941ebc0df30ce3
reports/v19/golden/trace_gold-03_r1.json	717	825ed9bf8b9b736dad2855358fdf419c6f1ee9bd690bea957560212e20d94898
reports/v19/golden/trace_gold-03_r2.json	716	369773922f9059a87392207664ab776f389dba59a8bc30048a8a261183627490
reports/v19/golden/trace_gold-04_r0.json	7132	12d75e8f56cd523e840985f47ff5338bd7520f3c40cb47f291d7b963aaee3246
reports/v19/golden/trace_gold-04_r1.json	756	b4aca5d41573945f0d32bf168c8a47651c03369291acdc590723c4cdc398893a
reports/v19/golden/trace_gold-04_r2.json	757	520f388668ee9b249b422d230c806fe6d82ab2c772c05228e8e3f9aa5932f3c8
reports/v19/golden/trace_gold-05_r0.json	7449	e25667fbddc19e1bea370ce4d103bb4168c097bd07ef450ba875b20b4cc654c7
reports/v19/golden/trace_gold-05_r1.json	752	6a08ddadb8f0a4304ba3713867508a7eef9677fda50370cb24c7e76e53bc74ce
reports/v19/golden/trace_gold-05_r2.json	751	291d8b5291aac38e09c37fd9c94589f90757eac451547c5de7078d528b28a71a
reports/v19/golden/trace_gold-06_r0.json	5136	764c0b9966244880d1f8284c69c08a87f11c701a6f06a8f81e01d0266a1dd5a0
reports/v19/golden/trace_gold-06_r1.json	759	75e99d9df0c704d40d9dfc74457ab80998556cbad69bf4e335cd387b7f1c03c0
reports/v19/golden/trace_gold-06_r2.json	759	b4bd41a7c42610fb897efa709bcfe76234fd62a5b7c2ac2bed57e5a8b9282ac9
reports/v19/golden/trace_gold-07_r0.json	7130	8f32a5eaa677f69a141134d6a24cea50e88dc85f56f8de73844646f78f9b31d1
reports/v19/golden/trace_gold-07_r1.json	735	ce1ffa055e6318813c43876008ea775216d11ba6a605490dd2b3843ede5d1025
reports/v19/golden/trace_gold-07_r2.json	735	5571b7b535ed52bbc67ddad7905289f1489b0b3aa62919192f7fe501df2297ce
reports/v19/golden/trace_gold-08_r0.json	5777	210f85d8f0eab8a2d853b17fc8ed64fe2e59d455acd395e360292ab6a07524cf
reports/v19/golden/trace_gold-08_r1.json	753	d45121968e6bfdbc519a3e30b9fb5eea661892f25e718333b1cf2c4b54c7963f
reports/v19/golden/trace_gold-08_r2.json	752	df56f66b5320522783183543398d76f74c668bce4d1ed085488dedbbff1dfa5e
reports/v19/golden/trace_gold-09_r0.json	8251	977ddc9274965eacba507f04558c0580f649f7a5f907b26bed5dc31a9f38f18d
reports/v19/golden/trace_gold-09_r1.json	758	6cae1bfad5b8ecf2c168bfdff9dfeb4fd0a6bd7b4a67291f62a0a04fc5826ce4
reports/v19/golden/trace_gold-09_r2.json	758	cb04565a674f08d523bf168cdfbfdd00f9bd0ab25d7acf7d882793ef316a9833
reports/v19/golden/trace_gold-10_r0.json	1769	a29073e8fcec1ed845ed3a2b9fec1a66113a78778cbb5d20c99759a07538cba7
reports/v19/golden/trace_gold-10_r1.json	719	7d7c9361fa41fa48e07452392823cecdb19cd8ec4efaaba67f42a3f3f50c4939
reports/v19/golden/trace_gold-10_r2.json	720	bb199c24a518cdbbfc2a1f6e4d7de3b25fceac7ffb018490ff0d1e38e1c37a61
reports/v19/golden/trace_gold-11_r0.json	1498	c3b295a09ad9ac1f5f3776409e920cbeaaccf43055e1ef146e2a1f57bcc47f18
reports/v19/golden/trace_gold-11_r1.json	727	b3a77a170d32c72a11882cf18601c5a69cbbef51a9d9133662aa9a6356d6e65e
reports/v19/golden/trace_gold-11_r2.json	727	d27ffa2be18dd99d100076f45088863d4ca3e8f5023bcddebca1f1b6096377ae
reports/v19/golden/trace_gold-12_r0.json	1758	10da58382b1a896b9e877ebe473fd2f138dc5df5bd654b4f778665877e0aef44
reports/v19/golden/trace_gold-12_r1.json	712	479193ee0f1275ecb52ad0bd7264a9a89670cb373e4299a3e319c448305ab39e
reports/v19/golden/trace_gold-12_r2.json	712	f14913fb04120710193c021bac1a25a4cb9a2ccb26464c9e723d743871090f33
reports/v19/golden/trace_gold-13_r0.json	6808	c08eb9d50d38ee3914bd2c74f15f91074751f3a85d3210a7ff6a6478c2f6b53e
reports/v19/golden/trace_gold-13_r1.json	702	2e5d7b90bd1372e780946a9f0ae9e1a8b5e765ba9f799c407d666d97ac553ed3
reports/v19/golden/trace_gold-13_r2.json	702	0d05c305d41bdbb0b9747a1b2a14d4f534e0a78bdfdffa744356bfd51af7a8c3
reports/v19/golden/trace_gold-14_r0.json	1447	c94700e9f8e86cc4d44e81bf5a5c324e5a3a3fca1a7f1d63d4d1bbf4db1fe3c0
reports/v19/golden/trace_gold-14_r1.json	727	dc253fb90e0ce981b365f3820bab5471b02bcf345705f012017c7f0ba9034c2b
reports/v19/golden/trace_gold-14_r2.json	726	c6d3f0acf11ff4efd51883502977a4656e0837c4308f488bef493737e530540a
reports/v19/golden/trace_gold-15_r0.json	1524	512b337a9f40426e54cbc923ed4555df37d87c4d07d65de8f6fc16b58a7f83a3
reports/v19/golden/trace_gold-15_r1.json	766	c0338f00e8f80ef29b86750d42ce061f9252170a38867180a1fbc1b0457102a2
reports/v19/golden/trace_gold-15_r2.json	766	1fbcfa8fdf7b02ab309acead23e2961e7cebda8156829f5f35b44b8acc6d5be5
reports/v19/golden/trace_gold-16_r0.json	1456	beb3338f22a5b3c7a101c07037b8a9d7d72f8cbeedb70c04c4b0a12ef38bd6df
reports/v19/golden/trace_gold-16_r1.json	713	92c3b2b12652c6e261bba88b65f12c7c0317258e0c80e5ac02c0053d52f88325
reports/v19/golden/trace_gold-16_r2.json	714	c6ecd8d983db9d3966f3bc4530dac5f4c73f2b792f3c98b3afc6f18d37e5b4aa
reports/v19/golden/trace_gold-17_r0.json	1532	42ad27319bb829edf90abf992f460deff33cd44bc13097571b1d82f562bf3627
reports/v19/golden/trace_gold-17_r1.json	730	e528bca2a3c6d8635568c6ec95fb942584bd94a8a70b90cf201989f30cd36fd8
reports/v19/golden/trace_gold-17_r2.json	730	4a24e1652ffe09ffeb9b8358d48f07cbe4ad34dfff94e3028a8cacf5e31a610c
reports/v19/golden/trace_gold-18_r0.json	1536	136b523c8b84c2e3f9fbe1003d6c4eaa4eb8f89418a5e0a2cb336f85ffcc9e25
reports/v19/golden/trace_gold-18_r1.json	727	e6d9febf7fbcaefe8f9e35ab38d80fe2f47a5400216fb16beafca49db9416edf
reports/v19/golden/trace_gold-18_r2.json	727	d5c0f866b09aaa1fe269b561c9a135f5ff346ab72e42d4247ae8365ef1a06783
reports/v19/judge_verdicts.csv	65306	d8afefe3dd7edf7ad95739d6e846767886da61b9525a280c1e023a2d011aad8b
reports/v19/metrics.json	723	64ffbb2362b7b4bbfc2c76c29ba6c2083cb2492022b4a617f3b1765569d24693
reports/v19/runtime/system_prompt.txt	2174	4696f952d53d999256b0bc74199b8a8277d5fb2c79baacd719508cafc726bea5
reports/v19/runtime/tools.json	2587	5a3bb424fb3c739e51f8dc462de9eb448589f170692b78ad4b90ffb63293fcc2
reports/v2/dev/.rows/dev-01_r0.json	7135	c19a839c415d699d95b1cd01ddab92e15a5496410b74a3ff89cd622694f55e63
reports/v2/dev/.rows/dev-01_r1.json	6925	656040c0c90ff233a405b53f23aad84814eace215e9b74ba45aed5d0956c3ae3
reports/v2/dev/.rows/dev-01_r2.json	7533	c080e2c1bc46ccd1ffc27f0ce339c790f1705580477760ec937b9f5b4d454361
reports/v2/dev/.rows/dev-02_r0.json	3722	02e1e49326e5e8d2230519fcd339b4d5b94e24f69793ae898cd0309e58808e0c
reports/v2/dev/.rows/dev-02_r1.json	3732	657ef7cb9086532822559e436309add2df18d5bdb30e74adf04b3c1c2a3d23d7
reports/v2/dev/.rows/dev-02_r2.json	3708	28c4322df366aaa1515baefe84b99dfdbd65c391447c2954d84bc820e5807f51
reports/v2/dev/.rows/dev-03_r0.json	7376	c9d81ebde360b3bc4711a310365a396ccc5d5b0a5e3a321d49166ffaeb01652a
reports/v2/dev/.rows/dev-03_r1.json	7300	85d0519be056bbbb88f816387635232a24296f96dcd8189e05ec5c3fd2073685
reports/v2/dev/.rows/dev-03_r2.json	7269	2675775d058a2cfab25b9e9321e84d22828c406d0436f05bb3b37f708618649a
reports/v2/dev/.rows/dev-04_r0.json	3539	70a1407bb025de7e85ac8589052ef2b429e81f8748720cfb942a41dd78dd3326
reports/v2/dev/.rows/dev-04_r1.json	3541	f4313d28470b8864fc632eabdc69dd3872443e39600ab45bfdb69a7cc9c46d8b
reports/v2/dev/.rows/dev-04_r2.json	3543	4a8297505956feb1fe4a936a0a9bb128a14b6e4bdb6cc40c72c55398bccce7ff
reports/v2/dev/.rows/dev-05_r0.json	3603	bef431a132a2bbe2331a0853d686073a3cc8c40350359442c93c4a0c24cba617
reports/v2/dev/.rows/dev-05_r1.json	3589	56a1d1479901a4c2dcf6144e63fca73dd79e532749cbc6d4fed75729362b2fc5
reports/v2/dev/.rows/dev-05_r2.json	3607	9613388b985df0c993d561f9a8a1a70f10ac45755fae6365a5d40c60436663f2
reports/v2/dev/.rows/dev-06_r0.json	5056	139302b18aa481287d0f6474a9e2bb375294cad2dd2818a2e8dd0a340ab3d6a7
reports/v2/dev/.rows/dev-06_r1.json	5028	4217d1e5044afb7348f9474a1193a35b35e5b0c4429dc24a93efdcd52e943a24
reports/v2/dev/.rows/dev-06_r2.json	5016	d90dac517e8590173c179884408aba1e3f381de0932d514adb3a33cd105f2d68
reports/v2/dev/.rows/dev-07_r0.json	4779	ee1d9bd8e81c81a1e1cc45b9de1dcc2fa8c4564a366081805f64cedfaa649d65
reports/v2/dev/.rows/dev-07_r1.json	4747	5a1e8a7506c1cc71f079f6dcfc9fa3e95e4a876567edf49cf28510e6872c273f
reports/v2/dev/.rows/dev-07_r2.json	5261	82d0c60e33b088cbd0c0309c5623fe0367e0f5df5a73e305b295f1b3b7b700f0
reports/v2/dev/.rows/dev-08_r0.json	2325	6de58d83d249f8c83ae948aed28831bd32312136569b5bd25d83a5584ca7e374
reports/v2/dev/.rows/dev-08_r1.json	5563	0ae2cf6164d8eb13c8ca9e5578afd2a87bca104dc0b014e5e59fa8219406ade7
reports/v2/dev/.rows/dev-08_r2.json	5563	e5d400ab83e6c49d1def7e002798e109ea2f4055e93471511c8af7521e962b80
reports/v2/dev/.rows/dev-09_r0.json	1637	ebd3f9dd6fa8dec561bc28d2a8738a4b7f30ab3d6c92de341280d514b6d2df65
reports/v2/dev/.rows/dev-09_r1.json	1637	05620de1a4de27287a11076fdea992ab6c0f3f11d77472a87c223ccc6920b770
reports/v2/dev/.rows/dev-09_r2.json	1637	0834ab6b4ffbbcb5a49747dc76fb09cab8c118c211b0af206046079ae40a1d53
reports/v2/dev/.rows/dev-10_r0.json	1554	8da534c00761793fdd068255b51e99c0cf6a9cd0906d326c629966605147ef58
reports/v2/dev/.rows/dev-10_r1.json	1554	082d4f4f177f3f0274963261c733a4b25959f2fe0cc6ccb8c41a8587224a7acb
reports/v2/dev/.rows/dev-10_r2.json	1554	fd196653ae480238c3dcbf86b520519b778a8ee7446f03247ac9c4d349156591
reports/v2/dev/.rows/dev-11_r0.json	4354	9d45ba465dcbaf323d085b1d713df93ca6123e2309d722de9044baace77b62ba
reports/v2/dev/.rows/dev-11_r1.json	4698	dcf3a3c1f987383b70e5fb818628c4b417cb9d684e3e0120a7d1f1f35b1988e5
reports/v2/dev/.rows/dev-11_r2.json	4330	22fffbbe06f64be0aeb99fe8b550184e929c6e398bf01eabd610b85d4724f70b
reports/v2/dev/.rows/dev-12_r0.json	5532	3b87bc30433f181667fc2257ddd9ffe3a6cb7e1cd14d944707cf4f5505a61680
reports/v2/dev/.rows/dev-12_r1.json	4595	bd14a26371a3030c7d934cbce56e715847fad0f6be409dcfcfc8916c265b464f
reports/v2/dev/.rows/dev-12_r2.json	7372	a3cf1f1d75d391cb3fcaf1935f8ae792425c08f439fa9cf6703b37b4e97ae566
reports/v2/dev/.rows/dev-13_r0.json	1523	4b52a8678a900bbcc469594134a07326a13ba6783ea593b6aa135ac78328ecbc
reports/v2/dev/.rows/dev-13_r1.json	1589	c7d9e32ef04496eab0d7e0cf610dc986a7a1979c125fd6b3c3347b1d5afa9846
reports/v2/dev/.rows/dev-13_r2.json	1589	1887453475352b555475aa20a55492c80b43bbd73964f71e07231b5889ae98d3
reports/v2/dev/.rows/dev-14_r0.json	4867	682a43150e55ec4dbc3f460954b7c64fc4767df1da26819b1d65a5df21f325ac
reports/v2/dev/.rows/dev-14_r1.json	4788	8355dd91b1362892093ea6de520b2e038a3e811e199df494e3f924708f03ad52
reports/v2/dev/.rows/dev-14_r2.json	4867	ce3a72c5404b3a43f5deaea8cc104aeb26ec58e2f6ab374dd9d95d1f15539e0a
reports/v2/dev/.rows/dev-15_r0.json	1507	bcb5050c8c5ad3d95970900459334e8153acbdab491967eafc691874b14fd51c
reports/v2/dev/.rows/dev-15_r1.json	1507	65a79f447308b47907842ac586d7977f5d2e7bd0e8b0db2458efe240e149bf3c
reports/v2/dev/.rows/dev-15_r2.json	1507	92ff72fa14dac080e75740d5e1fbe116aa1d4ad1cd5d5263f00abf2eee17d8c6
reports/v2/dev/.rows/dev-16_r0.json	1378	64b0c68e408acf055ad337ba326f12050bc0736296dece000134bfc4705982aa
reports/v2/dev/.rows/dev-16_r1.json	1378	4f513e55424526e6b4576bafba2dd80dd07a2c24a2e30395272abc6fc0440034
reports/v2/dev/.rows/dev-16_r2.json	1378	4fbdb837fbc3fc66344032e3ba5cba6146030c29451a3d0ec2ba21bd8934ee76
reports/v2/dev/.rows/dev-17_r0.json	8539	a96d9b397bb265fd4f83db05ff3f4f029b6976680a52b02d2787ebaf51a8048f
reports/v2/dev/.rows/dev-17_r1.json	8539	ae9ebda3b6764eb743aa918c91f9719fc7d2d94f2c0ebda883913dc878d9e1ed
reports/v2/dev/.rows/dev-17_r2.json	8539	b56908cf160d1adf61c0cd3fa335376a953d5bca9a4104247ec95f6480ebe310
reports/v2/dev/.rows/dev-18_r0.json	1376	2971de53e7c72ab93869ebcfe23c5c4741a0ba0836b56a83bb5817b126a084b6
reports/v2/dev/.rows/dev-18_r1.json	1376	01c93c4fd7b7597c1a4c7dc92d93ddbac5042de8bf5811006d792b3307aae608
reports/v2/dev/.rows/dev-18_r2.json	1376	fdce1815f0c5fc89c2178f2933f6723c7688deff1c80e2f9590a13753f36ab41
reports/v2/dev/.rows/dev-19_r0.json	1358	299e9e87a6f2bfe06311385c5fb533f262daa8449cf2f9157efa6d73f81c8a1e
reports/v2/dev/.rows/dev-19_r1.json	1358	7712fe229ec303c9c959095468922cc7cb1b430e9ff546bc61ff335b2caec57c
reports/v2/dev/.rows/dev-19_r2.json	1358	e84b5b49404b1ff8966d00e0652b3b03c475d5c3504c47271b83df807866206b
reports/v2/dev/.rows/dev-20_r0.json	1434	99b460c020ef0b5c964f3612e0493ee7d0aaf4f24d8dd68f3a91262d99bab70b
reports/v2/dev/.rows/dev-20_r1.json	1434	b645a3222c46f3290faff007f51e132fb6fe51c5de4b1eb5aab5f66d4848209c
reports/v2/dev/.rows/dev-20_r2.json	1434	27e3d6477b09898fe385f7e9ad3b90d5cdaa407d3aba11b226104dced63ae8c2
reports/v2/dev/.rows/dev-21_r0.json	5955	21dd87a3d7607004b8160365fd774bb205a4eb1419a6caffb5c6f9989c001dc4
reports/v2/dev/.rows/dev-21_r1.json	6002	9300bf9dd41f716f71d45f15d829e5d58be9c8fb8c3e702e5bd6e52749c7567a
reports/v2/dev/.rows/dev-21_r2.json	5955	e2c509ec439054216074470ad74774280775d715309a4d2367037561dc3b2a3c
reports/v2/dev/.rows/dev-22_r0.json	1227	5294548ead5e81ac93cb4d45f19a17bac94761f1689fbdb5ddc2e95289e4b07b
reports/v2/dev/.rows/dev-22_r1.json	1227	48575b23bc8f2d4d1631852e1af70344736cfcb8e32e2f2e8ae8dea488235f29
reports/v2/dev/.rows/dev-22_r2.json	1229	46bdcc10e04345d412473f8201fa3a4a8cc043e7346127a5b0f3dd42621cc243
reports/v2/dev/.rows/dev-23_r0.json	1322	2adbaa13246d724d7f4523cf57b1d7eb9bd1e5e78099be95bed084d846e95c1d
reports/v2/dev/.rows/dev-23_r1.json	1367	29e6bba0d66e646f7a186717d3886249a925446c0879794384469dfb13eb029e
reports/v2/dev/.rows/dev-23_r2.json	1322	de938b16b6a0aa0738f8b7b73584377645db619193dc02c028fb52b25cf54b20
reports/v2/dev/.rows/dev-24_r0.json	1235	1f7688832dd58e2b0439608d9926e9cbf4e4a1272ea30ae8e82008fed709fa5a
reports/v2/dev/.rows/dev-24_r1.json	1233	538b477b3256bb4176a2534330ef204f3ae60c31350036f907d07422a2d1598c
reports/v2/dev/.rows/dev-24_r2.json	1233	1e76e41f8870f3b416adcb5c3da2445b8848a59aebcafb606c2d4a5112946b29
reports/v2/dev/.rows/dev-25_r0.json	1319	38cb6c8ea0a4d11ba34e035454a59ffba5350228dd37be5a8ebee0c208b2aa0a
reports/v2/dev/.rows/dev-25_r1.json	1343	60d273f791e757cb0303aa6c96427d6c1446627d591b9831496b528f3b9276a7
reports/v2/dev/.rows/dev-25_r2.json	1379	7bfc13a54cc95aa1698c230722a169ad9612145c8ac070f14957c676d1b3c5a7
reports/v2/dev/.rows/dev-26_r0.json	1389	95df5b5cc847f83f99e77b8dec58ac19c3f1ae6d8bcc4fa605ddfa702a68134f
reports/v2/dev/.rows/dev-26_r1.json	1389	21787c9983241d63c3521ca68926ffc74ffc1ca89b5a9df7e58b0524bceb9270
reports/v2/dev/.rows/dev-26_r2.json	1389	e0904b9021949d5824e9c990eab75d14aeb01690990ad79a2f9259c16aa31402
reports/v2/dev/.rows/dev-27_r0.json	4289	9bb6c88a56568558ae2a7ba3e01d784bc0c943ca6b1ca64dd8cfd4259d91ec04
reports/v2/dev/.rows/dev-27_r1.json	6068	5450ceef025a66ed3c49f09785f4063e2d9e93eccf1fa52fb91c923f3474b0a6
reports/v2/dev/.rows/dev-27_r2.json	6084	405b54764760bba9b001348541a4d43388dd6ba276d294c53aacd192c2753045
reports/v2/dev/.rows/dev-28_r0.json	1418	1467cac6184b17b5fa77b092b575e767158cc8f765f135be492bc590a8cfc299
reports/v2/dev/.rows/dev-28_r1.json	1416	82949ad61d82218efcf9547ad920e4b1576fd95329f9d326e71cc560ee05aebb
reports/v2/dev/.rows/dev-28_r2.json	1418	4f15817a22a6f1ddc8d990bd494414de5a3188a15103310e537bee84bedf978b
reports/v2/dev/.rows/dev-29_r0.json	1500	257875f2565afca3556c456d02861db3b62f59f2479a0d4363b0c05fe1e3b944
reports/v2/dev/.rows/dev-29_r1.json	1498	4c7246e6655f245f06291bfb2d540bf606d9b93e81145d3f2bffbf7ac49f3c41
reports/v2/dev/.rows/dev-29_r2.json	1500	bd7b5b11565a039292534d172a83468fb1880e498b7a079129ddf1e01338c935
reports/v2/dev/.rows/dev-30_r0.json	1364	ef6117f23d0f4f0a8e9cca33cf5babd21b5aade1b2e38c39760651e1306208d8
reports/v2/dev/.rows/dev-30_r1.json	1362	ec3078ef78e9bd43c3792c41d117c687dc60fb3e7bd15b98c1d53b8ba43e6a46
reports/v2/dev/.rows/dev-30_r2.json	1366	e7b2e336484d4848bfaea966b69d32ce376417b8c8d1ae0b835558c5afd84ce8
reports/v2/dev/.rows/dev-31_r0.json	1365	f08fdff6f56e9fedf821cf8e9cb3c77c9f714b7ab547126fd8ee1cf30ce2e83a
reports/v2/dev/.rows/dev-31_r1.json	1365	1cc9bb03aac194e0f6d3bf43715faa643174f8dbe06bf9586f82e455a378ed5d
reports/v2/dev/.rows/dev-31_r2.json	1365	a661421775ed1ed8c11e90c38fbbb494d7322d2657b989736d995889913338cc
reports/v2/dev/.rows/dev-32_r0.json	2140	44164d8b6889b69819c88b9ca56c3d5dbbdca687813db03e4d3fb8585494f782
reports/v2/dev/.rows/dev-32_r1.json	2140	968f70c3c75d143558ccc2ff9d41a0366c6aabc7d3ad23a0aac62d99e6c42a89
reports/v2/dev/.rows/dev-32_r2.json	2156	b217bc3991002eeb1999dedc3026635c9cfd5e15acdb63132e1dce05d145440c
reports/v2/dev/.rows/dev-33_r0.json	1436	2d501ee3892d6bba49982cf048731aab3ad9b1a13d1e70a8208d161f3d1b7222
reports/v2/dev/.rows/dev-33_r1.json	1436	902492b89fae7df7efb43ec5a1a700d72483b92cf7192e34a308dc1d7e449f25
reports/v2/dev/.rows/dev-33_r2.json	1436	7a24afcc8c0a2d8d3c289aa78c7ae520adbcab64d8381bf9d3d53384bf74199d
reports/v2/dev/.rows/dev-34_r0.json	4989	18472004c34d3dff42629243e0fc9e51d71173af3b17cf72b281a2d1f45bc4e2
reports/v2/dev/.rows/dev-34_r1.json	5040	72ac940714af9524c150ffe40d5e5c82e2c20020814ad347fa4270a394cc00c0
reports/v2/dev/.rows/dev-34_r2.json	5035	fbdab72ccd1745470876b9dde63b4561dcd77be4836b38efd7a1e6f9e426b6d6
reports/v2/dev/.rows/dev-35_r0.json	4574	c0029038be92df220f856bce41072d2a22ba3764d34f9c495d61f35fb6cb77ad
reports/v2/dev/.rows/dev-35_r1.json	4525	27537fa3328aa3385b66e3f0a1c1a434f55a6a21ae56ffb09504eed91d7f5409
reports/v2/dev/.rows/dev-35_r2.json	4365	0baacd03130a632ee18c8d9b0788a0ab5444f9a31d0c21e9831d63b63b154ddf
reports/v2/dev/evaluation_identity.json	96	d39ed3b3b582a826f174b875ce636747eeef57abeff8466728f51ad3f2cccfaf
reports/v2/dev/harness.json	74305	14c451b7d0cc1dc78d8f779f7a36fc1c05cb3bb890883ed84232a8fe11ef9ed4
reports/v2/dev/harness.md	5083	8c7322337d3d3fc902d9701fcfbde397a17d5c4f647c60fb5f7d8b925f580c4a
reports/v2/dev/trace_dev-01_r0.json	7914	169473a54e0cf7454a029457b75a34965d27de94f0b16c43f6a01388f1717990
reports/v2/dev/trace_dev-01_r1.json	7704	d4d9c0d5b76b5d28619ec3fdf2626227767b9acc8cf8058b3f5028f457f42f26
reports/v2/dev/trace_dev-01_r2.json	8444	cc5b4b18bf70b2281f0e1914b971efa45a40b4246a8ec59540c92e9b01fb174c
reports/v2/dev/trace_dev-02_r0.json	3637	21ca44dd4ef57f27ba479dfff6f98aa66374915ad5f609f03519f2423b9fdb8c
reports/v2/dev/trace_dev-02_r1.json	3646	1d6b23a5c70b10c87db826d2bab042147ea3675f56f949e1e3a36862b0ec060a
reports/v2/dev/trace_dev-02_r2.json	3622	d1f6d4d5408bc20be02eca304ed04affe1e7f370805fdcf20645bb3c504c8660
reports/v2/dev/trace_dev-03_r0.json	8314	d9c4b5f98342e1a9cc6560a5b741c9e0e6224c280adc81230dd3119b5356c151
reports/v2/dev/trace_dev-03_r1.json	8188	64ddae8057096c296511c1358b334404a58bea44c096679d5c034c51985fa071
reports/v2/dev/trace_dev-03_r2.json	8158	503be58d20a620d2d0ecb6567be05b9522f79633d3c5515b8e71184bf86480e8
reports/v2/dev/trace_dev-04_r0.json	3493	2c44aa4bac1d41a01a1016328af2c329ebfdcb5cf48650a05fa4b2bdcde4f49e
reports/v2/dev/trace_dev-04_r1.json	3495	2527bbfe521f2381b1d6cab28fa5c6750ac2290e3020c65768de7e1aa3ee2828
reports/v2/dev/trace_dev-04_r2.json	3496	c4a53539fd1aade8f109c211d3c6f9750250280076b3b657d8f98400ba9e6d42
reports/v2/dev/trace_dev-05_r0.json	3535	c072176ebc75e2b4c29a4d2832d0db602f8a43a9f64b3c4683b4644be9ced349
reports/v2/dev/trace_dev-05_r1.json	3520	f4474ab6d79564177ea5b37d6a42808c5c24d642775fe5b3fae5164d14b59045
reports/v2/dev/trace_dev-05_r2.json	3537	77614b5e3238bf2df46809b7b17dbe9c63ee705237c8c5bca816cdbaeeff1bf2
reports/v2/dev/trace_dev-06_r0.json	4987	c4f5bbd9cf48c3449282fa802101697c75359ba755afb476d50fda197e091401
reports/v2/dev/trace_dev-06_r1.json	4968	e768ac591fc0d08a4291c696d708f1d2250b2142fa9292bce5b9afcf6147d49f
reports/v2/dev/trace_dev-06_r2.json	4960	f7c544fa5c9e7cab742dcbc7ffaabfe319c5c3f59c9b8c63303adeb58025d44f
reports/v2/dev/trace_dev-07_r0.json	4810	446f3eb6c90993798898f3741da34a81893f553a9c861be9956fd35cecf3aba1
reports/v2/dev/trace_dev-07_r1.json	4789	58bb80a0f3fe06fa6bd7bf5ae7299de83ca2adfc64eab49f1c134d03d7b82d4c
reports/v2/dev/trace_dev-07_r2.json	5543	2eb0191bb898288ddd6dad4df015d292010bfc0a1c0c0673fc5df818c32d2d93
reports/v2/dev/trace_dev-08_r0.json	1967	1fe81eb0de95068901d13e95f42ce6a948e845c3261fafe3c03493632196ab95
reports/v2/dev/trace_dev-08_r1.json	5727	f5e8ae9b51f6de222577e286b5c7ba35a201acc8dff51f5a05e1fa875a2ac636
reports/v2/dev/trace_dev-08_r2.json	5727	7c557402d3b534d2d3ff5da584be351012cff19800f49ca6f7aed4048ec0178b
reports/v2/dev/trace_dev-09_r0.json	1108	c163cfd2c5cba3dd108702eb7a9647a610350b4d7c18bd343b46c38c2f96e795
reports/v2/dev/trace_dev-09_r1.json	1108	82f66434f8b4d8cf101f36307c4161269e98962d3b535bad52e27b14829742a4
reports/v2/dev/trace_dev-09_r2.json	1108	ed839ac4803e6a14fea8b71504e1c525d97f2786888199c4c99fb89df542fe0e
reports/v2/dev/trace_dev-10_r0.json	1037	7e5c06f06402ccedee5a4fed91c88b1eb6625cd90dc4f0f195f8e53d448b8780
reports/v2/dev/trace_dev-10_r1.json	1037	218bdf9f864e27a4601482bf6a45b4547e4fa204770c4e792c65bf9c34857bf3
reports/v2/dev/trace_dev-10_r2.json	1037	4f88616f19255a5f3c972c18ed0a6c4387a823d07451ae9672d401532f0e64e7
reports/v2/dev/trace_dev-11_r0.json	4501	01a20d9a8938b72221ec734c7b6389edfc54ddb49ae11294ea5b409c37de878a
reports/v2/dev/trace_dev-11_r1.json	4696	b8db4e7c1d19bf14906a17bc24dc7c3e81f35c323895bc506fdcaecfac8ccfcb
reports/v2/dev/trace_dev-11_r2.json	4478	d74b491d3a50b9b92800ccf71094ed2c0c0e6028cbe519d9f19d611fbc57d1a7
reports/v2/dev/trace_dev-12_r0.json	5806	edaa9c25ffe32d902303d8a26c66248554c4cd50c291a9ff2121b063c198d955
reports/v2/dev/trace_dev-12_r1.json	4614	6c41128d8c21d6b5574e415491b99f19f2fcab662c5f62194228289e0eb5ba43
reports/v2/dev/trace_dev-12_r2.json	8007	8ac714caf75b21c60271d9f183c9602d1e34a014a3d440d355646de44d1f323d
reports/v2/dev/trace_dev-13_r0.json	1018	3c884270c5bfe0e95f1c2998ab202bdd25cf5e564d02fedc25f19e9c96d2ce75
reports/v2/dev/trace_dev-13_r1.json	1062	9702db0bcd220fc1344cd6bf19044d48f1f21b7733513b55a85848a23ef1ec0c
reports/v2/dev/trace_dev-13_r2.json	1062	82aeef4a2afa55073c980dc1a46af8d846cb1562fb7f65210f971a6cb03cf74a
reports/v2/dev/trace_dev-14_r0.json	4887	2c404ee779e8649913151883a7841955d3223ef1b131c7ae3b059f1839b4ca91
reports/v2/dev/trace_dev-14_r1.json	4821	0096ac3beb81fb9538e0617d36621858371ef0a72bba8600acc1405a0d72b606
reports/v2/dev/trace_dev-14_r2.json	4887	1f8d4dae834c7d6cec2b6291d7f2c771cb67500029765b1378fb8a318a260e0e
reports/v2/dev/trace_dev-15_r0.json	1011	6feea1d09ba9799e896757412b603e6968ee9abcb66c5b6df7f34be9cfe788a5
reports/v2/dev/trace_dev-15_r1.json	1011	0d69924ea9bd8adb9cb6f683afd9e8e2b12a8fcae2aeeeac720834dd9ec10aee
reports/v2/dev/trace_dev-15_r2.json	1011	e80fceecf8e500bdaa34a445154653d69c0a043ef6c08c2ff1771eb5b9361329
reports/v2/dev/trace_dev-16_r0.json	962	fba9dd1b3d716d08884a6645c17f841a0c53905575a562635999d5fde4c61ab4
reports/v2/dev/trace_dev-16_r1.json	962	6d4434b60ae3839d7eac5da8298959a88a9d3b59ebddfabc6dc3850e9565eb6d
reports/v2/dev/trace_dev-16_r2.json	962	58f693a900959e85054931069aad5edd07dba89761bcf09cbbcaf48a0b3462bd
reports/v2/dev/trace_dev-17_r0.json	9145	6016043eb8e16ba9c0e8ed75a9ee95b030393b0914dce988b5bdc6e29779f385
reports/v2/dev/trace_dev-17_r1.json	9145	82e6d9355738d4667b890240eddc2a6c6523001516756099140bed8d7aff0185
reports/v2/dev/trace_dev-17_r2.json	9145	de0fedb09d58358ed87e7201e332ac51939e80916e255a2bd035d852059843e1
reports/v2/dev/trace_dev-18_r0.json	956	bdebb84b4b2246f6e1496c0025918e89baf9e6015d21ecf6a43791c24010e139
reports/v2/dev/trace_dev-18_r1.json	956	22db4d0a812bfc302c5b29a7d9440ee867276e0b226bdf53469442977f36b574
reports/v2/dev/trace_dev-18_r2.json	956	61897f153c3106bd9af201d4343136e78ccb7ea0711abe1f653dec7dfe2ed1e4
reports/v2/dev/trace_dev-19_r0.json	952	5af51fcbc34243b4387072d029004fc33f6640628098d55c25abd7cfa1d9275b
reports/v2/dev/trace_dev-19_r1.json	952	f4c3cdd7628f9f9a86b3c6bf4496fb5a9b0384d2d2257f27cb4f43b890b69c6f
reports/v2/dev/trace_dev-19_r2.json	952	b4636ab9dfea583b225a00d9b01412e2c814d9b85956bc9479a11e0bc6f943cb
reports/v2/dev/trace_dev-20_r0.json	992	5177362ebd383e7bfde7c4cbb676f8dc7c12e803e883e3de696ef29ee2f37c41
reports/v2/dev/trace_dev-20_r1.json	992	30b12d6cc4a598c1ab35aae38fa650fdd86a92415a3c69ad270afe8fba78ffb5
reports/v2/dev/trace_dev-20_r2.json	992	af49b148c5502597a6a9266b51d1a9238ccbcdf30a24a2e7ebcecd3af38b4db3
reports/v2/dev/trace_dev-21_r0.json	6550	84d19d973b849a021fe9ef3a8827d80b00b32be060cb0d9975e7e887f5d1e7f0
reports/v2/dev/trace_dev-21_r1.json	6598	ec93d8ec342b7e790d7d9e73ade0f036d5e42a347f088f8d023610090bc1054a
reports/v2/dev/trace_dev-21_r2.json	6550	7c432c0655bc88524d6285c986edee957f9e72263d7d5f28d79a419f27bdd616
reports/v2/dev/trace_dev-22_r0.json	885	1f2bad23e23af15aa2b7e434f25fd9fc2090bca2877b5d08e619d5ef664456b1
reports/v2/dev/trace_dev-22_r1.json	885	cd3be9249b4eb1b5844e390b4985860fb94f31794b76780a604a8ec014e0638a
reports/v2/dev/trace_dev-22_r2.json	886	7a8ebbafca966baf46883286e66ae4a48f100bbb96e7690df5b823effd561a15
reports/v2/dev/trace_dev-23_r0.json	942	3e9f734fdfec40713c6e528e5b3e3b20a05f469849437500806a6a0e8f4050c6
reports/v2/dev/trace_dev-23_r1.json	972	c1f6e3df6d0e26c6437b52e00ba3bae159bf6f1f71c2a3e3b5f728794500a21d
reports/v2/dev/trace_dev-23_r2.json	942	0d91560fd8c8eed087aa9f58def12db8257acfdd4acbf607de49290f32e2a05e
reports/v2/dev/trace_dev-24_r0.json	877	1be928099173a13f3783ed7a44fba5b59b8b48386ab2b665070320dcf76d87f7
reports/v2/dev/trace_dev-24_r1.json	876	65d25b3ca9d1d4b4c7f30e36a632040b950b8d3099eacaed8f94e97d1d81f912
reports/v2/dev/trace_dev-24_r2.json	876	f672161efcdd2e8ddff1b6b6b0877f17569d2f2530b14f4d6684538251a285b9
reports/v2/dev/trace_dev-25_r0.json	936	26543717e5c41b2949b11ba0312bac3a955725dda91f118ce3148fd1231ba4c4
reports/v2/dev/trace_dev-25_r1.json	952	6e7d7ecec3bca145cecd836fdcb03741798992688d3c8cffc676b5d9ec00f85b
reports/v2/dev/trace_dev-25_r2.json	976	3cafbf1ce6a0c1c485ff63fbf1145ef942fd59ea817725bf231d302e112a218a
reports/v2/dev/trace_dev-26_r0.json	980	dee44f796ca9f46a0d0c1193ea9344a9cf038bb33b380e603b42f443ec55df18
reports/v2/dev/trace_dev-26_r1.json	980	9afb953b10b3bff78d0c5f666428a25e371c043c7d727b57d60223bd627c8391
reports/v2/dev/trace_dev-26_r2.json	980	120bed41271404969855b3468bed28cd02b2a679d2512a3712f99e60886dce17
reports/v2/dev/trace_dev-27_r0.json	4468	d34dd18e58ef9e4bd423568a2d8ee023e27ebfdb0998429dcb7659811e18e9f1
reports/v2/dev/trace_dev-27_r1.json	6794	c797e638cf098122657056577c5dfc8997bb8137cf4a2b0748dc54d4524269c7
reports/v2/dev/trace_dev-27_r2.json	6811	78379cce04550d899d6c541c1d7b9b81ee207fccd0bb27f7989851b64e5409a6
reports/v2/dev/trace_dev-28_r0.json	975	07b8775596088d8782d77255d5546728a0a796a12884213eea044fbf879bea9c
reports/v2/dev/trace_dev-28_r1.json	974	e14639e4e78897018d62dd29b009d4ffecfcdfd082239d2c65eaf7db93d7b52a
reports/v2/dev/trace_dev-28_r2.json	975	0a300e2696e43d09f9a4274c5a5638ccc87e2eabdd03eebbebfbb478fee2e627
reports/v2/dev/trace_dev-29_r0.json	1017	0f76a2c8cfb793dc44a06b11a5ccb433ced2080f30a3016d578848cc3e3dbbdb
reports/v2/dev/trace_dev-29_r1.json	1016	4acad1529d7d604d6619d7e9c38f0499fec7d0e51224754ee1f52dfd030f167d
reports/v2/dev/trace_dev-29_r2.json	1017	a4b8b482032e08f4f95517ca4ff7d6c55b373b8ec3d268ce55f0138a25bbc2e2
reports/v2/dev/trace_dev-30_r0.json	951	4cbd46b4bbc47e1676ef01cf8d8f38642770ac3daf0907ddf5628a85060a1e57
reports/v2/dev/trace_dev-30_r1.json	950	37f70c9928ea6a51976ce78895f5004bf2e296b88795792c46ab083c5f5c696a
reports/v2/dev/trace_dev-30_r2.json	952	dfa2f25eac32250c2f415ddfb0b7ed4828a4d4608a71a4bab8b51424272462a5
reports/v2/dev/trace_dev-31_r0.json	946	ba0744f0b27b4ee6ad8e73be955d3cff8d49b5c11db725997e4dcdf77c560a5c
reports/v2/dev/trace_dev-31_r1.json	946	604140b520ee56695c0e0f0f680af65589d607d26f919cf52b0edfcfd8fa15f6
reports/v2/dev/trace_dev-31_r2.json	946	49ab99312dc7128ea3d5ee52cce7a930bf78d4f8137a18b55086e389b5537c17
reports/v2/dev/trace_dev-32_r0.json	1880	d86317e51819ed4644be6c66db30a59da4e646e3e5e350d4d5c6bbe4c28beca0
reports/v2/dev/trace_dev-32_r1.json	1880	e8c1245794aec51966746d14b8b67bd47cb7216fa0b95cd894655d74c9c2adce
reports/v2/dev/trace_dev-32_r2.json	1896	4fcbefea5c695f37290531b6590d1fbb21442d7b69dc0c2752f6f58c66e7aec1
reports/v2/dev/trace_dev-33_r0.json	999	be7918562446fc43b07474869e9a97c285f74d983916a3ac099fc646a3b0a4ac
reports/v2/dev/trace_dev-33_r1.json	999	69b7ca80326850c0a841d30da288cb3567a2aa8c4271608bc277b0b811cba83d
reports/v2/dev/trace_dev-33_r2.json	999	0fb56d70c9ba775f04105777658165191bb51c3bc1d996db4cf17f48ddbebb8f
reports/v2/dev/trace_dev-34_r0.json	5641	d3eb62aa071bed7d89387ac9b0a3f01e0dc4e11d209c90734cb0fd9053e09081
reports/v2/dev/trace_dev-34_r1.json	5692	c4b7624608dc0867b109da959fd11e2ab091c8423610fde8b161e731cd9465a3
reports/v2/dev/trace_dev-34_r2.json	5687	d7ba6c56d47ecb0f64aeb794d2fe1ba690b9908a9d4ee35ef79bfa7b36ffecf6
reports/v2/dev/trace_dev-35_r0.json	5234	a791fba5a3c827ffc8bfe8f6f9bf5b41bb17f74f9a0a2cc8d9a9fe99540e6dc4
reports/v2/dev/trace_dev-35_r1.json	5185	d016d7dd2923437113e0605f06aa00f87f3836d44ed5e3f223bd696ea569e216
reports/v2/dev/trace_dev-35_r2.json	4769	a9f4f18f449c90ef13419e4eaf647118bab44e49f12a56e6f8239affa822c434
reports/v2/evidently_ground_truth.html	3655674	edada6f47f3ec5cd4d9bd47f7c07c8d95192cc7789134416e8aa65da9160eb16
reports/v2/evidently_ground_truth.json	1325	6a82a8f7a205d0cf8923bb37b4c965ab36bd8395c86e74c7651010dc1afe9848
reports/v2/evidently_judge.html	3656757	1ea2d49343c36c5659c4d7e352e4901e4a445f46edb1b3517fe7674de7ca9028
reports/v2/evidently_judge.json	2642	467afc5cff365f14cecf0f7a652ac449e00316d87ebe0eb209771f711bc15690
reports/v2/gate.json	371	cf7e064e93687630022fe33130c0797f8f3fe96531f2e101147bf4670e3396c5
reports/v2/golden/.rows/gold-01_r0.json	8380	b4883ccee10e0d9946abb81e793bc0aae8a908e8aeefcb1e978406f841033001
reports/v2/golden/.rows/gold-01_r1.json	7726	98ce2baa6334b76ed52b7098fb1e0571f25967dcf0c2678df1433313e5a9470b
reports/v2/golden/.rows/gold-01_r2.json	7868	0a97393827a076040a28fb1a7fe5e3bd760e0e5ff9f2e881035a546a6a680b32
reports/v2/golden/.rows/gold-02_r0.json	4421	635dea038762149121c2102fc7b58e441996ac2b37af42ee43f761f4aacdf7d5
reports/v2/golden/.rows/gold-02_r1.json	4475	a4cdbd2112fc31a11aeb62094d694b2a39f75ab6ea554ebe2de82e6084541f24
reports/v2/golden/.rows/gold-02_r2.json	5127	7a13abcc52dcd0f4278c40bd12096739408f5e4afc7ef88bd1f7085e2f5ea81d
reports/v2/golden/.rows/gold-03_r0.json	3683	4661fab029cc417f1bd3589a45adfcd00b3fe1b05d32e48826291204b1e72a74
reports/v2/golden/.rows/gold-03_r1.json	3677	d1ba5cd128b4df385c816554b9922fc0c635fd32098a85b5c29eeccbd7d0424c
reports/v2/golden/.rows/gold-03_r2.json	3727	7f7ce70ffc6f5bcca69a0cc04277ec2cf8f976ffa196e3e1d5769ebb9aaaf1fc
reports/v2/golden/.rows/gold-04_r0.json	5405	515b307b4dee0cadff363316faa9aa17e8653e2a55212de064d50434d6435bca
reports/v2/golden/.rows/gold-04_r1.json	5569	c8ad9ddf2909e886b27a7ca6944fe75a6ab57011b6cf928106e0a1eb6066fe87
reports/v2/golden/.rows/gold-04_r2.json	5545	7a85af4074ce42fee86e679d06138e16bbabf8bee5ebf56d99bedfc83d3ad27e
reports/v2/golden/.rows/gold-05_r0.json	4724	54bdbfa7cf0f2f4345f7520f7f9d731be69d088a2cfcffaa45a15f1ead68e5e9
reports/v2/golden/.rows/gold-05_r1.json	4247	9dcd1fd389f1e5739c2b1b23e8a72b310b02aeaf75ab9d6c6394f8dffce52168
reports/v2/golden/.rows/gold-05_r2.json	5341	0d79a0d1fae8a791919f7ea8079c521b14f41ad6e6696d2647484d9336e8a791
reports/v2/golden/.rows/gold-06_r0.json	4782	d6a939c404ccbced3dd87e4d950a012be64ea3c5718ecf7acccc2ab7d799cee3
reports/v2/golden/.rows/gold-06_r1.json	5223	94140069067b71d1888f39d625998533577c34471915d0e22a567257a5ba94a6
reports/v2/golden/.rows/gold-06_r2.json	4944	7aa785bba860061c0a7d2cd160cd7013edf734a63636c3fce00bf526b59f67bf
reports/v2/golden/.rows/gold-07_r0.json	4627	5b7633b2057e2436a9ee8d1909045146da24185240f8cc300592581a06f4c707
reports/v2/golden/.rows/gold-07_r1.json	4603	f348bfe9865b3da3718665a54ef2274faf19f41a20b4c37d5ccf12737ae8b712
reports/v2/golden/.rows/gold-07_r2.json	4684	fe46320312b5edf0bb53031182c7553f3da7b44b378da118fbee5f6c763d368d
reports/v2/golden/.rows/gold-08_r0.json	4843	107339a04eee5ee4659a75ee4cf62bd6a1636368ec238f68176d3aee98bb6f2f
reports/v2/golden/.rows/gold-08_r1.json	4822	9e506ed10931959b85aa4ac801d3cd33674139b6e41c23215244fe201c1b7b58
reports/v2/golden/.rows/gold-08_r2.json	4828	ce5016d558706dcd660379c629cc00cbc5fb9269a5fdcd749253fd84fc64139f
reports/v2/golden/.rows/gold-09_r0.json	1568	ab35a3d2074894b0fd35abc319257521244aea7057cf1d2d262faac63572a489
reports/v2/golden/.rows/gold-09_r1.json	1568	f638ba74b97f033bc6f822581d940fd0af183d700bc4f167321d70d6e3d8b7da
reports/v2/golden/.rows/gold-09_r2.json	1568	006480c8cbd9bd272ac96f90d108f3d032b0c2f22fdc4000ae2fee6d8567b2b2
reports/v2/golden/.rows/gold-10_r0.json	1440	9d06152bfbd1c6b842811f2f75a8296065a0926ef3b9fd6f0f13472cb3f924ad
reports/v2/golden/.rows/gold-10_r1.json	1440	5143b6cc7562fea0c0174a80904361d2cb9feab74451497d8290f38db345bd31
reports/v2/golden/.rows/gold-10_r2.json	1440	8fd44cebd99b680cf42f5f31395b33c3b8762900f6dc0346509f819cf5547f3c
reports/v2/golden/.rows/gold-11_r0.json	1413	327ba288f2e34f17657a27a6ab908221f7996557fab54dd52ad31f08a0fe9ba7
reports/v2/golden/.rows/gold-11_r1.json	1413	9093c9d5410766861f048a2c120ac7967dd0c8db2baa44761995cd5a6a01edb9
reports/v2/golden/.rows/gold-11_r2.json	1413	05d921d22aeb74a66434665f7a7c481eb773fd0c731916975d78fdc4d90302e3
reports/v2/golden/.rows/gold-12_r0.json	1389	35b921c9715eb55ee152957ae5f95d9544935c5ec53695cdb4efbab74c1979a9
reports/v2/golden/.rows/gold-12_r1.json	1389	490fa21f24d5b2186fb162c04e5a8d94e7a60f0699fcb0033b9676a6fed5f014
reports/v2/golden/.rows/gold-12_r2.json	1387	67d2701464eaf24f263a98538c224d43bbac1dee25097737cff2dea9ac86251b
reports/v2/golden/.rows/gold-13_r0.json	1383	6eebe1936d467e7a896684cf4322c224682eeb526f093f9a824b4fd8af6af573
reports/v2/golden/.rows/gold-13_r1.json	1383	bc31b9f24f580799e2110fa37b5742831e482d02330b36410358326ac7d40acf
reports/v2/golden/.rows/gold-13_r2.json	1383	0e8436161e85e51eca55da004f32d43c6d264324018ce3bb42da36d987cda818
reports/v2/golden/.rows/gold-14_r0.json	1411	4c7f2d1d60462bd35c3ab921aea83352142490dc7f833499d30da01eabe4b819
reports/v2/golden/.rows/gold-14_r1.json	1522	dac05b5e66bae6e4d391ad83df2d90065c02beaf87a887b735d27fb57ef2ead3
reports/v2/golden/.rows/gold-14_r2.json	1519	8e4b73eaf8d31d2abcfecb781288c8fc4c3e1beb1e3af655dd9a8507c95ab7a0
reports/v2/golden/.rows/gold-15_r0.json	1510	c58c7a7ae01f8e320bf8fbf626edb9bcff2320aaf2c956e5b8ee2923fc6985ba
reports/v2/golden/.rows/gold-15_r1.json	1512	4b4d5ba9cbc9373794e2a65a03f2f394e95a71cdb376604a9e32371c6586c397
reports/v2/golden/.rows/gold-15_r2.json	1510	24ef3d7bcd297397b7a92c1c571e72fe6c9e473a32989c6b383f875367ab0648
reports/v2/golden/.rows/gold-16_r0.json	4666	82cb98b1f7d18d46dcca19c497e99c068187f48ea2a3d912f2af3f6f59d70e25
reports/v2/golden/.rows/gold-16_r1.json	4864	9d57fba0445480aecd3bfa9d4fe580cfb23f0e5111224348c82845379fc42c82
reports/v2/golden/.rows/gold-16_r2.json	4854	0f7277ba12f221210a9d049b78277fe284d71f251df75e79a0e54a17446066ff
reports/v2/golden/.rows/gold-17_r0.json	4909	d5e9a7331f48701b02e09eddd305f0e2a58f62b8b71e8a3eb58c65e4e7e40968
reports/v2/golden/.rows/gold-17_r1.json	4911	a5a6fe729ac270067e1d8e11b444539c3d0fc40e9703d3f095b79a444a1ca965
reports/v2/golden/.rows/gold-17_r2.json	4903	0d8c195ca69d9ceb7ba00175ba9ae64fc48e2beb67a2cb99473f33ee533aa41b
reports/v2/golden/.rows/gold-18_r0.json	5038	49dfe6f867b5eb9fd3ce4920ababbf639d31cec953d285be986e18559c5938b2
reports/v2/golden/.rows/gold-18_r1.json	5038	152efd0fe1c3d93a28508768e21743c62d1083d7a5ab6e5aff7a20a48f98998d
reports/v2/golden/.rows/gold-18_r2.json	5036	7de0f74ed110154e88be247b0c5a81de06dc4e7b22a0fa90043a79365e24e055
reports/v2/golden/evaluation_identity.json	96	37b51e5e85fd932510d2675861ec8ad9ba9d187a91965cb61bf4b3413178a517
reports/v2/golden/harness.json	41048	ba17551425da8f1584e457830b7cf3bb9bfdf88863e5a7cf50d345f68d1a04e3
reports/v2/golden/harness.md	2881	82e8fe1663cbc72fb68831dbc7951c86ef269549dfae2d902fdb39f5323caaac
reports/v2/golden/trace_gold-01_r0.json	9158	2b0626a12d023d2538639a1dde7bab69734121ab7356b593d1715d7acde05216
reports/v2/golden/trace_gold-01_r1.json	8506	14e377ecaf85a424e368cf49a1ba0a9f9510206a0f4e68459a0e5bb3729d284f
reports/v2/golden/trace_gold-01_r2.json	8682	56487bbb86149ba909a66b312ac70101220b1d06434c2f9da86140c3b2425c07
reports/v2/golden/trace_gold-02_r0.json	4582	82d191dc394ed4e79282f30cb7a82947baaf13a426942041fbd2c2d0ca2fa733
reports/v2/golden/trace_gold-02_r1.json	4637	cfeb146828fadc4771a00469bf335a32ab039b9b1c78aaa14642f37b6c6e3bea
reports/v2/golden/trace_gold-02_r2.json	5445	9735a8aafaac0a1d2d3f068fb20547f0f5202ff9ea627a71ae05f84b4e71d6ba
reports/v2/golden/trace_gold-03_r0.json	3655	3878713576d1186b66d2654214c5b929c52a1bed3c76866fb54652b1d6f4eeae
reports/v2/golden/trace_gold-03_r1.json	3652	218c9938d22038380a12f7f5a069f7cd3d0f067ceb324edf8a1ed0517cb30b95
reports/v2/golden/trace_gold-03_r2.json	3700	b1cff6ddbbaa2823fb1a75805a9da9883d3abcd038285ef8ae6021398571d58e
reports/v2/golden/trace_gold-04_r0.json	5251	eb4ca280c66818312806b8c017d81cbef57117eb9f6ec045cac0fbf31eed2460
reports/v2/golden/trace_gold-04_r1.json	5353	31ce57a1864ee201e1df5f118aafe739f61110574ccbdc7071d4d129adee7906
reports/v2/golden/trace_gold-04_r2.json	5334	26275c86f7dadfe027b77cdbb0c7a407d8b4850da5ffb25c2dd084a86610ad74
reports/v2/golden/trace_gold-05_r0.json	4753	218038c92df31d7908f03031bde250f646dcb7249726eebed22c2b5a7825d192
reports/v2/golden/trace_gold-05_r1.json	4338	a3621f9cc59cdf5d2b45f595c4056cbb586cfa62ed90b062123ff73cd3143443
reports/v2/golden/trace_gold-05_r2.json	5585	5243e1ee4a61c583d314c2de3f8ba1942129602ca57dd9f7981447eaf20c399b
reports/v2/golden/trace_gold-06_r0.json	4837	b2cedd3cad13b60db90ef2841451caee30e3fa5c6fd464373f2a51d63f6841a9
reports/v2/golden/trace_gold-06_r1.json	5236	c9338af53270c43bdbdee8741ff0bcbfa012be0ddbc9f3c72ddc3643afcf20fa
reports/v2/golden/trace_gold-06_r2.json	4957	b48ab7fb03c735571f1ca325fb9d24d0c2993dad510d2796619407f7fa041707
reports/v2/golden/trace_gold-07_r0.json	4647	b2d3da17e8b8c60729a08f40ebc904e6d59d2b811f38c614f72c93844c04f930
reports/v2/golden/trace_gold-07_r1.json	4633	a812076b44673f772e29f0ce84c6cabfc26deb5b57acd9f110016c4ecac213c9
reports/v2/golden/trace_gold-07_r2.json	4697	cf7aecff5d5e11dbbf442a6a51a42a459482eb583ea2c00381c3d9ac11303912
reports/v2/golden/trace_gold-08_r0.json	4865	070b374bb88e72bb0355fc7f1dfc745a001d196abfa20b0c00e6bee3eaef79e2
reports/v2/golden/trace_gold-08_r1.json	4858	06ce4b2ac7d9e48060289ae0950cc8dff55edc3f1764b528fb969eb5f44c240d
reports/v2/golden/trace_gold-08_r2.json	4851	2029f16a2b66ae6477066d49ac4e5fd60b333d2fc2eb7970fa5510415240fc84
reports/v2/golden/trace_gold-09_r0.json	1041	ada4d7b007d3959d83e5209b39ec6b4332eef543ee19fe7cef1b369bc148b24f
reports/v2/golden/trace_gold-09_r1.json	1041	92be85985844c0b969facb58394d260dc0d57b061fe4e14c7c8c86c782781b23
reports/v2/golden/trace_gold-09_r2.json	1041	66cda0886a40978ebd73651e7a5006bc27467f7144f5f2fdeeefcdef5061a08a
reports/v2/golden/trace_gold-10_r0.json	993	15698f3add168c9f20ee96e4a3281cb763acc0ba522c6c2431b06ffd18239e36
reports/v2/golden/trace_gold-10_r1.json	993	9fb125a3de8ccbc8401f3b5317c8492e408648e3ba185a5b881503ab06deeeea
reports/v2/golden/trace_gold-10_r2.json	993	4bc1d001200e34e89d5b155741292a452ea792fe7b316821f6405425c895f976
reports/v2/golden/trace_gold-11_r0.json	970	25d03f5dfd733e4323758fc97e877675b3ddf834c0dd63cb9ce507cca189696e
reports/v2/golden/trace_gold-11_r1.json	970	0511bc58c49bb0a0b19221285662c8022fae2e1141e54b32eb5cb1bf7983b9ac
reports/v2/golden/trace_gold-11_r2.json	970	3e40499e8f410cdc0da24e1b939f806cd388b48666ca07e0da0fe7224f98b9f2
reports/v2/golden/trace_gold-12_r0.json	971	94355c432891fce658e55cf84d23442b7b011ecd1121f0bdf3029ba5520385fb
reports/v2/golden/trace_gold-12_r1.json	971	cd5fba3189b7dc0b60ab867dfc1cc08cda03a2234284c369683576fb5a11f870
reports/v2/golden/trace_gold-12_r2.json	970	002a3dbefac6f73268d7ff78cfea2dd9501b9972fee43d1c0434225327559c2c
reports/v2/golden/trace_gold-13_r0.json	972	e2dd2c3c670e4f6c3dff76ca066f3de75564c6b5f049f70384d57bc707cc8555
reports/v2/golden/trace_gold-13_r1.json	972	8f657a688ce0db385ab7d7b539e6628c77a46e8d2578e966293576385be2d80e
reports/v2/golden/trace_gold-13_r2.json	972	7574cdfd1d7a4ea329df193945b4946a4fb32c3b2d7f6b5c5748e257e9db3728
reports/v2/golden/trace_gold-14_r0.json	984	78c3985bbfce55edde16cda2a49384773a1b7fd045544e27608bfb6aa2a53e35
reports/v2/golden/trace_gold-14_r1.json	1058	2a91fa5f297084d4d186613fefb70c25f22cb7d96d913cee9b18e79a6e930995
reports/v2/golden/trace_gold-14_r2.json	1056	3bdb3b9a0c52ba4a120a73789dd33ac71fff8bd87d3a536812a113c065fd1e7c
reports/v2/golden/trace_gold-15_r0.json	1019	33ba83ed895fbd0c54cdabe3eabe390a76e58840f1cc3202f60d458675ca7f09
reports/v2/golden/trace_gold-15_r1.json	1020	d062c16c7ca8cdfc68ccf3dc4d2dcb9dfcaf935dc356cf4ecc1aee55005eec7e
reports/v2/golden/trace_gold-15_r2.json	1019	64a3ca4f1e03cfc63b83fdb2353b6d0e5ee14e3cdd83c9787ea1c2251fb966ff
reports/v2/golden/trace_gold-16_r0.json	5303	0acb3b9ca512fb884a3c63f96769f8f08b6c72ff31dcf39814403154433c2f85
reports/v2/golden/trace_gold-16_r1.json	5501	7dea057f922f1e77064123fe5413973efe1f9642f901e09a8d77200b85c4dea2
reports/v2/golden/trace_gold-16_r2.json	5491	a398f6d59d288662b8838ca5353c60cb912b1ecedd64a740de35b0e3d32c1a0f
reports/v2/golden/trace_gold-17_r0.json	5532	7dedce1bbeaa662d11c762be8e675c123394aa16bc8a828bf1548c77de043430
reports/v2/golden/trace_gold-17_r1.json	5533	8844db84c2a3ec1374d8b376988a1287249a76c47c181645c26ec93a0ff9e109
reports/v2/golden/trace_gold-17_r2.json	5526	0d44c3f88c4fb56b4e2d07f04ef13e75fa4196daa930c0e57f16598d8a77ff0d
reports/v2/golden/trace_gold-18_r0.json	5501	e9d2eb7c8983f615532f35481c495bca3b16ccdda25c8d36546de850d7730e63
reports/v2/golden/trace_gold-18_r1.json	5501	7666d2f5183cdb8297106fd1368cd4a5a8fc6ac0f321e849af20cfc0f87975c9
reports/v2/golden/trace_gold-18_r2.json	5500	44f40ba5dec0439162d7bc326e9823fd785072aaf90ed2230fd24c54b0ec1b18
reports/v2/judge_verdicts.csv	64902	31e279556f97ffedbb6be4f467a4093086a3b95faa67a692284991721a00ccb5
reports/v2/metrics.json	655	ba599f24d0e6e98cb46bd32055dbc7e2dbebc6c8790f0fa740c5770dd7aa7c67
reports/v20/dev/evaluation_identity.json	96	ba2f5defeb29a5ad50fb1625a15cac55834550183ecf33ecdabf5de6556395e7
reports/v20/dev/harness.json	83135	0f13c1c29aae5a660bbe26659dbe45679e5fbf508931cce5523bf846547741f1
reports/v20/dev/harness.md	4723	4feb661afb5c93c7424301decc434ff5368deac9f7bceaa4462f37e75ace19ea
reports/v20/dev/trace_dev-01_r0.json	4296	b3ffd42e52fd74772025f6090285f896db240fbeb2a1138bf58c9c6f2d67c324
reports/v20/dev/trace_dev-01_r1.json	4295	f056edb78b845c2d2f9a53e1623b599a5dd4800dd81991b633af476301d9f9df
reports/v20/dev/trace_dev-01_r2.json	4296	6995bd5ca3a5129a9d4d8f2d1675b648b404f8a35f446dda49584c3fc96977d0
reports/v20/dev/trace_dev-02_r0.json	4459	cceef12abc591588da9d91deb79649588731b95724e3f1e800579826b0608688
reports/v20/dev/trace_dev-02_r1.json	4458	c47d1e0009f84ad0edc7ba9c0d32ce4d3f9dbc16ecf8703aed66c6d273d64984
reports/v20/dev/trace_dev-02_r2.json	4459	7f7de32d5439ac8eeb2bd652ead40865e2b2e6b17084881dcedb29419a74b62f
reports/v20/dev/trace_dev-03_r0.json	3926	6a10d1b144add242e3053716a7a635d08c187d8d9d023fd914324ec04491974e
reports/v20/dev/trace_dev-03_r1.json	2668	94111d6fa7d3ce097cc4662827eb640ab5a10344d52bfef6102c9b1a16f56de5
reports/v20/dev/trace_dev-03_r2.json	3926	96eb1761b2f1c4f5a3bab2569f23d1863ef5f3557473e4a983cca4539f468a36
reports/v20/dev/trace_dev-04_r0.json	4183	e83a2e8495546e48a7a9dc658ff9be14c6448d6aeafcb9f99eeddc00ffcff4b1
reports/v20/dev/trace_dev-04_r1.json	2768	c293103559a9ac5ecaa2674f88cbb7f62efe64d6189779d17ac2771fad5f758e
reports/v20/dev/trace_dev-04_r2.json	4219	4f60a5554b6d66cdc736a8510808889809008ede5a72fa1da24020f221373254
reports/v20/dev/trace_dev-05_r0.json	2774	91d64fcddd1427462c50e8c798aafde1f9abf392702b75832018cd52019e1b02
reports/v20/dev/trace_dev-05_r1.json	2774	8401b2a6bcc5a1cbd6dd52ff54402cc9664c056d1fd2784bdaaf5ef3fc6c7507
reports/v20/dev/trace_dev-05_r2.json	2774	b30a8a8ffe14c1a3be29689109db92ac85b2d75e87fb9bacff58512b05c66736
reports/v20/dev/trace_dev-06_r0.json	6229	8e1d93685782e83506a2aaa388312823fbc28bd97b2002801863e5f3f324c9b0
reports/v20/dev/trace_dev-06_r1.json	6253	af86129a8a75098d2a4d0125ecedaa2ff275cafb8904a3388f48ea9d26d40714
reports/v20/dev/trace_dev-06_r2.json	6465	431d8315ca878f03eb8631f8c87579312fb58f2f3f5f2df629159faecbe0acc3
reports/v20/dev/trace_dev-07_r0.json	7652	6ef574fd1c9692e39763b8a0ac097a1e758a12ffb361645b05a7d8487352333c
reports/v20/dev/trace_dev-07_r1.json	7737	8c85cdaf22c9023ee719794def2ecffe3b59e9e8fd0305ac31ff834c1e6d825a
reports/v20/dev/trace_dev-07_r2.json	7610	82b1d4e3ace8bdeaf91df089105c011622d72170246cd7327a6fd8d59fd7d6a9
reports/v20/dev/trace_dev-08_r0.json	6596	245dd4e032c80e820e7f1ed9163e463cb06a312df62ebbe2615dfe00699a83d7
reports/v20/dev/trace_dev-08_r1.json	7037	538c33ebfae0bd3cc6d70fc7603dbe2415ef934072427f5310e02670c5df6653
reports/v20/dev/trace_dev-08_r2.json	6978	be776a6fab48bc70e35475bdd43b6bf03eaff42faf5c62a285a321f5981e57a7
reports/v20/dev/trace_dev-09_r0.json	12598	12569184ebe68c68f7c8e8d28ccedb70cbd1fc16e0e80acc89030555014e31d4
reports/v20/dev/trace_dev-09_r1.json	7116	74a81aaa19809d58e32572852b1031d90457ecac7dd978e5352d583fada43e99
reports/v20/dev/trace_dev-09_r2.json	6637	b64e9a5d18d97f99dc294036e169cdf93cf64f8b495801c6df616cbaad244a6b
reports/v20/dev/trace_dev-10_r0.json	7552	6e7f720fbf35625cf6a6336419e5d8a8d789f6d6575d7896a30981f14989504b
reports/v20/dev/trace_dev-10_r1.json	8355	7ea6a305bcb7d95e7ad432795595c435d2e195b8a2a643287d4599418e90defe
reports/v20/dev/trace_dev-10_r2.json	8547	7b2fb4fc67833f88f1a6b5dcf20c5e501af3852b226693467428fe22015020f4
reports/v20/dev/trace_dev-11_r0.json	5829	e1e6df988a5455d1ad0e8b893136ec72509d7c8a3611ac65dd4a61338f04b7ef
reports/v20/dev/trace_dev-11_r1.json	5766	d84942d66cf9c93073e34a2d2ac185ee05b93d70695b49e41c05e6ddb3f67be5
reports/v20/dev/trace_dev-11_r2.json	5668	c491b0ec3d18d78fb3b111e444f45dbf2ea9b8561059cc41a8c9a9e6750b719f
reports/v20/dev/trace_dev-12_r0.json	6216	4c37885ae3ece9c9abf34a6e3cfa8975a99327a9261a2b44a03942c2ea4104fd
reports/v20/dev/trace_dev-12_r1.json	6340	44d1124fb30827d76c60d41bf94fc371addf56a64757e563f42cf311cff2ec10
reports/v20/dev/trace_dev-12_r2.json	6029	faf09f4b1757dd2ce277fe1af6cd7194013f5c32883968a52e911b058724f069
reports/v20/dev/trace_dev-13_r0.json	6195	dd9f0fb5f01478681a7d9687f57363318b8050c2df84d72db7b31a85fc770bed
reports/v20/dev/trace_dev-13_r1.json	6174	11040a70d272687bacd63a680d475136de7d5cc3bd0c8649368c7867b2b7e7b2
reports/v20/dev/trace_dev-13_r2.json	6135	b81cf5a7b9d8ee7f8df120af0d493c9676f366a151823ca8c5fa8ace09fce1fc
reports/v20/dev/trace_dev-14_r0.json	5140	64da2cfb1971a63ad19238f314707847b54547e5ba7c13cc912fe39bf5333539
reports/v20/dev/trace_dev-14_r1.json	4942	a096b5dbf59f155d56ae5bc387cd5efc78f6a3820709054f4124a75c4d3ab601
reports/v20/dev/trace_dev-14_r2.json	5310	d414db0bc7356094f8e98fcf0ba37b55f8d14318a30c88dc5c39d7a05b2332aa
reports/v20/dev/trace_dev-15_r0.json	6271	4a3d1f2d72a0b320bdf504f58f52cbe5a1031eb6d2861280b1a754577bd5a6d6
reports/v20/dev/trace_dev-15_r1.json	6615	bcb279972d0857bf3f91d3bdd29a09091cf76d040d9b6f252a524ecfc0145fb4
reports/v20/dev/trace_dev-15_r2.json	6271	7455a0c784e9fb6f84fd6502c46179cb76095129e65fff6927808f311e4475ce
reports/v20/dev/trace_dev-16_r0.json	3535	ed9f871b9cc66234c31f44ad90898d1a9114fb785772facd7f5db16d1c8d7e42
reports/v20/dev/trace_dev-16_r1.json	3536	2fb4cc5e2b3252d5caa0e116c039fa53e8747b64d13092e5ff1db208b3352ded
reports/v20/dev/trace_dev-16_r2.json	3674	fac04b977c0c495ba6e1eefd7114776c84ac064cf26821a03df9b85e16cbc7de
reports/v20/dev/trace_dev-17_r0.json	4577	af86432e1582149468b9140cc5a2fc3b79820e93d49cb9d53c598c54a5566e03
reports/v20/dev/trace_dev-17_r1.json	3773	d89ef2c32f4c8287b1b98199889d54c953461cab9f10f59b58e3dce018b0928d
reports/v20/dev/trace_dev-17_r2.json	3583	70b1236d530a5f281a09b27d5fd29a8be54df448b433bc4cde07fb781041cf60
reports/v20/dev/trace_dev-18_r0.json	1524	0e48ed3db9c7fdf2f446d2f859381c4766c65f10026f4c39c67deb0e7f9f90be
reports/v20/dev/trace_dev-18_r1.json	1774	95c529af1a088b8baf4d77303023ef24c45ffcedb032dd3d5a63b3fc768e666a
reports/v20/dev/trace_dev-18_r2.json	1821	9dc670f8ed4795cf1d357cd9b22f9da8edf8c0d4bb4e41881846651826d12306
reports/v20/dev/trace_dev-19_r0.json	3509	dc5df77cf9bd923047cf0c30a8ccb157d7ae7e0c81e78419d5e1edd3f73135ea
reports/v20/dev/trace_dev-19_r1.json	1546	ae675a2fe56d00846f8be6c192a3a6bec21224e3d3a12c1e33911444d0dbd576
reports/v20/dev/trace_dev-19_r2.json	3501	da99dfc00ebaaaf2e289a2c373e031688eb2b7cb0f2f549a903851a50137bf2d
reports/v20/dev/trace_dev-20_r0.json	1483	1c453e781b0a8adf1e5d44e1e31216fa952e32aec097d6d00db2d35eb593c87a
reports/v20/dev/trace_dev-20_r1.json	1522	f58f046ab479f8aa499586fdc9d62d981b27cfe78297d674f8fd155d3241e3b2
reports/v20/dev/trace_dev-20_r2.json	1484	3df792a2019c851f8aab1105528a35c53f8c742f5d2636dc7c452f7e0f21ee7f
reports/v20/dev/trace_dev-21_r0.json	1832	b51f818903a115a423bd1173d2262a022d2ffadccbe25de0f319e72affa0a467
reports/v20/dev/trace_dev-21_r1.json	1832	23728b081ffdf9fb3ab098d9eb2e8e693317147c3ea493c292f6f057b5f43c32
reports/v20/dev/trace_dev-21_r2.json	1826	c7d75e6ba2ef47c4bbfbba4a0652facab703f54611158852e621f44772413b85
reports/v20/dev/trace_dev-22_r0.json	1615	4eadc065f1e3126cf7ff785bf1d0888d69a705c94bc1634cc68b93bcfdf698a8
reports/v20/dev/trace_dev-22_r1.json	1609	6c4b14e0093d91434b45d8054f61218a6fa591fcd313aa4f9aa630a022a761f1
reports/v20/dev/trace_dev-22_r2.json	1607	d1056e7bb787319015066a78fd90665b1d880ba801ceba8e1d803df842092f56
reports/v20/dev/trace_dev-23_r0.json	1551	6c5ca4269796e7149c3be2c3ba5ccb42226680c160ad324e455e816dd3c3faf1
reports/v20/dev/trace_dev-23_r1.json	1513	0ad11c49751929e85cec81ec15ef65d130e07c806fdef6691a27af80a3e17326
reports/v20/dev/trace_dev-23_r2.json	1666	f492c9932f478f02a9c2a668a33873edc08b72e2054bc6b3602a262e0de74694
reports/v20/dev/trace_dev-24_r0.json	2663	5649577dc2b7f083cf7badab2965ec73c4a284244d5e1841202c19bec8e586a3
reports/v20/dev/trace_dev-24_r1.json	2662	b11a34aedfd59664e732841d80a7a1e2a0abfae64b03986ce0b9bd4405d86c8b
reports/v20/dev/trace_dev-24_r2.json	2664	a6a0c9f785c022452eee3f6db44514f3e91cd0b4d14444923c7e4e1b367adc61
reports/v20/dev/trace_dev-25_r0.json	1602	bfefb6d9c735e2c0f26ccd94aaaac6c1c7158e4e3a8d623e38334eb3580a4360
reports/v20/dev/trace_dev-25_r1.json	1600	33f86b5631b2def0c4aee361f7b2854278dd5ee3360e1c2129cfa27245ad0ec8
reports/v20/dev/trace_dev-25_r2.json	1602	ba120db3b4c49048a1c0fd64816febb0fc23f2c10a8f96746ba3d970940c1a0e
reports/v20/dev/trace_dev-26_r0.json	1441	e839d5c1079dea7506b730497d12874610988ad07dcb1d71f2645eeea7c2f0bf
reports/v20/dev/trace_dev-26_r1.json	1442	34f116212b97f766931907762298bae5e791dc29262cbadc4b0847fbc3bed041
reports/v20/dev/trace_dev-26_r2.json	1441	e6e395ef6fe73545c38edfc60952c2a08c85bb256ea9e65c86e1a658a19b2763
reports/v20/dev/trace_dev-27_r0.json	1562	2811ee2e85b9f0dcb6184c33503f664d17265be04164d072ba9bd0b0bb77fb18
reports/v20/dev/trace_dev-27_r1.json	1517	d2619b7844d61ffcc21b67782446a856d3dcbbbae3a3fe189d1c142dd5c30870
reports/v20/dev/trace_dev-27_r2.json	1562	6fbff631ef9063c3e40f56d5595c10f90c29d2b0d4a23078edf14b94b7640012
reports/v20/dev/trace_dev-28_r0.json	1539	069ee3acd347b65678ff70349cd9aff6d46db2adb7a97c0050bbec26c78a92e5
reports/v20/dev/trace_dev-28_r1.json	1547	1b49f167fb090e151483753d7299ef213810d78e5a9f2ecd715e7911ef9cea47
reports/v20/dev/trace_dev-28_r2.json	1498	b37d6cf6571e13ceeed25575d884f8e46f58841415882abbf88c3d6f5e0334e5
reports/v20/dev/trace_dev-29_r0.json	3973	a4159a1e8160d3ac4c12b192ca39632f4572718d65a436f5c04dbe2a9da2eb3f
reports/v20/dev/trace_dev-29_r1.json	2687	17b594f8de8648b00a47d8a8b0e7fb22294a646ab02319211e55f2d4c2ce29bc
reports/v20/dev/trace_dev-29_r2.json	3949	2af8a790793a7c6db66e2f085ad7e26f3d5fc4d2f1905b7a8ec5be1d65f76b5e
reports/v20/dev/trace_dev-30_r0.json	1556	6486eb5542f0ff8bc7330bb0257fc51239f6949c37d4484fdf6ae805646cce0b
reports/v20/dev/trace_dev-30_r1.json	1502	128429dc9178d89151aff193033f2a0b59fbb32d1e775cad672914ac1edae541
reports/v20/dev/trace_dev-30_r2.json	1556	87938a014d315ccdd033f96aef36846b19b22dd96ce61b91f91142b85aa3f304
reports/v20/dev/trace_dev-31_r0.json	1392	25c489686e290fe25180111e23a6235ba1bf0823a9f5c1b710de7125d99e7732
reports/v20/dev/trace_dev-31_r1.json	1392	fb42445413712087024fd55d795d6cb92d8a197c2c47c7ff6ce0ad13700e089b
reports/v20/dev/trace_dev-31_r2.json	1391	bec95767944ba0d2dd1fb29639a1ec7e71e5cb28521fa44cd6ed7c763902bedc
reports/v20/dev/trace_dev-32_r0.json	1434	08ee4c6b91077ece8a8603a892010d7494c24ef2d2003d42579975ad54a6c2f2
reports/v20/dev/trace_dev-32_r1.json	1434	1097fc2f83749ca456015869ff63fe94479a9e8a560a54dde1890aec35b44701
reports/v20/dev/trace_dev-32_r2.json	1434	d6816c7e3332a769396783f112d8a4b5613ca660fdb0e30e29782e9fe8a196cd
reports/v20/dev/trace_dev-33_r0.json	1435	61ec540e97ab39425a43749953428062103ba23ae86c8a52616c16dec5e18a68
reports/v20/dev/trace_dev-33_r1.json	1435	a4fd576f14c553c2bd4996523e18f79b66899034962790c75d152ad93848cb28
reports/v20/dev/trace_dev-33_r2.json	1435	641438489b16b564b145164e028414cb5fbb7ea974ff2467495b5e0bd1838f68
reports/v20/dev/trace_dev-34_r0.json	1477	50543a0c07de0b5effba099be5c54f8b7480106026e4c3fb077f776c13d921f6
reports/v20/dev/trace_dev-34_r1.json	1477	9cc480d39caa0bbda13ce2a72875e244d5efcd28b54f11e279770a302f240ff4
reports/v20/dev/trace_dev-34_r2.json	1477	e92a550bc2cefda342bf2bdee6b04f16c996cdb5ac5458f9957679086408d616
reports/v20/dev/trace_dev-35_r0.json	1423	24bb8381bcbe8559966394e99e45045e580f0dcb7172875116c32190db0bd673
reports/v20/dev/trace_dev-35_r1.json	1424	248fe00b420477e42bbfb111d161d86ddee727a1893444fce7ea95cc9ef0575b
reports/v20/dev/trace_dev-35_r2.json	1424	dec0473da5d3d8f12701622eb563d242e19d88b557af391bf2dca630d1667fe6
reports/v20/evidently_ground_truth.html	3655674	6e5cd95e524714d7f0c2d29dd3f33d9c2d1b86ac575fd1bd2c324a1203cf5df5
reports/v20/evidently_ground_truth.json	1324	f5dcfd8e148cbe3a8d2539b76ad9447f11485e8af58427e57f0d5047de80797e
reports/v20/evidently_judge.html	3656761	94e6735ec2dc1ab29537556958cf32001ff263a761cba7542aa49e4f808a7c8c
reports/v20/evidently_judge.json	2645	f35919142df6e688b34a06034f4f5cee7b4b3c5aa30ba27719c2d15e9c977323
reports/v20/gate.json	412	2a1e83989bb4da9445557c3a04796d4816fa3987585f6c4658987f717e90df57
reports/v20/golden/evaluation_identity.json	96	7ce6caa6f3614b4d3aa941b1637cc9584e9b31de129d8aa9516948a93734e0c5
reports/v20/golden/harness.json	47085	563e78bff0e586a5ffc81ff7e2d436de96781f4316baf64ef56e1c454da6c3e1
reports/v20/golden/harness.md	2692	3f12936c86774d5eb903d8c4fe8640744e5caac767806b6f26ffb65b096e1f34
reports/v20/golden/trace_gold-01_r0.json	4445	adaf73ca8551ae1b9dbdc45d24c512ad064201bcef44af5ca5a298d6a227233e
reports/v20/golden/trace_gold-01_r1.json	4416	5d1f79e5c3a454b9d80086f99e7c7df0f7b2a99919ba13592641465a1a09fa2f
reports/v20/golden/trace_gold-01_r2.json	4475	e646ab8cacb865f6f26a4691cce85162a3767b943c854a58e7ccbe08e414cbe2
reports/v20/golden/trace_gold-02_r0.json	4435	6db0333b8054c4392e1fb75a9c79c35b57d04e34c1745489a5be59708675f0bd
reports/v20/golden/trace_gold-02_r1.json	4638	64b12f6d0cb63c267add7aae4171602db2a5e5e3034420dc88b855eff8b07e72
reports/v20/golden/trace_gold-02_r2.json	4633	a31e0c799da564ee1cc17e3e6707cd5b2b910cbca8620503d1f975a352484ec5
reports/v20/golden/trace_gold-03_r0.json	2844	415649e376a15a355260ab83e08d1cbd332e7e9b2d59d8110b6792f2eb173147
reports/v20/golden/trace_gold-03_r1.json	2844	62417a12d184b9610e5781a4d008ae949f1bc2b973e71915d1c915ace7c0f481
reports/v20/golden/trace_gold-03_r2.json	2845	dc2ada0eab39157775d6ba677fa7868d5bd2092effe27da61c2f72c4c9731bb4
reports/v20/golden/trace_gold-04_r0.json	6315	c447e02888b7cdb85e0745184667d40aeb730ddd39bd278aa2f0390ffc1a0433
reports/v20/golden/trace_gold-04_r1.json	6161	6b81d71a459a9e609b8c7366b047cfefb9f3074a59bd0eda0e45e69a292ef766
reports/v20/golden/trace_gold-04_r2.json	6311	7184f4d87b0c56efd0fb41af97b859a19a16c57711552a9e721dde8b90884c56
reports/v20/golden/trace_gold-05_r0.json	5867	77d18f6790cab15ffd2ef1b98eac5026fee2fb5ab064f14f551d2557edb9ba33
reports/v20/golden/trace_gold-05_r1.json	7130	f1b2ed8faf697d90213fb60afa2a0857fadc6090263f3953214cdf859de7cdd0
reports/v20/golden/trace_gold-05_r2.json	5925	f6d4a451984036ff82d3ca6beaf0a8fc8eb7e543baac1079a9d99160b82dc9e9
reports/v20/golden/trace_gold-06_r0.json	4628	09d99fc9f8c7f70cabb0c00f680154a7621e6097ce6561f3a3c419c08de7700f
reports/v20/golden/trace_gold-06_r1.json	4512	ec8739a853515bf6e5857256353cd36a8995c1333ad2c702542be94c1ec26b7e
reports/v20/golden/trace_gold-06_r2.json	4832	20e043d87f058a44790a41e30287db74b82db5e4cb91c1bb1c90c5dd6a452bce
reports/v20/golden/trace_gold-07_r0.json	5885	ac4f6f9fa685f27028a0aaa3c2ce29e283377eae8c2957d29c5337216bb75a50
reports/v20/golden/trace_gold-07_r1.json	5860	2cf79b429df4beae362e5620ed3160ba8f100d3d33a265818a7d5511c63f9d7e
reports/v20/golden/trace_gold-07_r2.json	6028	b4fd4ef513ca28a7cda99570b1394f370178d8781a41cf20d5cba0658471c2a5
reports/v20/golden/trace_gold-08_r0.json	6177	36ee49beb88d919e4d97271695714c455f0b2c7e6c653164202a3107d5333dab
reports/v20/golden/trace_gold-08_r1.json	6511	6caa54847e600283b94e3d8ff0ecaa57b50b85f5fb4b0b6f719f966111ea012d
reports/v20/golden/trace_gold-08_r2.json	5579	06c6628064259643260abc62ee31b0efa43cd43cdd08ea08c4677e038eafdf47
reports/v20/golden/trace_gold-09_r0.json	6183	bc94d5efe99d58b5535e4ddd999ce7cab807483ba8affc62b8eab79ab7143726
reports/v20/golden/trace_gold-09_r1.json	6215	47fd4b741c08229025db411c213b4d5f2fa57b6bccd30bb045021c8105c20fb6
reports/v20/golden/trace_gold-09_r2.json	6214	a264dae5197d131696a5a857390a03e71dc78e8940440207c772321797b65619
reports/v20/golden/trace_gold-10_r0.json	3628	60d242cd355e9058da8b755efd0a3122cf80de46adbfd2cd946fc79dbd81451f
reports/v20/golden/trace_gold-10_r1.json	3545	0b81fb902353d51810ed769f3d673b9414c13ea565e37b8e796cb2d183b4e33f
reports/v20/golden/trace_gold-10_r2.json	3616	49bf306637af15d3240209095baeddc5af120564c26298b7cd6757d2e515d68c
reports/v20/golden/trace_gold-11_r0.json	1532	b5a5c91dc3c441e64149535a67e81972e3261b33ca195274239ffeb01754f5b2
reports/v20/golden/trace_gold-11_r1.json	1569	f6d329cc88fe18ce3738bf18dbc6e3ff2ad41f7cebbbf908d2424af254a455a9
reports/v20/golden/trace_gold-11_r2.json	1531	d0da475a1a6131983df8014cc8ade4e8ab827f9b02b09f8331a9b30e648b9d3a
reports/v20/golden/trace_gold-12_r0.json	5628	5b94ce114f4c611fcad1c3769931ca4760573d19adbec9e4ccca4197e1155d3e
reports/v20/golden/trace_gold-12_r1.json	5688	78b2b06c0e27f8ca384c0101d8e16f7cd9b177af3ceff425ce83272e5ecb71ed
reports/v20/golden/trace_gold-12_r2.json	5272	70f931c5b2a9ca8e714bba59732b3ac3ee60ae3ca7de6ae1e1c777fb8559c9ad
reports/v20/golden/trace_gold-13_r0.json	6330	7d2c81984452d20a14ae5373c08e5db559b00f30a3f2548a42e54726ce604f9d
reports/v20/golden/trace_gold-13_r1.json	5556	d070f8ee940925b94dc05fe9c5107e37090c361e2bdec4563d8261ecaa7b92f7
reports/v20/golden/trace_gold-13_r2.json	7494	063f9f0c8c65a93d4a8039dcc3f6e02feb4a05b3d7c1256cc81e4034575c7b70
reports/v20/golden/trace_gold-14_r0.json	1472	829690caaed2e57e0817adf2964c6c226c9a24e502ddf05d70b10e57322a602e
reports/v20/golden/trace_gold-14_r1.json	1472	193954a812ed7809d83ee07e10d5eafe2174fdd2be5a953f8bbbe43b78146c28
reports/v20/golden/trace_gold-14_r2.json	1471	7b66e14cca674bcb263e958c4df8c41181cf66aad2fcd61c6aa4bbf58e265242
reports/v20/golden/trace_gold-15_r0.json	1528	744ff7ecbfb71e812ced4b37aeef6465fc2d87ad27104ec4529cd60644e9348d
reports/v20/golden/trace_gold-15_r1.json	1528	2f29734e103f620d4476d0a55c9bd3219941f4bb933f354302e8ab04a02684b1
reports/v20/golden/trace_gold-15_r2.json	1547	892bc48c480ba7e11f7306c95a9291f64737c2d86fce40d2b5d34a29a895b072
reports/v20/golden/trace_gold-16_r0.json	1467	8490257b84ef8d1040a08fd71aa2ac7824693a8bb9228e02c6e716fcad773d53
reports/v20/golden/trace_gold-16_r1.json	1466	c9cb1e5cedaa929818af7d72d3cdcd9aa44ceff9e967c2a0e567f7c9b7956a47
reports/v20/golden/trace_gold-16_r2.json	1467	19be56ec67c46697053333169f98a3f87a69e7f7b7bf0d0b587bb786fcf074a7
reports/v20/golden/trace_gold-17_r0.json	1494	ead616a932b0b7b7abf5e8d17ffa08f06e92ae4e7ec7949320e37d8c258e5371
reports/v20/golden/trace_gold-17_r1.json	1494	96b89f56bc0942dae68e61caf39b1aa8a8241ef17b91ee24fa5ad20a4917d353
reports/v20/golden/trace_gold-17_r2.json	1494	72a778c69a085e375e05f69491cbd04b187e8209a27f9841e0e436ffa4c8fc67
reports/v20/golden/trace_gold-18_r0.json	1497	06b1dad345dea645e775cc22d4f7ae98f57571b2e95e26067db5c7eba93075ad
reports/v20/golden/trace_gold-18_r1.json	1497	1e330d29853e0982e09467ee796ad35114327d554dda629296063d39cc070e54
reports/v20/golden/trace_gold-18_r2.json	1472	0617ca1866ad9bb5feabee50478eb31605b444588e79865c6fbf69d27dc5ba7c
reports/v20/judge_verdicts.csv	76426	1505b4e508d87e262c92dcb1ebc4d1471cd43b1ecb45eafc6318dad0b9ecdae5
reports/v20/metrics.json	726	9331e5f1ca10f6d934fd59c82a78c8a647c602df47f52fdc42fd5f5e642c842b
reports/v20/recovery_manifest.json	551	d14082ee94231785afce4fd3e70c1dd8ca2266671786f6d19624638dba8f4c70
reports/v20/runtime/system_prompt.txt	2174	4696f952d53d999256b0bc74199b8a8277d5fb2c79baacd719508cafc726bea5
reports/v20/runtime/tools.json	2587	5a3bb424fb3c739e51f8dc462de9eb448589f170692b78ad4b90ffb63293fcc2
reports/v21/dev/evaluation_identity.json	96	2fcb94e5acb7d571cee106cf212e7b1bd20a549832ba81adbfb9f7543a17e65b
reports/v21/dev/harness.json	85631	cddaba2d7c026c1c1cf4bc57eec4edc4cefb5da70bf08388d51175e71060c5dc
reports/v21/dev/harness.md	4720	e65c0663e924401ae158989d86f1777b05b0b67f8a0e8a61f9559739ac3a646b
reports/v21/dev/trace_dev-01_r0.json	4290	57c5d6c9dac8ad03b77d1b25ce5f7286cd6893fcdba10bfb09d06f988d988272
reports/v21/dev/trace_dev-01_r1.json	4290	77930eb9248de0286e7309e3d80a8c0d0f66698b55aca2ed4b245f2e3c6101a5
reports/v21/dev/trace_dev-01_r2.json	4295	b786676d1c73d4d8dc9441b9ad1a3549065bf59f92ccdcf4ea880466dac7fde5
reports/v21/dev/trace_dev-02_r0.json	4459	b1b5853f9dd62e491f6954787ae4ed6a30542bf6ed7d2296cca95c138add6a6c
reports/v21/dev/trace_dev-02_r1.json	4449	b95e39f0fbc76309c31b4399c47a4fd8d6099547f1b6b0434931ea69c9a0da2d
reports/v21/dev/trace_dev-02_r2.json	4459	6f7a239313240cb17d7f20f4ab3e6dd5823c6fc0c0e85639ba96d1d039acdccd
reports/v21/dev/trace_dev-03_r0.json	4051	95b6c9f6d4f10d8989ef0ebef8a7ff1c693a3dcb28dda355d079a35124bc3ce3
reports/v21/dev/trace_dev-03_r1.json	3926	0c119d4413b823e59af179393335f0b43d17767115c7318897263646dbe04f61
reports/v21/dev/trace_dev-03_r2.json	3585	6187d28e2e0c23c807025a301b5936edb02c508c61ba4bc2d7d48e16f51301dc
reports/v21/dev/trace_dev-04_r0.json	4219	051f4867662940318f23981771f95dbf6a70f702d0605cbeba331704f28e2f0a
reports/v21/dev/trace_dev-04_r1.json	4292	dae68983841d1fd9431f604ec77540286a2dcf895ad1ac74e016491ba1cff660
reports/v21/dev/trace_dev-04_r2.json	4292	b44edaf02a0a63e928ab0c8146ae4c5f76ca7591c281666750a5e36d2684db4e
reports/v21/dev/trace_dev-05_r0.json	4327	ad03a46646daeac7bdb8e701db45480e2237fb05e4a0fe6f8154386ce5b98128
reports/v21/dev/trace_dev-05_r1.json	4327	0d21cf05d2dac6aaa40d1026890c7f4db6d413cc90144b0681609a87e7f12018
reports/v21/dev/trace_dev-05_r2.json	4328	4c0f473b7d8bd8d62a0392f114347de1a5fce6e7da5bc178ba4869e4f9bbc580
reports/v21/dev/trace_dev-06_r0.json	6591	a2233a6aa0a91b34caa301d2a2040cd42cc30e28e1f06d6759bc3d65c018c456
reports/v21/dev/trace_dev-06_r1.json	6435	37a9d783773a7b95e144bf9dc46979e522d43f9c36ab330d7b31cb7f4d44b6fd
reports/v21/dev/trace_dev-06_r2.json	6465	3038c912daadc22a1a36877118930914fb8b4e02a44f4bc375e715337ab02e34
reports/v21/dev/trace_dev-07_r0.json	6896	9fe872aea83be29d926df2614b2ffe31d5b73b1092c4f3b62984a2e82430de70
reports/v21/dev/trace_dev-07_r1.json	7355	ab4704af4febea133ac7113462c26700aebe2c4753282d98165e445b6d48d816
reports/v21/dev/trace_dev-07_r2.json	7487	e9c607f282e4d9da161f9d3fc1c818ec4a03b6639676c42b35446467266f3a12
reports/v21/dev/trace_dev-08_r0.json	6820	cd47664888ea938c372beff4502cac7af1f963e5d37102e604c6db8abc1474ab
reports/v21/dev/trace_dev-08_r1.json	7814	1c890f431fd4ce8069a5082bfabf93b5ff3170354c181a62db56d2c24e4f1ee3
reports/v21/dev/trace_dev-08_r2.json	7925	84ee830b7d95bb841e8c4b0d5b2c8e6c66a43521cb78db6bab9f1cc3e99b545a
reports/v21/dev/trace_dev-09_r0.json	6717	2ae01af9cdfeeda22e7effaf6c8f1610241c7b4266f78b7d8a6b61675e458509
reports/v21/dev/trace_dev-09_r1.json	12123	b44482b2cf47672b6bb5cf33da1f7fb39536d737e3d982b8c6340431688f9ac4
reports/v21/dev/trace_dev-09_r2.json	13519	ad1c629b85f6d571879104e84baf1fdc119a2bdb57bb6a0e8e5cb2777697d94f
reports/v21/dev/trace_dev-10_r0.json	7667	1bbdd4d4bc22e6863cde8e17a69d48ce1e5e7c91c4cc444a8ca1760f60027e88
reports/v21/dev/trace_dev-10_r1.json	8428	f6fed08349001ac6d1ae267dea536663a220d6ca29fc01e1d04c6da39eff81a9
reports/v21/dev/trace_dev-10_r2.json	7952	4f58352573f48fac2973b709e24b420f858f44110458e28ee6438e4ca38efb79
reports/v21/dev/trace_dev-11_r0.json	5686	cbb11cf189ea9a1353897159b862ead13d8fe6894dc0e71897fff066fa541c67
reports/v21/dev/trace_dev-11_r1.json	5687	4bd5e453634cd2bf205439c6f6322ced8e5348b408de1a346374ac87a9d5d4cb
reports/v21/dev/trace_dev-11_r2.json	5753	a6bf8220818a719938b47147f2dd0baff58854ac9c870b9e0e77d43afdcfab82
reports/v21/dev/trace_dev-12_r0.json	6216	f4ac1944dc14ba80be4798986cb267c7d0122f0782e18ef932dad8b5305677eb
reports/v21/dev/trace_dev-12_r1.json	6478	c41a0775d61dd4e9ae431874477e85fe3a8f61d5af9bb76103c41af5957047e7
reports/v21/dev/trace_dev-12_r2.json	6505	7d222e0666aa94ae3f0048d2d52c1a4eb569ed2966d229c4f6a8de2e03746267
reports/v21/dev/trace_dev-13_r0.json	5854	fe679756e9b266c311933b552bdd2f8ab485451ee80cd260534b696d24ac3305
reports/v21/dev/trace_dev-13_r1.json	4731	69aabf4b3b45b6cd3f871e296ef03f2cd06336d835f4ffea36c57373a9e5d436
reports/v21/dev/trace_dev-13_r2.json	5981	d76d39ac47102b9505b7b4dfb22b35a6d53a34846c9029f0a47d8a15b7646649
reports/v21/dev/trace_dev-14_r0.json	5329	5823adfe0ff756ada072683ad76e349fd4ff1a832325708deca13f867234b0d3
reports/v21/dev/trace_dev-14_r1.json	5111	b775b427b0098f1e0d3a7213902ba55e50b709b5259850ee96ae1d10c9453407
reports/v21/dev/trace_dev-14_r2.json	5017	c8421865a397a111c3a8c922049fad7d0e9f2e8424080a6000d943028f22ef19
reports/v21/dev/trace_dev-15_r0.json	6270	3f9c59e2ef5fcc7f1d77f47175e0c8b0cfa23a5f82f2080d50cf04b081060124
reports/v21/dev/trace_dev-15_r1.json	6080	7f6850471856675b04990c35935c826d5b237d15a63ffb0361ed8a50630c42cf
reports/v21/dev/trace_dev-15_r2.json	6733	4df0f74f95e93e7d350d8c6e3e7b6866393defaf8857778d5aecb2907817efc7
reports/v21/dev/trace_dev-16_r0.json	3561	0e2adbfa831a59c7a6ec48ddbb189c2c3e0307a01ee186dc517ad2744df26e25
reports/v21/dev/trace_dev-16_r1.json	3674	0539ba6ce75d4afe4800aea75e5e753b13bf482c6dd3e80f1cf1249cf1bfc15f
reports/v21/dev/trace_dev-16_r2.json	3675	4d447d513061d0fefbdd69e69e87140ad7b29bcde3342fa37d709d5f192e5170
reports/v21/dev/trace_dev-17_r0.json	3615	c613a816fbd84fd36e4e3424ab980da8c47c18055b1c1827a04a8b3cdfde1b83
reports/v21/dev/trace_dev-17_r1.json	4539	667e3b0075fa2134ff9ea6b620c046e0c244dcf51848aac13af70c247876062c
reports/v21/dev/trace_dev-17_r2.json	4539	3c067fe5b5bbf73b237b1573aa79abd131abcff02d58c60f736f3f16e3bfd83d
reports/v21/dev/trace_dev-18_r0.json	1524	c29b95bc0f893164f78d558962794877ecb01be2c18e5bec640b7bca60402b32
reports/v21/dev/trace_dev-18_r1.json	1528	95edfb06b2a00756755d0908df45c1ce970f83a646e5bb3f7f9b8b6a4afee0ae
reports/v21/dev/trace_dev-18_r2.json	1528	b22387da178faffccc61f8c388b0eadda04297f76eed2f0e9093c86964064274
reports/v21/dev/trace_dev-19_r0.json	957	d1fc089bd232bfe243700d7a2c1834a4d17553af41dd12f95dba2f153aeb70dd
reports/v21/dev/trace_dev-19_r1.json	3460	6434f4755715aa951a44379c0fbdde7c04b0e6d6cdf00661f160b2d69f931627
reports/v21/dev/trace_dev-19_r2.json	690	f45b6d10dad84f7482e395bb646d8531c3e88d27e510867de1302a3844e52ac8
reports/v21/dev/trace_dev-20_r0.json	1484	c49bceb658a295ba519f24efb8634f7948e8a3d0dd352de9cc7580701d66f05e
reports/v21/dev/trace_dev-20_r1.json	1534	8a38609356015b0b92bc0225c37ca08e2ee83420ff61e327343e935ffc07d7a5
reports/v21/dev/trace_dev-20_r2.json	1534	aec5abf9831602d4e3afe2f09c9374d14c9e68b459758dfe18930b75e634e3a1
reports/v21/dev/trace_dev-21_r0.json	1827	1166dd66d0fe631f4def2252fb6c7147bdc155461b28c32f0e607c01ab907d6b
reports/v21/dev/trace_dev-21_r1.json	1832	c155c5dad07436d75148fb36ea8fc68c29c44e1d0de09f0f17ca47753815ba3f
reports/v21/dev/trace_dev-21_r2.json	1832	63bec5d2b3a594fd7b9dc4332c8be912d43577259107c53612fef4f1c0f9456a
reports/v21/dev/trace_dev-22_r0.json	1719	4b6154c1834848401e90e7c9e6d8c5bbe76d889b153493422ec1ae0888d9c9f9
reports/v21/dev/trace_dev-22_r1.json	1695	1da6e7576a06b85ec6487478c607291ec340042ffcdd726d83b8065cb4d01ab2
reports/v21/dev/trace_dev-22_r2.json	1666	2b5cd10f09d6a1396b01aff97cdf59b99290d1da1dd0426d0045a1ff62ce903f
reports/v21/dev/trace_dev-23_r0.json	1666	7b75b6a1b5653dd7d4d1ee58f7efbbd0f082bc59be5ce832444816a06eed790d
reports/v21/dev/trace_dev-23_r1.json	1663	a79452af4e4ca6e3e3b949b7c783637e07600ce2ca8679bd7b8f66b37ec7ea3d
reports/v21/dev/trace_dev-23_r2.json	1512	697787a52935c08a8500ca69c1216833dc117db15f66d43d6b359c66466bdc6b
reports/v21/dev/trace_dev-24_r0.json	5956	4eca2cc47d657ae494052a6b713f4af0e2e9f96f12820d86878c3fdeead9611f
reports/v21/dev/trace_dev-24_r1.json	6084	8ec21db78e22213c103c8c756c710ef20f2b99586ab13903136bfd176a6b37e3
reports/v21/dev/trace_dev-24_r2.json	6118	22df07680870442d9e3457e78144879d82c0daf14ca631ce91fd20cc35f2b2ec
reports/v21/dev/trace_dev-25_r0.json	1602	3415588b99fff036b1f6c3a1cb9a73fe556b1bd2592591254f93fd2405db22c0
reports/v21/dev/trace_dev-25_r1.json	1602	535cfedce0cd4e814d48c4c1393a2e31adf27dac5d17c6267eb08f2c8af4313a
reports/v21/dev/trace_dev-25_r2.json	1601	6a78aa218a9e82ece789d49e1e497794126ccbd738376f9c91539345573fa5cf
reports/v21/dev/trace_dev-26_r0.json	1442	ee2eff8a67eddfa248ab090eb85da3d7900d7d75d4a1fdf01eef3d4b65a56a08
reports/v21/dev/trace_dev-26_r1.json	1442	536777962c17a1a798b6210e1a9578a96c5f88f20595728f50e83965ff7ba04b
reports/v21/dev/trace_dev-26_r2.json	1442	ca113f6a02e60026e023cb683c0336e62950fbdcdaeb254c1d6a31d37b6be371
reports/v21/dev/trace_dev-27_r0.json	1517	c98f66415f3ff5805df8b7814d3576bc46849edfbb4d6bfcec0068b3be581089
reports/v21/dev/trace_dev-27_r1.json	1560	e6f81eb39d57637d4ae37244592b0e9e7760686e7429fa57d8c3562f364a8868
reports/v21/dev/trace_dev-27_r2.json	1481	86afc3e79d845d29ee8df8f32622c5659670903b6fe422ce33a956accb15c6fa
reports/v21/dev/trace_dev-28_r0.json	1497	8418585c7e11f5d58eb0ec53ae281e129a313efb82e938346465455ed9b882fb
reports/v21/dev/trace_dev-28_r1.json	1498	085617a261abefaa0bb120f3e535cb32fa933207a9e18aa6d4cf8bac812f3025
reports/v21/dev/trace_dev-28_r2.json	1533	2c2952fa45ce49cb93010d82cf671ca7c04d79a4a85d833363c1b42b81ae4c19
reports/v21/dev/trace_dev-29_r0.json	5778	5af971359d9ec5e9da3f31ea4df1a02d4696cbab1aae6bba2021fb1e09b083c6
reports/v21/dev/trace_dev-29_r1.json	4082	8bce266b1f911d1382f92ef10dc340d422c9b43c5289f1f4925d2e5ef9ecb952
reports/v21/dev/trace_dev-29_r2.json	4030	d6fed370cabcd34e30f71b84b80441aa4dede35edc18d3ccf650dcb260fd16b2
reports/v21/dev/trace_dev-30_r0.json	1578	d33695166762e088e942e857d58012d426ca3248e9b9223667cdfb5ebc0d3066
reports/v21/dev/trace_dev-30_r1.json	1603	693af64d83f842eb0bf6473c09f75054e95580d5019e89877df7518796f430e8
reports/v21/dev/trace_dev-30_r2.json	1512	9af6412d65da72da223f40a490fd12a065f0b7b4a3f706bc06cd708225b4ee31
reports/v21/dev/trace_dev-31_r0.json	1392	dfadd5240ba8202573ca3fb7553f04c68d9b262818e00bbefb44cb011d2fb7dc
reports/v21/dev/trace_dev-31_r1.json	1392	38807da794f8ad0d5dede063cc19f40551f8fb0ef7a07fdc08e7366a16c17c79
reports/v21/dev/trace_dev-31_r2.json	1392	18c7b1fd312a4941381b13d8bf15156639cafff5e30459b06a6dfa466ade9cca
reports/v21/dev/trace_dev-32_r0.json	1434	d69a83e0e38aa1ce764a54658bc10ef19bf82a21164146e680bc6e205045342a
reports/v21/dev/trace_dev-32_r1.json	1434	c6f746ce07a270c776414b4b0043b4e1212d09cc0260364b33015155f6a96820
reports/v21/dev/trace_dev-32_r2.json	1433	6e467a408bdbb2fad0c65e3d3f0b864592e7fd80980370a642a811e63095f5ae
reports/v21/dev/trace_dev-33_r0.json	1435	576f180fbb4b2f7692a6769497927c40b4906fe7a1aabb25d9f135da2501e65f
reports/v21/dev/trace_dev-33_r1.json	1435	3b3f49946b652edfa78dc7127383664a8af0806d3009de9be4f5665da1398a56
reports/v21/dev/trace_dev-33_r2.json	1451	2173786c30a08dff98f2ca8ac1b3b679244839deb7f68d230f6fed7dfe69aa49
reports/v21/dev/trace_dev-34_r0.json	1476	2d6ef4217db8ec353922716a299fb1833b3c29daf0d952652ca616408f4ba3f8
reports/v21/dev/trace_dev-34_r1.json	1452	f8473cecdf62bc64c7cb6b25b65b0b24e74b85ea3cb2e9a9a5965c0d332484c7
reports/v21/dev/trace_dev-34_r2.json	1453	dbea5b19f32801ccf72adc6312db09ff4f15d012ffae81e88a2714965a46bf23
reports/v21/dev/trace_dev-35_r0.json	1424	69c77ecb7a16339bf88d8c0a0b3aa1d2c9c165b10ac42c88d02a3e27ada0e861
reports/v21/dev/trace_dev-35_r1.json	1424	fd6e9e4cc479f6a0fa1a75c36b941be367a5603686bf524e75f70786bed6a3d8
reports/v21/dev/trace_dev-35_r2.json	1424	551cab1d654db60e3f63ce53b1a1a20928105b2c8223a4f40d60980a299e9c49
reports/v21/evidently_ground_truth.html	3655674	185b31f1b91fa16532a9449eb7ac43ac2e08c7e4a7f9323faa78c7f8b1e60ffd
reports/v21/evidently_ground_truth.json	1324	e094a32d16ca3d90a36997800c947ff9dce928ca151b1007f919dc322cb2281b
reports/v21/evidently_judge.html	3656757	f29423048fe6bdc161afaea10cdc90faa57da4346438f2e3cbb793316f8f7264
reports/v21/evidently_judge.json	2641	ad5c1ab2c72d52c91ffec7ca7bb5c01c4fdcf42e815b325a6c2ba62b5c674952
reports/v21/gate.json	410	2ae4cd833b7b32835f1c9c1de89671ab76d50b58bd6f90f16e63d4bee4cdd8ab
reports/v21/golden/evaluation_identity.json	96	98f56c364361a9904b107d536211d22afc696cde8b73794d5c5b0333f4119dcc
reports/v21/golden/harness.json	46566	954d28423bdf1f3b3119b6f58f1bcd338035997de2a4e65a44c647a98d0980bb
reports/v21/golden/harness.md	2727	2c04e476670b377898eb89a0fe2a70628b7b304f5b02c41d42bd7ed61eddf37a
reports/v21/golden/trace_gold-01_r0.json	4529	cfaed2ae7773f0f623c260b54dc73b8404ea172f5b94d754ef7ae826584393ca
reports/v21/golden/trace_gold-01_r1.json	4445	6be5dad876832c0d68ac256086d95c90bf872698395f4f728f1a048e5f176648
reports/v21/golden/trace_gold-01_r2.json	4530	ccfd6210108fcd7ae3e2c1a96c5222a439fc53f9b61898b14b3a307fac3efff0
reports/v21/golden/trace_gold-02_r0.json	4584	5c8f90645f9eb29900fb2283372dbcd66d8ee1e0dafb2cc9fa90425c517ab4d9
reports/v21/golden/trace_gold-02_r1.json	4634	514167f2bf7719bebd01f5f083abf13047bb464a56523ff5a03ea5ae90a79286
reports/v21/golden/trace_gold-02_r2.json	4436	bcb310e998b1dd453c83cc76d85dee9a27b79df2bdb4b4d47358f542af56dd23
reports/v21/golden/trace_gold-03_r0.json	4453	0783813154b1120073f65c4e37b7238649f60b9576da867e7db7b296d9a0195b
reports/v21/golden/trace_gold-03_r1.json	3863	158fb38acff551b3111a549c4bd59c49e69275525af757ff8cd45a135b7ab876
reports/v21/golden/trace_gold-03_r2.json	4454	86d462b211cf9f1c3d807df58d2ab80665cf1cf7f555d3b8a31c5322f4d62617
reports/v21/golden/trace_gold-04_r0.json	6002	4ed394a8f8be621dc7f36ddc0ca46bbfac2175ad7a836af4cb5bbf7e3c67a036
reports/v21/golden/trace_gold-04_r1.json	6001	240dc8559eaf381c8af440e68f6b6618782da749c41316387529a347a2e0d7e5
reports/v21/golden/trace_gold-04_r2.json	14282	95c422d56f0671d4a329411af4b6a63f110d1905aabeee875fd1bdc41de7fbd9
reports/v21/golden/trace_gold-05_r0.json	6077	5fad7224ae15518f9d6be8c476b64f4fcf958275489f8a60fa53a551a39fd569
reports/v21/golden/trace_gold-05_r1.json	7118	c0df09c75b2e4f3e31fd4aa401e4d562f6b8ecf692e008428cced12be8fae125
reports/v21/golden/trace_gold-05_r2.json	6951	6c82e17a05bfb3243ea0bad82c61cfb9294a1f99b38364aaf2ac91e83ff16778
reports/v21/golden/trace_gold-06_r0.json	4794	07e7f3939125f28f513bdceece70fb4f1c55be96a0ad3064025614d1186ad016
reports/v21/golden/trace_gold-06_r1.json	4511	835b5c446454cba3c945efb21c470950bb214687508c0fe10a080427fbf6463d
reports/v21/golden/trace_gold-06_r2.json	4512	7112fc57a28d7a0fae31d266159efd0fa8be191cf8fc6fdea020b74d05caceef
reports/v21/golden/trace_gold-07_r0.json	5877	a60a186841c007375dc4ce9e522bc112f55238a76b5df3e7994b5345d0accfab
reports/v21/golden/trace_gold-07_r1.json	6041	8e660914a5ce2c6e18c5ee2cc1f4806a38460d68b70f20f51044f02f4aa8435e
reports/v21/golden/trace_gold-07_r2.json	5970	ec5b291bdc969b80a7083d5db6ba666fbac36def56afefdc97b80ca4fbc9ab35
reports/v21/golden/trace_gold-08_r0.json	6471	9b56b7e0864a292c52ccfc5e096c5231788c0fe47e290c8bc813c5acae5c6255
reports/v21/golden/trace_gold-08_r1.json	6984	dc2df355c57e73f63aa252990cb6038c306b4068bd5916e0b9899c4406e91350
reports/v21/golden/trace_gold-08_r2.json	16724	51ba2f7d7d9440d6ff8640fd3156cfac701d333da191a281dc14db317b5ce83b
reports/v21/golden/trace_gold-09_r0.json	6132	0a74ebb8431251a7c0d6196afbb058fe44acdd58cf69c1f25ddd5c9ce8474040
reports/v21/golden/trace_gold-09_r1.json	6262	e5e8b4b9f2d1d3b4e92d3291b43efc3f824c2d7b45528643128c1355f886910b
reports/v21/golden/trace_gold-09_r2.json	5884	552fef66f4d44dfd1482b5379df151fa64fe18c45b7c664774362ddfea71eacc
reports/v21/golden/trace_gold-10_r0.json	3518	9233f9c6edde774ca52b663b5629dff61de7790314a939faf4c2b40cba797ac1
reports/v21/golden/trace_gold-10_r1.json	3534	f530a78a6ba8f7b0c2d4a98d7b3429e7c8247aed1b9f8dabeec86efe10af3da2
reports/v21/golden/trace_gold-10_r2.json	3564	2b6fb2bad3553104d62b1fe53a18ffd6dda4e186b41d62c6b241cd03d8833b2a
reports/v21/golden/trace_gold-11_r0.json	1531	9ad6ad0549d62e852c4f94d91c5d48dc7fde1a8fda3d6f30d1e0d06212bd9566
reports/v21/golden/trace_gold-11_r1.json	1624	bd3f08f97571ef6e10b035ab8c4954e1acf688fa206fe9ee0ff9cd8460b2569f
reports/v21/golden/trace_gold-11_r2.json	1532	d61ab4e0b502b4ddad3a72238533e3dd2338bb36aad43a5083ac8940421f75b6
reports/v21/golden/trace_gold-12_r0.json	6071	6789d772e89adbab1bfb203fe5e1819f3122da91af229ef624f9c6b8605d4af1
reports/v21/golden/trace_gold-12_r1.json	5603	71fb02c4e764cee0943afa762c155b0a6c0b5e0a7daa9f24ebc94dc1bc25e66e
reports/v21/golden/trace_gold-12_r2.json	5688	9bab11c212b704e199f50ed1c9f05e9c28f508dbcaee3ed2fcfcbb693ca8c142
reports/v21/golden/trace_gold-13_r0.json	4723	c09885a3d6f7004da2262c85170879a37e8070f86347e5bf6fa10b2540987520
reports/v21/golden/trace_gold-13_r1.json	5994	0d113fc0a432af287371cd215a19d8adaa6704cb4bee1cd54723ce5cf48a14d5
reports/v21/golden/trace_gold-13_r2.json	8169	ea7e35581998b00d94bad3540018c3c553a8dc0a96fe2c4e5582d4857d25237f
reports/v21/golden/trace_gold-14_r0.json	1472	4c9575829abac9199751d5a49e45220845b541f672793e0aca80ff387591ed92
reports/v21/golden/trace_gold-14_r1.json	1472	c069a51183457c3b4d72e9867eb40678c7350b3bef7f8fb5caf4e1078c2ddc26
reports/v21/golden/trace_gold-14_r2.json	1472	54f80aac81d378b37169765c7c4b2df93d4c0ef985ce28b74942304dacb3e56d
reports/v21/golden/trace_gold-15_r0.json	1547	b779a38d2d35b03e53e2f0a68b9ff8658343f3070e493a7888817a062a50c0c0
reports/v21/golden/trace_gold-15_r1.json	1528	a2f4fed4e8901bf41f6ec8b90c7e43277031dc7900d9d213f9d965ee86a7c471
reports/v21/golden/trace_gold-15_r2.json	1528	1237c65bcf2ea6934812ba1d33c707194f58491ff9497588ab8d316f2391962e
reports/v21/golden/trace_gold-16_r0.json	1467	120861af57a421da1bd6980b74b7148bf3217047d4f1001db0ed416d9f679585
reports/v21/golden/trace_gold-16_r1.json	1466	ce4f23aa75b504d916e2c25c9b183214f5fe4078aa0a4db08232b4c4535f93d5
reports/v21/golden/trace_gold-16_r2.json	1467	cb733ea1d7777181e6f63c3c4373a7d8b5a8430d2a777ff1999d582559bd26cb
reports/v21/golden/trace_gold-17_r0.json	1494	544fbc19234e5895277e004ffe230a3d27c29ee2fb7872d0d725d38226706ed4
reports/v21/golden/trace_gold-17_r1.json	1494	39558116d7ab91fd77c7f812d10fae784cf8f03263d0b12c86417dd9a4c26952
reports/v21/golden/trace_gold-17_r2.json	1493	b55b2f0635586de478891ffe715c8e70a74676469969f6efa5c49717e33cdde6
reports/v21/golden/trace_gold-18_r0.json	1497	f0acaec17b6492e56629e22f216d71dc07d774eac30ca77e2ccdcf184c508021
reports/v21/golden/trace_gold-18_r1.json	1497	d995834ca05933ddde05e48251a9de7d538c25e63ac992c9edbf80879e3594f7
reports/v21/golden/trace_gold-18_r2.json	1497	316cf9f08b712ce93e97ca6718150639234d5f3c9ab1f673a3c821b2df9ec223
reports/v21/judge_verdicts.csv	76491	a32909a09231180437fdb2b21f07ec5610c7352b64acfd6964a940bf02039cc8
reports/v21/metrics.json	740	3b76bdb2a706a0b33e0e420df905747b1953a28b04f817dcc4fef9dd8fdc5688
reports/v21/recovery_manifest.json	436	8fcaa32f1a3ba8cf4d465ea7e3d9ec973f992a45e0ef2d398f7a4fc7ad6f8740
reports/v21/runtime/system_prompt.txt	2174	4696f952d53d999256b0bc74199b8a8277d5fb2c79baacd719508cafc726bea5
reports/v21/runtime/tools.json	2587	5a3bb424fb3c739e51f8dc462de9eb448589f170692b78ad4b90ffb63293fcc2
reports/v22/dev/evaluation_identity.json	96	3883b00ad3c83da24f1d0dc232fd3440de6c8671e95955c03f69281840feb439
reports/v22/dev/harness.json	83496	a764505a0b7da392ff9bfce8197be65ec6c618f1bc9d3b0c3354c192b644bcdd
reports/v22/dev/harness.md	4688	d24725866f55bede12249aa097f5e9dfde347aa3990ec8e7d5b13d6324f38b64
reports/v22/dev/trace_dev-01_r0.json	4544	87dd35d0b37b9bd284c1c60b4238439bb1fc2cdfc37d47919e8f2cd99946a0d2
reports/v22/dev/trace_dev-01_r1.json	6772	4d0807f83ad82a92373c9c0c38d13624db2eaebcdc0a4a1752673f7fd38d7bf2
reports/v22/dev/trace_dev-01_r2.json	4567	c57b08b3e1f581882e71b0cc320d0efc3f49af70ae47c5afdc6d1f5d80c8c74e
reports/v22/dev/trace_dev-02_r0.json	5200	c70ba0234e307066c9daa2e7f27e4e2aea99ef5623a9d108a9b6b800369f20ed
reports/v22/dev/trace_dev-02_r1.json	5117	1b41da049dfe78f9089dc98fc89a6a4425df22b75e165c804f3fe5098b791aea
reports/v22/dev/trace_dev-02_r2.json	5277	52adcee6f99f04e632cd7a4ff8c6de6e2eeab5260e424ee0af4941a67bc12ce9
reports/v22/dev/trace_dev-03_r0.json	4094	0a6e1df2390ca9644dfddacea1b49a5812de988ea47687396ff0ac5336af59c6
reports/v22/dev/trace_dev-03_r1.json	4068	2ba001e7bf5f5ca0b9fa3b6143fb00db038247f7269993a1fb70ca8c08bed174
reports/v22/dev/trace_dev-03_r2.json	4094	52d2561ad89ab683b3e5fa06090a247e3522bff37d41acc112cf0e9b8832c6df
reports/v22/dev/trace_dev-04_r0.json	4667	c43b22f6d46998fbd1d2287ceadf07fa8d364b3f7f14522fc386eb555416ab08
reports/v22/dev/trace_dev-04_r1.json	4126	93b264518738b87f41144062330b0dd2d35100bfe2361d204ba9437551b2bc8d
reports/v22/dev/trace_dev-04_r2.json	4288	4c946f1f6c56aed37db4a23e281da1340e85a6e4276328a3d161d95233bc609e
reports/v22/dev/trace_dev-05_r0.json	4445	dd288eac9276ede576e1b609698032b7813c8fca1e809e8275746a90e3e93ad2
reports/v22/dev/trace_dev-05_r1.json	5334	2312b762caa2580e74f61288025140692f1269d6e587f51d856d476ea3ca30dd
reports/v22/dev/trace_dev-05_r2.json	4460	9f956474d213e8ea604e68ee524d9b9ab33dc4a72ca9f8871d6d4a25558b4bfc
reports/v22/dev/trace_dev-06_r0.json	8161	e61f4ae6cf8fd83194b0896366dc32bb2fb1545141d59d030c04cb3fdddf9796
reports/v22/dev/trace_dev-06_r1.json	8036	6fddcb26d54296301ade96a40233656ee1d0ab5547ae58f63ad405711566bd6d
reports/v22/dev/trace_dev-06_r2.json	8212	94718a65112ad26ec3971670393aae8342d7577e916607ba8085d51069d320a9
reports/v22/dev/trace_dev-07_r0.json	7373	2c1cd72f790af1444d306d76728ea4696724cb6d99eee4bd4c9533014c246c9e
reports/v22/dev/trace_dev-07_r1.json	7834	2d1888b9d0e093fdef8de771a04f666b4fa81244f40cf2e57037f2d607baf0ae
reports/v22/dev/trace_dev-07_r2.json	7576	f36bdea1189be5e099546e6cf0c0062603fda2910e086c0929a3b489e7267491
reports/v22/dev/trace_dev-08_r0.json	7250	da147d4f28a4ba8611a4dc0e4cc84bab04b66a50084ceb371496b4b512ac0461
reports/v22/dev/trace_dev-08_r1.json	7289	d2ba53318eb9b3ed099ebf449893bc1a3216fcf8b75010e128fd96e7ca2dff73
reports/v22/dev/trace_dev-08_r2.json	7338	363e6f4954ea04e440c4aa5e2bb9e1e440abca82305e6eeb92252aadb07d9d3a
reports/v22/dev/trace_dev-09_r0.json	9802	8ce5d2f24e087a62bf7d87416d4167597ca401fe93f2f31bae16a766af18b60d
reports/v22/dev/trace_dev-09_r1.json	5518	e72db7e68f3f0337a99a63ce46f8034db30acc5a1e9f3dc2e4d83d44a49759f3
reports/v22/dev/trace_dev-09_r2.json	10706	0fa3e099e9317bff073de0790a64aaacd7e424c5ea62dbe76cfabd963bc09031
reports/v22/dev/trace_dev-10_r0.json	8959	3b0fbe00bd236918a677ec4dc164dd7f34ab7aad91f8bdf90e2fa03fc9655a6b
reports/v22/dev/trace_dev-10_r1.json	9473	49b4e0ef8d97b30c37cd6246157715097d09074054cba350ccb63f818ae62588
reports/v22/dev/trace_dev-10_r2.json	9682	d40e739d57d8300fb0790e7509b8db370c97c500be7603763dde33afcc557ffd
reports/v22/dev/trace_dev-11_r0.json	6755	d72d3f7945b831b67cc31a92cdba871f889a7cd86e923dd7dd9a3b2cec7bc270
reports/v22/dev/trace_dev-11_r1.json	7167	01cdd139455d0ff037e239550a2a82eb024d5ff31a2b6ddd5dff11d2835a634b
reports/v22/dev/trace_dev-11_r2.json	7703	90c1b63da53ee10268be525cbb3142be849315710c2b2638ed5e4d55c117cf14
reports/v22/dev/trace_dev-12_r0.json	6750	7f1cf0d5cd2d85ddbdf7d5024c927cbd8dc63cebd7ff82682bbe5493d0dad808
reports/v22/dev/trace_dev-12_r1.json	3524	1decf8d300f3a8c72d1b9710670a34938f6e3d76b7b6fa7ed9af8570c4b4e36c
reports/v22/dev/trace_dev-12_r2.json	3567	2fc08ca659061e14b795bb9e513de57bb8fde72af0bca6ebe6ca7abf9548d347
reports/v22/dev/trace_dev-13_r0.json	5885	53172a4022994eceee84e00027f18319e4d7378f379cbcc0c846272fa9e60210
reports/v22/dev/trace_dev-13_r1.json	6607	343f28e4229b3749129ce19d789467793fd51f725604527e7a747c26bd39c12e
reports/v22/dev/trace_dev-13_r2.json	8335	45c62841c380f366ba3c21329f05393d255c3239cc2679f84d96760f90688de3
reports/v22/dev/trace_dev-14_r0.json	8330	31da22423585858260f1785ba5ae06221a0e4321c6f9cdd291e8a906bbab4b7c
reports/v22/dev/trace_dev-14_r1.json	9019	6a01b64ff12c23c6aa1d895aa5da26fdef60626f6db23f92b8cb2a7ffaa12262
reports/v22/dev/trace_dev-14_r2.json	5340	8690c3da1e4a44817ee1da60caed2e11f80e1842b13d3244675ea54f770ebd7c
reports/v22/dev/trace_dev-15_r0.json	5101	175be647f714cb60c29eadda16ffa26f1ab8155cc9a2feb24ba56470cd4d275e
reports/v22/dev/trace_dev-15_r1.json	7308	81f79e92a7d2c878af4afe6264bdf243d921df029d374b89fccd11703a427a1d
reports/v22/dev/trace_dev-15_r2.json	6297	169add29dc437a55b68ca90ecd854116e338c1f096af1dc31e4302a8cb6d88b1
reports/v22/dev/trace_dev-16_r0.json	15145	02111deb71d4aac657a21b3ff2dab63d3ebf58cbd617e86a91a5f6d45026f92b
reports/v22/dev/trace_dev-16_r1.json	15054	94d39eb6549b15c1d037321425a16bdd7862a0b19daf662b1877e44218b140e9
reports/v22/dev/trace_dev-16_r2.json	14897	c32722942364ac47f3f6e4083728a60215b9f794e85c6e6eb3d4bc760d1323a3
reports/v22/dev/trace_dev-17_r0.json	14780	de0436e2763471d3c5bddba5e3e183e8c12ea7925f642daf80459db0c12508ab
reports/v22/dev/trace_dev-17_r1.json	11840	5ac5d3381bf0ebc0722da8c1d0a60f59a4d89e133b15528eac664e65b781b9ef
reports/v22/dev/trace_dev-17_r2.json	3856	bc86d41fb399a08c6d77f657eebe071278be37c42a9619c178f71f37d155db90
reports/v22/dev/trace_dev-18_r0.json	1859	e79dbfe469db44a39e8b22f0cddeb6a871596e95db0bd86d5d1009e74eea5beb
reports/v22/dev/trace_dev-18_r1.json	1763	461f66074c90d6a7ce6e64ee8ec0c7c8de4c19b4a0a8d1705a876fa645cb989b
reports/v22/dev/trace_dev-18_r2.json	1846	c962c82608da9905f7757f27bc9a82512d03946832ade966448b5a85b731dc12
reports/v22/dev/trace_dev-19_r0.json	1923	86682118c4b3f32988aded4fea58864830b31da0503eaa473e8cdb0d39af9c0a
reports/v22/dev/trace_dev-19_r1.json	2117	c9f9557cb2d7e83c9d8256fdd5163fb66f372472cb7d261312f20e8e6abf5d70
reports/v22/dev/trace_dev-19_r2.json	2401	3ec3911bcee8cdfc2d50d5c8b0310b719fade1dde7cd046fdfa955ddd59d58a8
reports/v22/dev/trace_dev-20_r0.json	1914	07c8638cf6a405d0c08fbd50fd4688548a10d7367aff2a04f69e37c3383c9c24
reports/v22/dev/trace_dev-20_r1.json	1966	f86878c2e68aad1748cd4371226f23d126114ddfb0d7d81e18c739f3a95877f7
reports/v22/dev/trace_dev-20_r2.json	2081	3495cc48dea74923441ed28ee8f512a06f030168da0a04be224c663284739a10
reports/v22/dev/trace_dev-21_r0.json	2043	cbd8c41899422d51aa17dfb51e2fab23cd4ea91dc93e1d82363b690814835922
reports/v22/dev/trace_dev-21_r1.json	2174	89340d463b3e70c32aefb9bd7ad63d8b9586d16e8569e279640c07c7c615c323
reports/v22/dev/trace_dev-21_r2.json	2519	005517cd031aa15f65833378cfeb84af2d3519b50b75c25e5752d5ec2c6e28a4
reports/v22/dev/trace_dev-22_r0.json	1934	20117a36706719986cff1d9ffce6ea418348256d966e683e3671080ec64b3ec5
reports/v22/dev/trace_dev-22_r1.json	1910	aa0a1d98836f71c423887305e554e78b468a08a51b74f7bc4e12a8a7c2754d79
reports/v22/dev/trace_dev-22_r2.json	1981	23ad0536dc943df20e0e17f3744546ca2076e038c8c6055fe2272cc8d6f24e05
reports/v22/dev/trace_dev-23_r0.json	2055	03c246275328036acb6743d1513a58ed38d30b9d7dcc6de557320dd147a10934
reports/v22/dev/trace_dev-23_r1.json	2042	dd2023fd3c3d855bb2f78c52adbff3472680dad21e75fa679f620d39f4428545
reports/v22/dev/trace_dev-23_r2.json	672	c35b393074a62998fbe278a0955fe0de652f97a9eee37e43e920be83ce02ad22
reports/v22/dev/trace_dev-24_r0.json	2199	0a863876e68453100a54e45b39626be52199b18b43d1e5ad64a59caf470aebd0
reports/v22/dev/trace_dev-24_r1.json	5024	f2c57bbe1079068bee81eed784f070e34059c718a1be945388d3aaab3c20a4a1
reports/v22/dev/trace_dev-24_r2.json	676	9d36c78b9c16e4ec1b1bcf930bb02bfc45804b4846e70a9f71a6b31ec1cff83a
reports/v22/dev/trace_dev-25_r0.json	1988	f8cb1e89d9fa5ad2ff5b054ccea0dfaeaec93c39b0f20d32ae335b6bc0a65695
reports/v22/dev/trace_dev-25_r1.json	1986	0b1f848d7ac5a46a98ee662b83a88c90e392ff928a6720661a974eb335b07488
reports/v22/dev/trace_dev-25_r2.json	671	3e96874de884ad1720681dd87a4ba700dfba1c053bfa1163e07346a3759e3893
reports/v22/dev/trace_dev-26_r0.json	1575	bca7794ad7b64e2081a8b0163a90bfd1e5c8dee4c95f6b845ff23c9a92cf35f8
reports/v22/dev/trace_dev-26_r1.json	1569	16bf717cdccb4a14758c3e2f93c8ea2749e1aa62953d05b2e6bdd6fd324896a2
reports/v22/dev/trace_dev-26_r2.json	698	2183b6ce6fafd733861dd520ceb55e058f637e92024bc6f3f06ab2ebb0ea58a3
reports/v22/dev/trace_dev-27_r0.json	1746	ff5a4ce2e838f238f77a91efa563c025127f57afe052d4763d7241b1cdea0077
reports/v22/dev/trace_dev-27_r1.json	1710	eced3196f62f02cb283af7b07c238a88c0ad5730863c6b2eceeb5a83d00110d1
reports/v22/dev/trace_dev-27_r2.json	706	4f3828d01f6e04aff597531f1498ea28bdfa267e3e35def62ab791792eb93f56
reports/v22/dev/trace_dev-28_r0.json	2582	a92881031ca6b758268397673c3a98a179761700909bb1fd2fbdca635790e81b
reports/v22/dev/trace_dev-28_r1.json	2616	70a01b77c8664f642316c7a6eebc827365031cf35c982b7355ff61e94805585b
reports/v22/dev/trace_dev-28_r2.json	735	e543830254a46247408e33c016a3ce82583ba58a3f6cf6cbe966c9c188c11267
reports/v22/dev/trace_dev-29_r0.json	2825	ee37a2a9851ba3d201395ad12df4baa96b5429345d68798109f50f7d4fad8a7e
reports/v22/dev/trace_dev-29_r1.json	2217	d67aafe3fe79f511c6c036767ad04e2ea43e52bedf122912e72930f4fec2e410
reports/v22/dev/trace_dev-29_r2.json	724	bda416c03cfeca61f5bcf3d36feefaeb488255ad25b62468ad90c1ffa8613cfa
reports/v22/dev/trace_dev-30_r0.json	1857	3a63619baf6e97d4ef6c5ccb5d1f9c33b8c502d0f0ca4251559d589a1702fd11
reports/v22/dev/trace_dev-30_r1.json	1868	e5ce27c781d90ceb8f2824b7585ce9857a0115dc8fd258e2870db1dbf94bda92
reports/v22/dev/trace_dev-30_r2.json	712	5f3a97a205243193be4c476c5554345de517273c11cba4b72ee1c2b8c730cd9b
reports/v22/dev/trace_dev-31_r0.json	1437	81b3cb0220552edacf2b45cd92a33060caa78e1bfab54c48368444e39f850aae
reports/v22/dev/trace_dev-31_r1.json	1436	35bedc3511e2bad295ad36d85a0bfc415034a8b50595921ffdb4dd1bb6933f94
reports/v22/dev/trace_dev-31_r2.json	684	6b5cfd940232981b4740aeb6f36899ec54e11144bc12b7aca5c604f7f060893e
reports/v22/dev/trace_dev-32_r0.json	1506	115e329d5e795fed9c41af713ca371006f27a9c3726942d7b927ea801bdcf6f5
reports/v22/dev/trace_dev-32_r1.json	1510	b7cbf264106306593497e883f6afaebea15a946da274339d2aebec403b52f6a0
reports/v22/dev/trace_dev-32_r2.json	700	63a6214ff32ec96273f578111805a2ce6e05d243cd971d5ad05eea3e2827a455
reports/v22/dev/trace_dev-33_r0.json	1493	73d63ef480b38db5b07813cf49473222b540d6e7b23bf267a44cbc47490f8dc7
reports/v22/dev/trace_dev-33_r1.json	1492	1737731e2748d06a44127f48ac2399eb1e65ae53a8dbab73da7856c2aacf3e47
reports/v22/dev/trace_dev-33_r2.json	697	7fea3821eec718219b4a18795384e7e897ed9670095b6e2502205bc154fee9a4
reports/v22/dev/trace_dev-34_r0.json	1490	af67bf7b468c45cf265a8d5ff9149aae291eb8bd59eee1c033f6fb5d8b4f768c
reports/v22/dev/trace_dev-34_r1.json	1491	cb8e8a74ea343e8b7d3a308e3e6ada66bdf1b7f247745f4f29d487d4368fa77c
reports/v22/dev/trace_dev-34_r2.json	699	2cec501bca420832407d4c943360c1cef808d221382c08e188d663a3c3b69eaf
reports/v22/dev/trace_dev-35_r0.json	1462	b9c9d2028271444f83d646132090405b157177fd47cc0d7625af3673ddb1b7f1
reports/v22/dev/trace_dev-35_r1.json	1456	7b62a2beab0b1d3d77376aec58efacfcca986417f719f02fb52c5a3707169a1b
reports/v22/dev/trace_dev-35_r2.json	693	a6feb55ba0b9870178eff0137d3e67a34a6d4bed535dfe3e6eaa2f9680370f5d
reports/v22/evidently_ground_truth.html	3655674	46b07ec858a031e14aa2f081dd5cce5c52a748b37da75f4fefb9f5af04971408
reports/v22/evidently_ground_truth.json	1325	466ff193f642131485bde6e1337378fc4c1a350fe1fdd007eaa2098f3bd9a306
reports/v22/evidently_judge.html	3656757	fff8379eb4b96d1c18bd1ae7652edbee45319987f2ce0330fa6b95d608f525fb
reports/v22/evidently_judge.json	2642	3ba08145fe52d7727569050584f35e92350e8d87a58990268b55a5ea2ed71823
reports/v22/gate.json	412	8638250207fe8e47dfa2ceaafda2fdf8a36407ecb21847577879c582a3c1656d
reports/v22/golden/evaluation_identity.json	96	f9f87d6adb487dc6ff7552718bd523f648f427e6312347d28cf4872869f4301e
reports/v22/golden/harness.json	39149	42cf16578d4ac2f6037c02a92ad1565cded3bfe3461627ec97dd164dfb823918
reports/v22/golden/harness.md	2959	5915ba19faffb8629182292bba3289e9f4a713326fc27957496e587cce2dbbfb
reports/v22/golden/trace_gold-01_r0.json	12502	27ed9ddfb238e1dbdc7a7054917597901c4e4e5a322029220f518761621e1d47
reports/v22/golden/trace_gold-01_r1.json	747	b7dc1de7cb98f1ebb3b6e97b901af745026d4597188c3e3ffb6bba1fe8dd5147
reports/v22/golden/trace_gold-01_r2.json	748	9a288bbebd81f165263c6bf701fabeeed90a13b3ba801db8aaba0c4379e5c5b0
reports/v22/golden/trace_gold-02_r0.json	5194	116203bfa023a62b438fe2235bd36e49754022a4e8d2c5910d91b861bf8eace0
reports/v22/golden/trace_gold-02_r1.json	713	f17a5ab0330af325e6f1489b25b72b9e282c8145669a59f76202c00c84341482
reports/v22/golden/trace_gold-02_r2.json	713	b02e1fa344fff9c6992b06a35e9dc8b7762817c4eb68ed546a299e01b06690de
reports/v22/golden/trace_gold-03_r0.json	4362	8de7e7f8c7bbbd948f5eab9c24b0a38b7bab5ee64406e56e22eaeb260bf48472
reports/v22/golden/trace_gold-03_r1.json	716	da498addaab71091841841bf8de5082783c037e52e1bc8d1f4319d009793bb15
reports/v22/golden/trace_gold-03_r2.json	717	5c5b82109b0f12f005c6d034d85294439e3af9e38c41c73dd3e29b3acca4f673
reports/v22/golden/trace_gold-04_r0.json	10195	effaa1653fbc1a0796f9ab3c8c454765c585705a0cd63150bfd7d0ddb28cbc2c
reports/v22/golden/trace_gold-04_r1.json	756	b9c23df96950aa8a089a7bff8a6aa2c4e518acf5ab334f272d56ec0b486f8993
reports/v22/golden/trace_gold-04_r2.json	757	eb75859468eb9433b417bae5fc839e8052df965f236b5d675597f32ee19878ef
reports/v22/golden/trace_gold-05_r0.json	4927	2dd76bd3dde56ff450fd2729108a350e3a9c1e65cb48130b58df2eff9a00b6db
reports/v22/golden/trace_gold-05_r1.json	752	a56e0a2cc190fa91eb9df00d679c63d6479d0adcc6b770ad11e8740b946af1e1
reports/v22/golden/trace_gold-05_r2.json	750	155753997b30c160f5ca34e4fb2152cf1bb60176c84d92395b503ca36a938b5a
reports/v22/golden/trace_gold-06_r0.json	8047	8a0cf9e098b8be0469cd928867e04da7d2424256533807e13cb379b17ca16f0e
reports/v22/golden/trace_gold-06_r1.json	759	4da19458d6c8c25834823d1f1edac296ff802c0389405f731524dd628f975024
reports/v22/golden/trace_gold-06_r2.json	759	645179bdf85064523b23b876e5a784fa4743f116645569987057744a0472899f
reports/v22/golden/trace_gold-07_r0.json	2778	dfdd42f90d685df50328f0a5cfd4d7efc5f581c78a40e34a2796c04e91cec4c1
reports/v22/golden/trace_gold-07_r1.json	735	522afacf38247bf44c859d3ae4e9ad2057fb857a240343b470b16d43723281fd
reports/v22/golden/trace_gold-07_r2.json	735	8ff29d11dda46c1e477bfa66cac8bf17674ea0196a78f78757d140fed30e2911
reports/v22/golden/trace_gold-08_r0.json	752	f3b7d4ed75528c764038a977a609d18b27952729447847c673aab76eee9a1709
reports/v22/golden/trace_gold-08_r1.json	752	b1358e917693b237e2f85c54015ae4c0cdb6793bd397f6f5d3fa4e04eb5b6458
reports/v22/golden/trace_gold-08_r2.json	753	99330648b1be759ed1beb56d3e7b9b02be624670922a5c31a95bbd7cee2fac2b
reports/v22/golden/trace_gold-09_r0.json	758	683db864e0a5a2859cd50f6f46e97d4f517d1414f89cfca9384889966a26431d
reports/v22/golden/trace_gold-09_r1.json	758	5f42e497f9f7090c403649e2f71c0915be89e1a9552e01888e223cd16aecfdca
reports/v22/golden/trace_gold-09_r2.json	758	ff9b930169820f13f530d4588f1c944744776b15ef45d97deb0144ec0cd44ce1
reports/v22/golden/trace_gold-10_r0.json	719	38e122655fb98d3205c7b148465010987431499ee5f3605992cdad3cdadd8765
reports/v22/golden/trace_gold-10_r1.json	720	6bad43aacc8bc524cb4752080a6b985788fb49bc43b38b6174eec209495b69ee
reports/v22/golden/trace_gold-10_r2.json	719	4784ada5b707cf78809a978d4d3ce07aa8eb8f8686fdff9bed9d52989c3dc37d
reports/v22/golden/trace_gold-11_r0.json	727	3536127e1bd735d25da1cc7bcac827e46c8ec8bda8ba635316d963ff0c0fed00
reports/v22/golden/trace_gold-11_r1.json	728	f2087674d9d2647626ea72a5efb347ffcc93770746750755bd4bb9bb2ec64f5a
reports/v22/golden/trace_gold-11_r2.json	728	5628d8cc515925c761aa1d2fbe13c2f911f18b6ff60c107e3c879e5f579b843b
reports/v22/golden/trace_gold-12_r0.json	712	d15bd6be8b95b0002a6ac02b688dd0ad45d6717abb0928c9a154272d12d9698d
reports/v22/golden/trace_gold-12_r1.json	713	855ee1241d4a33a6c7e476c088c9f8c63a8ab2367c1808c394fa2be14fc54341
reports/v22/golden/trace_gold-12_r2.json	713	58b1b4dbf823c755afbed06c358e7ecc6bd1c02d3b3b7fd157306dfb3c8b561a
reports/v22/golden/trace_gold-13_r0.json	702	c0d7ffeb4d207a705fa35c6dbe846f4cd0bd98d23d134c43987097d9839a9107
reports/v22/golden/trace_gold-13_r1.json	701	c9d947690c9afb8357523117a236148b6bcd45b8b1756b0d5c2c402a367acb28
reports/v22/golden/trace_gold-13_r2.json	702	6c024ae35b703662e5316568e2cc4a24e1fa69e3f4eaba0e0388fa610a60fda9
reports/v22/golden/trace_gold-14_r0.json	726	9a3cff015047a504078790fa6835e70034b8770f627c37e183c82186e23247d1
reports/v22/golden/trace_gold-14_r1.json	728	c2f86ac3c2b4e9dc584df92b75cc1203422df3b334fac4cd1ea5eba0fb302698
reports/v22/golden/trace_gold-14_r2.json	727	605ca68a047a21430c9ae9c85735c21897f356800d1f6c1c0bb8dc96a6a95bb6
reports/v22/golden/trace_gold-15_r0.json	765	763fd0ee61e54105a28b61f6022c576282bfbce661f69b6c0dd8ae494f7f2b9f
reports/v22/golden/trace_gold-15_r1.json	766	67dc83b77553692f51dfb671bcf5f7eaa265de7f7870b97945cba157d8feb8f8
reports/v22/golden/trace_gold-15_r2.json	766	8a2c9e4114fdc0cfbfd43eab1a4807b21c8ffcd26e8c9838794871cb41844740
reports/v22/golden/trace_gold-16_r0.json	713	1aa53ef2c55697d3cc02faf79d14c759c41b0489bbe73257166ac7a5121ecfd4
reports/v22/golden/trace_gold-16_r1.json	714	e69ad1bf1fb0cc9f3767009f3f9c4bb24029bfeb746c4e074fdaee9821be6b13
reports/v22/golden/trace_gold-16_r2.json	713	f9ce97959840e3a0a5c55b25e5d75fc8f0b3922d2211cd1bbf18ed26fbf19ffe
reports/v22/golden/trace_gold-17_r0.json	728	36cd7eaade828c4a905167a5b76e37f64e7bdf04c419b40bdec851fd0ff4e083
reports/v22/golden/trace_gold-17_r1.json	730	0949ce9489629dcb6d42d33942fc57ebfde42b57dc086b5d5ee1dbf1c7963e72
reports/v22/golden/trace_gold-17_r2.json	729	4bd98bcdd7e31ee63158e23e964d74a49f0ce72c57e92e2ab8ab10dbd5165c16
reports/v22/golden/trace_gold-18_r0.json	727	224dd94f1d85dd50d163472e4d23b616ee22a3112ff7e95d984e539c4d543ece
reports/v22/golden/trace_gold-18_r1.json	727	4a186e0623274aca06d146db2bf27b02a928ad62017aac04274efe7e22193c71
reports/v22/golden/trace_gold-18_r2.json	726	3c17d915c5297790c32b86a697b641ef37960cd4903bdcb95055949500cca335
reports/v22/judge_verdicts.csv	62445	41c0b14baec85a41674a8f2fba41fbafb82f7f4f735e5163fb9b1a5ee26dcc6a
reports/v22/metrics.json	725	52470b3025f098023d31e5e38e7773674b7689733bc314dfea5d33206e08e1b8
reports/v22/runtime/system_prompt.txt	2174	4696f952d53d999256b0bc74199b8a8277d5fb2c79baacd719508cafc726bea5
reports/v22/runtime/tools.json	2587	5a3bb424fb3c739e51f8dc462de9eb448589f170692b78ad4b90ffb63293fcc2
reports/v23/dev/evaluation_identity.json	96	95be2328734e590f4172d242cad2a91700ad92e4791c24c57595af7f3919b242
reports/v23/dev/trace_dev-01_r0.json	2899	da10699106e3aefa7a9c9ac462e72d23f67514c7025f4ca5791f6ae2c59e0334
reports/v23/dev/trace_dev-01_r1.json	714	d9f49fd21b9fc562b214ad399785f29454b274f01177507d389e62c3856e5b46
reports/v23/dev/trace_dev-02_r0.json	2832	4496cf2a3b20813dff35e06dc6be7f4ba5c5733f9732de29eabeffa69584bee5
reports/v23/dev/trace_dev-03_r0.json	2932	8d7b65077d2666b80a12d747d6a1044e8b96a71fd0f68eb69b8205ad61268062
reports/v23/dev/trace_dev-03_r1.json	699	b29d5e80c8e0951023558e390cd9d5caa082f0ea33d212b3261406e9e0f801c0
reports/v23/dev/trace_dev-04_r0.json	2842	035d7bdc8086b28bc734f5dbfbe7658bc08e8f907caab6435fd6d68c308be7d3
reports/v23/dev/trace_dev-05_r0.json	703	0dc161cfc19265d216ce64ca6e27c7be9e8091d9ee0245752a55aac2188295e7
reports/v23/dev/trace_dev-06_r0.json	722	38d2e0f5d4d3db30c5f689faa2c9e333e287bc9d22f435dac832b6e018f67282
reports/v23/dev/trace_dev-07_r0.json	718	a967d8d1c4192654dbf0d192bb0c9b28f765371c4bb8b73c65dd4390badc4fc4
reports/v23/dev/trace_dev-08_r0.json	724	bd0d376b6662e5c87e7ef02013ba53e009d59d5dbc92f73f25a67f3b340bc90c
reports/v23/dev/trace_dev-09_r0.json	716	60a1f2064aa3eac73dc8be7225aecc1cdbf3ac35923fbf7ac3de437c58cdca12
reports/v23/dev/trace_dev-10_r0.json	732	3a064d61777dd5027652e2bbc23bf03a50a74fc298ff04a1a75c58648d09823a
reports/v23/dev/trace_dev-11_r0.json	700	eb8ce8c0beac38695c001dd432e4df8feceadb7ae9879e681ea0a6d033caa77d
reports/v23/dev/trace_dev-12_r0.json	718	8ed68b830b9d415e32bee5c2309bfc103718b4c5ee84f3c29fe06ae6291b7d37
reports/v23/dev/trace_dev-13_r0.json	713	05fcb7382b8670c798b5b263ca9ec1e9fbbc1340af68dd6c56693837c8a5e7b0
reports/v23/dev/trace_dev-14_r0.json	719	7fb602df8bcd50c4948d93601ec08f474fe428f60d5d3294ac03868118676ba5
reports/v23/dev/trace_dev-15_r0.json	725	e2100d7be547e72705176a962ee4ba394cc55d19f371bdb1c1ab8012ac923196
reports/v23/dev/trace_dev-16_r0.json	686	de0de4ae4d8d65c9ef0be7757268dd7409a06c0b9adf03d0c5aa2658783c859e
reports/v23/dev/trace_dev-17_r0.json	688	773620679eec11cbf491da6ba1ab3be7e541e47eaa92783c8fa3a7083c7c642e
reports/v23/dev/trace_dev-18_r0.json	693	f406a9888b303d94d9d825d6f4536a5dc802f06c2627b503d94654b7b0827f48
reports/v23/dev/trace_dev-19_r0.json	689	e04b9a9a8dc305a7d058e469f4019740c9580617e3ae62880f1690db3a35721e
reports/v23/dev/trace_dev-20_r0.json	700	23d1b6c6bc634a012f0867b4c3ce627c00a22570cb663d2d812697edb540bbaf
reports/v23/dev/trace_dev-21_r0.json	678	ae4472df10f4b9f6b561c0868dd59326703a9c992a2551e6e6f78d1ab5fe662d
reports/v23/dev/trace_dev-22_r0.json	667	341a78e6043c7390fdd065e6fce00e79fc462c7afe9f59719170cb433992e2bf
reports/v23/dev/trace_dev-23_r0.json	666	24e63d1dd4b2ab45c2329848d368946cb9e7cfd04ce500cb43cb0f97a6ed127e
reports/v23/dev/trace_dev-24_r0.json	671	3963498a03ee9f560db5bea7dc27ffead338321c5ab350a410ce3b066763fed2
reports/v23/dev/trace_dev-25_r0.json	668	ffcea12779d06bb84d60e2a6809928e7e88fead9ee8efd5889db31bc33c5d313
reports/v23/dev/trace_dev-26_r0.json	694	0c3d5322c42c8a424fef46bc3b04d9ae9a08e36abb90c7cb7a32368737b85077
reports/v23/dev/trace_dev-27_r0.json	703	9b2ce1521b66108218c0d3e65a1c145967f0a502f0013c171418e1951e9610bf
reports/v23/dev/trace_dev-28_r0.json	731	880c0c369bedfa85ca4b2c50099af6aa85965f50a7c898039dc2c55c98d0d637
reports/v23/dev/trace_dev-29_r0.json	720	550175c1223c9304e6cea820ba5a5d3bff6755d8a2e391ff60c662a4bd51ef20
reports/v23/dev/trace_dev-30_r0.json	708	d25707a98668e3cbe2cd60e254924f51ee2d61d5adb226f6e20e0fa34a9a9fdc
reports/v23/dev/trace_dev-31_r0.json	679	05da8a36d90c446f6de7e34abc6d22f2c79fa5e05c8d7c097e135973e3c55e51
reports/v23/dev/trace_dev-32_r0.json	696	69c37e6b9ecc1e15e8ec6c07a0fe0b03bfbcecebd02a0696d4444ef1e1fd532d
reports/v23/dev/trace_dev-33_r0.json	693	be1e9404d416cb33b41318258d50b0a18bcd48a47b9099c303eaaffe50d99eff
reports/v23/dev/trace_dev-35_r0.json	689	7e9a419f2b599ce57ac33f74551894f077fa1bb238f38aa0efabd09ebb6beafb
reports/v23/partial_manifest.json	480	63e1661c22e85734875db41a0d42e95d330684bcf031001ec34d958d589ff77c
reports/v23/runtime/system_prompt.txt	2174	4696f952d53d999256b0bc74199b8a8277d5fb2c79baacd719508cafc726bea5
reports/v23/runtime/tools.json	2587	5a3bb424fb3c739e51f8dc462de9eb448589f170692b78ad4b90ffb63293fcc2
reports/v24/dev/evaluation_identity.json	96	1dfedfdc727b7823a7828af5233c5930d229ad1ed0a63c5aa86eeda98871030a
reports/v24/dev/harness.json	74754	3e3058f2b323b016e6c23e14df564942424f9e6d9c385bb323c28671caa0e46c
reports/v24/dev/harness.md	4981	10023197a15b41f3565837b2c028082e0d24dd287bc617957c2c2c4a69961540
reports/v24/dev/trace_dev-01_r0.json	5747	3fb91f0fce70da5cbe46e71a3c97f1654dd8f0c31a4c1a2c6df5f6e15c1acdec
reports/v24/dev/trace_dev-01_r1.json	2832	cb649a5e108ddbaa045d691ee74232c6f4b4a82b877c060f4c6aff5a92c7a787
reports/v24/dev/trace_dev-01_r2.json	717	63b3cc8f6152b768de74f799288c7bd36281ef2b8a168ce8b43ea40f4da631aa
reports/v24/dev/trace_dev-02_r0.json	6248	d5c7348336190326da2b147d705a9a129e42086dc351bc77146f6386a3313174
reports/v24/dev/trace_dev-02_r1.json	5252	175bd3928aefa17c4dcd07a8914f76aa54b3ccd38a75b4f1c32b848f1d0f9b09
reports/v24/dev/trace_dev-02_r2.json	683	d949d365da59f2d2049eba1015a63dd0f26c98a1a998d1b35a037fde4b5777a2
reports/v24/dev/trace_dev-03_r0.json	4480	f094f4c144007e61e5bb2e6e13ba3362749be3fca2a2b61c3c5e490f4b38be38
reports/v24/dev/trace_dev-03_r1.json	4444	cb4c2f222f7b9f17011f9a84752748001dafa5492c56b0d38a06231c4910ca24
reports/v24/dev/trace_dev-03_r2.json	704	5cd0c25284bf90d10f5dc040244d3825eadb064e0b3541266504bd51d228ea1b
reports/v24/dev/trace_dev-04_r0.json	5394	58344559c7fb9e75ab6dbab9d98dfe378bfa2aff8d2962bfdd005a1109541a02
reports/v24/dev/trace_dev-04_r1.json	4386	32cf3c3e910f191304744f926080029d989c6835f976f637cf5022930326f78f
reports/v24/dev/trace_dev-04_r2.json	687	63629f59eff98cd24c40927c000cb34ec73f11622282c6198e3d65bbc8db6fd4
reports/v24/dev/trace_dev-05_r0.json	4782	84302d2cbb3afe0d9410e334a30ceecfbe58f194478487b2a7fac2254a7d0a04
reports/v24/dev/trace_dev-05_r1.json	707	198f87b36dcc7df5d1aa0ecd7b28d79ae55009e375a265900a400c7b9b4d18fa
reports/v24/dev/trace_dev-05_r2.json	707	c445ce55ccce1175adddd64f6565d773298e9f1b8cd4281bc1b81c2bb2cb849c
reports/v24/dev/trace_dev-06_r0.json	7034	560289685c176519be9445b3b2c1c772a5c4b0aa69f65c5b974c24bcf853fc1c
reports/v24/dev/trace_dev-06_r1.json	726	5d3ad57743c32f1957fe7b6b577115a3892b5bfd11cf5e8a9049fdc3ea58945d
reports/v24/dev/trace_dev-06_r2.json	727	d63b8fdf0b103af3e30fb08c61b5e7c8e9c754bfeaaa68f9cc01f7cb03aa4aaa
reports/v24/dev/trace_dev-07_r0.json	8456	5ddf25b3e51517eb255c0993d1eccd3282753c71c660cc706e120e71cd03e3c5
reports/v24/dev/trace_dev-07_r1.json	721	f37d82bfda6eca770834b58b16c15b82188a43583bf3657751a941df80e29514
reports/v24/dev/trace_dev-07_r2.json	722	26ed67646dd8a5424292b5fbcf9930be5669ca7c129792bf9347011925382915
reports/v24/dev/trace_dev-08_r0.json	8857	0f60955141c1e1193aafc59b01eabc7c9cc6a5168ac721e51394d6fb00dfb874
reports/v24/dev/trace_dev-08_r1.json	728	aed45341e6a52338ac9921af6a5610c325c7efe97ab7403db02fc6a65d933f6e
reports/v24/dev/trace_dev-08_r2.json	729	c1788f6f0c27a8a32939ba70c9e33eb3f764c584622a935a492b2d7b989a9b2a
reports/v24/dev/trace_dev-09_r0.json	5036	7febbdce15121918602215294708e90c0bcfa0ec00596c128849bd460ed3c0cf
reports/v24/dev/trace_dev-09_r1.json	720	614c4519f7152c3e9bccbe42f52c7351e07aee8e2e21688389382a48b32d36eb
reports/v24/dev/trace_dev-09_r2.json	721	50d5e3bbd439e09b76fefb464278e31a77892731c396a33d4de2903fd85f6a84
reports/v24/dev/trace_dev-10_r0.json	9875	d0f68330844f3e3c5617790a1a2b39b037287b5ceaa036b71c54b325d1a43dac
reports/v24/dev/trace_dev-10_r1.json	736	36c58ff78fe354061c0b343a1b8e30fa17c0ee7b8190fa2169c6f66eaa50fb36
reports/v24/dev/trace_dev-10_r2.json	737	78c326aeb974cec4e61f250deb8db94d38d2e713062a5e2a13e37a365ad8cff4
reports/v24/dev/trace_dev-11_r0.json	6753	9831b2da0a033019d7c241ead95b23d81546ce227179ee1a784d1cb0876e481a
reports/v24/dev/trace_dev-11_r1.json	704	5b0cc2b6637571ad710e009caae13c8cc02523a006a64b57718f07cab5dc1e89
reports/v24/dev/trace_dev-11_r2.json	705	ffbb73b65cef51bd43e3c57e417eb1c60c9078cfdd0a5b9d022819031eda2ee1
reports/v24/dev/trace_dev-12_r0.json	7613	1af6971ee9389db97597872de6e512be5b2af86a0c474b3a9a37a9134801bb86
reports/v24/dev/trace_dev-12_r1.json	722	aaf57ca7b34762d1e7f5fe9431ec48465ada9e21e6a88845b3d94577ddfb0ad7
reports/v24/dev/trace_dev-12_r2.json	723	001028c602dc7d1f679b9d4b14c44a2daed20d7965edcc14ccbfd524df1dc9af
reports/v24/dev/trace_dev-13_r0.json	7164	09b78b0f74565c6f254d197f814b4013dc7240a2ea2183018bc17e5ad8b2e470
reports/v24/dev/trace_dev-13_r1.json	718	d8ad46344494849c3dc69c92d1212bc4e62d5c6d8f66029792c13daa492bdff8
reports/v24/dev/trace_dev-13_r2.json	718	4f4274052528b07049d55ef0b05681d0591aa3fccf29f0a0123db2380b51ef57
reports/v24/dev/trace_dev-14_r0.json	9034	f46d499ec9d1806eda1e38a579c12fb257b5c9f74fb546240c82636002fd3949
reports/v24/dev/trace_dev-14_r1.json	723	f80e00b761178cc69b382a52014f91073b9f7ae67731d59a101fcb6e24c4290d
reports/v24/dev/trace_dev-14_r2.json	723	c664c200085297eb463216e0ffb57627094adb3f7c1990617c0de5e8998f7098
reports/v24/dev/trace_dev-15_r0.json	9828	5cab38caedc0f1acefeb81ce8edb44e993612b35407ae9faa978f3144cb50eeb
reports/v24/dev/trace_dev-15_r1.json	728	b7ecdca587a8c73a029f9af88503d0f3871ded260b990604b6dd73c4eba271fe
reports/v24/dev/trace_dev-15_r2.json	729	99640f7222039bb40ef089753c43bf8bbc69957cd80d378c1918487489314583
reports/v24/dev/trace_dev-16_r0.json	4136	5f2ed47b397bf4b3136694112760705129c74300b9fc92f15fc6ad483f364ef0
reports/v24/dev/trace_dev-16_r1.json	689	23d2ff09051dda0b3971583bf48b7b167bc60cc3204a1604e0c04da12c99374b
reports/v24/dev/trace_dev-16_r2.json	690	a31c7804baba023340a2e3e144934c47f27a033d8178dacecceda7c4d131c352
reports/v24/dev/trace_dev-17_r0.json	11402	6b565bfa8f96250fd6147d464c4f582b257a72f313ecf6b12b53342eb1782689
reports/v24/dev/trace_dev-17_r1.json	691	9cfed4dd670f76759bdf2afbb2acdcf5c01cd67f58fc64553a4136c0da66408d
reports/v24/dev/trace_dev-17_r2.json	691	586b6ef2cf6b3bc913ad96977441241a0cdda371039028c5f5dfcc31421c6f57
reports/v24/dev/trace_dev-18_r0.json	1686	d25cfb66548e5e1eb3a511c9292ce58815c1a63a9e11515bcb52ef1fa239b544
reports/v24/dev/trace_dev-18_r1.json	698	20c547df5398d4a5a09befc63bbd9d56eddc08fb2ffbf0d3c93fd4b0cfbea438
reports/v24/dev/trace_dev-18_r2.json	698	e678181e748eb19bf15f55bf64ea04057682a126fb70fa2fefbd52b68aea9d8a
reports/v24/dev/trace_dev-19_r0.json	1972	bd0d433dfa7ba8649a299f08f77ae765f4ce34c50a47ba7c808c0e91ad2e6a57
reports/v24/dev/trace_dev-19_r1.json	694	9629cc78e75ed79c9129fac61dec876527e06b25b60bda18495f00cbe0ec5d6b
reports/v24/dev/trace_dev-19_r2.json	694	b255ed87b858cb773534d7d31aad25af8a19364ed419d18bb1f55a3ab9a1d153
reports/v24/dev/trace_dev-20_r0.json	1686	a98fa596f254d19562701db45498cbe264d355b1aab0f6d422cc2b4709b6997d
reports/v24/dev/trace_dev-20_r1.json	704	a2ad5f1ed0e8140b70b6da0a131e150e1ef8f07f35dc08c4ee2e8eb4de7d8e40
reports/v24/dev/trace_dev-20_r2.json	704	edbc6f1a9d800c21f76f29c1b0ab124b058f1b40ff2bac3f057b5abce37cccd2
reports/v24/dev/trace_dev-21_r0.json	2412	13f7fab345cea57a62a81ea96a5f49bdbc8c7187a8d32f367750d4df8e335131
reports/v24/dev/trace_dev-21_r1.json	683	a47ba0e1737921db8870f0d70de6fcc4697616edc22af66dd50665c1f5ed4023
reports/v24/dev/trace_dev-21_r2.json	683	3da13d7f327249eab085ec160375b879e5503d3d9e944af962e023ad85960a19
reports/v24/dev/trace_dev-22_r0.json	2147	f07cc1addd54068824efb6f8a4385841b3aed4c313d8ffe985744bcfeee4f7bf
reports/v24/dev/trace_dev-22_r1.json	670	534f15e337e505af788f3f8577c512579dafe3945d95ee221f7a457866a55325
reports/v24/dev/trace_dev-22_r2.json	670	ae7453d2f7e284e95e9c0ad094e72416c9fc8c904fcece8470ae440760750a2a
reports/v24/dev/trace_dev-23_r0.json	2147	648370ef31d618756e41e4d0d5afe228d9e401345052ac267ed5604423870056
reports/v24/dev/trace_dev-23_r1.json	672	5e955c1e839d17cc29ad9c6713ca185517f1b3d54456a80b4cb11e688cb38594
reports/v24/dev/trace_dev-23_r2.json	671	9e6f735c6c11b1fe214c9de745c02357a5287742621f97c4d9b952de39a33fcf
reports/v24/dev/trace_dev-24_r0.json	2171	378f09a361bdc544709be5eefbad57405d8d7f214393c2efa39b71d09edb7715
reports/v24/dev/trace_dev-24_r1.json	676	fbab5af155a745fb1f90e822a9e4a7e6de107ce88e5650c4c2708f0086695ecb
reports/v24/dev/trace_dev-24_r2.json	676	221356b44463618e5e59905c5b75e12897280cb9eceda20295d887ee703edf9c
reports/v24/dev/trace_dev-25_r0.json	2194	2ea3a06b8d10d1547a41c386917882a4e9155c0f98bbf471d7cf82d220043d3d
reports/v24/dev/trace_dev-25_r1.json	672	9e1f35b4e90e02c930596e61cc63fc45fbff73bb74f3cb6d6dddf8b73a18575a
reports/v24/dev/trace_dev-25_r2.json	671	e7cd2a8a00ebc3742c6e344b6e4e672cb9c996a498554838c4fe525e7b5d03b0
reports/v24/dev/trace_dev-26_r0.json	1553	43de791edae628a972a9ac4924b71292efaf73447d16bad7de766e00ac0bc3f0
reports/v24/dev/trace_dev-26_r1.json	698	948ebd8d8050cc94fc1480163a7182c64a9bcd58a2c5453207e6059afd48b2d4
reports/v24/dev/trace_dev-26_r2.json	698	51b048909ea5a21f38de2df1ef66cdd6aef374c93f5fe5496662e6b3e6d11dcd
reports/v24/dev/trace_dev-27_r0.json	1864	062dea7a36bbe0f58fa7e5ae407f5d62df0d3ad079258b6bd3a9034b6cd10d76
reports/v24/dev/trace_dev-27_r1.json	706	3aa2aa0916a7e8a6b5a33bd886c838e9f6f43927880e0e9abc84640a0f1d706a
reports/v24/dev/trace_dev-27_r2.json	706	d4e7f74375d779b179497a590fe16a9ed993238c32201e62b49e732449b2f63c
reports/v24/dev/trace_dev-28_r0.json	1576	6752a1235767a25ce67ed453c358758311948a7426e7bf94542b5da4d56f3f6e
reports/v24/dev/trace_dev-28_r1.json	736	e1833248a9aa838b9192244fef41235420680c8f52b7647490d8030880c60633
reports/v24/dev/trace_dev-28_r2.json	735	7246b8ee78156b79dbed1aca892f22711007f093cc6df2dbfb30deded297c051
reports/v24/dev/trace_dev-29_r0.json	2266	0b7ab4a3a3a3f284986c4200066e42bbbe0f41eb9deec15807c3c2f884eebe0d
reports/v24/dev/trace_dev-29_r1.json	725	f990c7848e6c98875d66b50fc45608148d5da7e79f16f1513345ce102aabe713
reports/v24/dev/trace_dev-29_r2.json	725	16dec956740068cbc71bf20a0276b3f3afdf173570286a6e9d8312f9f12b61d0
reports/v24/dev/trace_dev-30_r0.json	1916	73b4fa75864847ef70408506878f355206113af0971f93ac569638b1227b662a
reports/v24/dev/trace_dev-30_r1.json	713	b0a6942f0ffeb0238ec950105affc2ed795c497800541b278276907258538810
reports/v24/dev/trace_dev-30_r2.json	712	7f33e24705929d9ff97399d3cbfb14feba21ab940b71e0e89dc1274b119ec540
reports/v24/dev/trace_dev-31_r0.json	1415	cd8d230d377db201ed323cd2a30d0f4121322d0178209fcd1a10bd87ff16afc7
reports/v24/dev/trace_dev-31_r1.json	684	4df0fb3a067d2ff94ad8386af2567efd0101c4bd2174c268a27552c229599a6d
reports/v24/dev/trace_dev-31_r2.json	683	11f4e60d12b61a8c07c0ae03acabd4d137891a6c0f77eba7d0bbc50f78b64fa5
reports/v24/dev/trace_dev-32_r0.json	1483	f88d0e7cfe7d52edb45f395eb796a5fc8b111c8a230da3ef97ac621e32b8a9dd
reports/v24/dev/trace_dev-32_r1.json	699	2dcdaaed1fa35cd4f251c89ac0a9d01a171f8dd6e7475baa0977f9697c2d32be
reports/v24/dev/trace_dev-32_r2.json	700	413a0d65cb864055b1f8bf2111dc50be0992f2f5f67e7a86b48b0ba0082e49ad
reports/v24/dev/trace_dev-33_r0.json	1433	b77fea58baadebb0ebaca393830744121777c703cb572cc5ac5e8223848da5ab
reports/v24/dev/trace_dev-33_r1.json	696	f5f6724b9c656701e221a828426f6dc2e0ca0b20156a7757403b5c6ba72560e6
reports/v24/dev/trace_dev-33_r2.json	697	c9b36b7a98a676d14d2e7af0520a8474f765f4b0c95fc45f0b74768ec7212e80
reports/v24/dev/trace_dev-34_r0.json	1504	5f0817f8cff4d7100af78a83ac2dc9fc7d634ce63c7c6bee9b294e53596b11ff
reports/v24/dev/trace_dev-34_r1.json	699	e1e2f551797a100f2eda82e3922182e9155333c7aecadae496467f939e2dfd2b
reports/v24/dev/trace_dev-34_r2.json	699	0dde7e34ca0b3d28124bef2e8c6791f6765b52405c769348790f27489a7d8a22
reports/v24/dev/trace_dev-35_r0.json	1477	a8ed0f9d2f65d4c4a238b09314a06d4786a18546e323042faca6003833a46712
reports/v24/dev/trace_dev-35_r1.json	694	ec4c818d43ac13ebd10136576b8ab9d5aeb8c56c27513c9f21957c47ce672de0
reports/v24/dev/trace_dev-35_r2.json	694	47e61755770714c97a6b00697142baf5053ec655baf87b42f1ae4326c9ac30a9
reports/v24/golden/evaluation_identity.json	96	b870e1c5c6f67c3dfbfb2b64a25b71eb3e033784b256f0ce303227113acd3f95
reports/v24/golden/trace_gold-01_r0.json	742	4b2b52c4744a46ad1e96b350b64cb03cb5bf3159fe28ddd92863073f817ec1c2
reports/v24/golden/trace_gold-01_r1.json	747	6bd366277e96eaa7952b9812b8c1542c152d630e849b61629b58be886e7881ee
reports/v24/golden/trace_gold-01_r2.json	748	d6eccb3a06ac53d5fdb3e7faf72807458a8cea510fc9ddf0bde25325d1678e3a
reports/v24/golden/trace_gold-02_r1.json	712	04f3c9e7d63f237a15488a54a3c30328cc24da8b247da6c08db936274dab5994
reports/v24/golden/trace_gold-02_r2.json	712	77613f7b0f56261a7fb45a9551d653c88905be1050c3734cfb91427749c31487
reports/v24/golden/trace_gold-03_r1.json	716	a3b41b4cc06df19451ecfd0539b425ba0e7213ed4cfd6c90d3cf74aad3a7f08e
reports/v24/golden/trace_gold-03_r2.json	716	6e3ee6bbadffbdcdded1a7f73eec053862f241f710f318d266d4728b75df9baf
reports/v24/golden/trace_gold-04_r0.json	7676	026cb8dd1a6c729ffab8582e5e6d9f54412fca9e223ccebf25a58c69c1215554
reports/v24/golden/trace_gold-04_r1.json	756	663e6784418667bede8ca49f283bc089b0b300a27167c8bff00c4919d09d9ed6
reports/v24/golden/trace_gold-04_r2.json	757	418ad6d915d1210c036a1402eafac8d0d2e0da147a273610e3b5e0a15737236c
reports/v24/golden/trace_gold-05_r0.json	751	dd2725015c9be384d44d15afdde1a39e9e5fe0598aeee76b3efa76f4bbb52bee
reports/v24/golden/trace_gold-05_r1.json	751	d2e5bc925ae556e1ccd5e9cec799985a25fcd237e12c21f4c3826ff6c299b472
reports/v24/golden/trace_gold-05_r2.json	752	497d358108acd7d6ac9429a74148337c948b2e698041221317261e76870b486c
reports/v24/golden/trace_gold-06_r0.json	758	6ef7b89dc7422dfcdaa70bc29b8dc37ed54f918092e0e93b3ae0e82059ffdd30
reports/v24/golden/trace_gold-06_r1.json	759	7bfce85f6a629ebcb390fd8d1730bf6417cf20b39e9f6d28e0b678dee9c0dd51
reports/v24/golden/trace_gold-06_r2.json	759	ff94e2be97bb8071ea65b329e7b3a5e5c97a84e05d0cfd1a0e83a3d3b2523bdb
reports/v24/golden/trace_gold-07_r0.json	734	ce721e833fbd42bc2e3109a2b7f2dc6f8fc20c6c66eb856c42c98010f20b3693
reports/v24/golden/trace_gold-07_r1.json	734	4b1038de081874fb8c3f17a3cff1303a6370c60d8ebbc5ead054556e1cbccfe9
reports/v24/golden/trace_gold-07_r2.json	735	abf86e3550e45db3826ebcc8a198aedf2801e29e7500e7659483eb849fb336ae
reports/v24/golden/trace_gold-08_r0.json	752	dfff73367919612ceda2a476c6fa134d32f80129f92533dd8c3249c6eb067021
reports/v24/golden/trace_gold-08_r1.json	753	0bd966b8b17f689e31ab11aa63b465721f807b03c3537040440c11239995a5b5
reports/v24/golden/trace_gold-08_r2.json	752	82ca50c278b8c7dc7f24fdd463c4aff88d26a145801f81b56fe8a941384863bf
reports/v24/golden/trace_gold-09_r0.json	758	afb2dbb05854f7c113be4f5b4ac678d191972799d688609fee2a687e17f75d39
reports/v24/golden/trace_gold-09_r1.json	758	d89cc693708b11515728d710134d6ec437f5601f6a7920abef4ea3b331945baa
reports/v24/golden/trace_gold-09_r2.json	759	af57f58028546e16c029193e35cdee2adbb093bad22977613eded206c2997f11
reports/v24/golden/trace_gold-10_r0.json	720	6c4e44903ef2d4dee3dd27b8d99e753e9f53b5f6dcfff1b32ace5bc6b337c26f
reports/v24/golden/trace_gold-10_r1.json	719	7f048d8a885f0959867c634e4fd8418a2b83b36e95bc36da99df7ed6ef045e0e
reports/v24/golden/trace_gold-10_r2.json	720	48957e131eac63df76f47dd6564bdd20b5809629d3f912c75a1235e66680c03f
reports/v24/golden/trace_gold-11_r0.json	726	1845dace5d4fb28fa5d991b1b0b0bfc1c2e23caf41c679d68a9acf99d8594773
reports/v24/golden/trace_gold-11_r1.json	728	1a26fbe3db349deab9aa730dab47d451e37a09e29ca81cda32c6636d53ef6024
reports/v24/golden/trace_gold-11_r2.json	728	772c6113ad6d5f65ece62ca3e3b07c5ba733db499d14d4f5c13560b0552ce6a2
reports/v24/golden/trace_gold-12_r0.json	711	aff0cb1876bda6293c8775f4c633100f7b0a794bd1fe0dc0245cf62e3eb31355
reports/v24/golden/trace_gold-12_r1.json	712	974548e54947e4783235a275e69815d0eaf2426a6b2d8a5b40e606c856bfc835
reports/v24/golden/trace_gold-12_r2.json	713	cc0c7644529a46fcaca37735f336cfee151cfcd47231ca05ae285a7a1d9f0357
reports/v24/golden/trace_gold-13_r0.json	701	3506e8e6764fb4a4077cbdb2e3f12b8701ab6acf46177dc855b85d0dfba59f17
reports/v24/golden/trace_gold-13_r1.json	700	e3a7f049df240b539184b0a30b988e4a692a8a4d78499a7a8677b673274111a8
reports/v24/golden/trace_gold-13_r2.json	702	1705322cb8f54b63868c1c14766f675a0ca2015030bfa4f5f95c38286e82a89e
reports/v24/golden/trace_gold-14_r0.json	727	41c407dfd810d3370e864d76c0aead2fb3dd6003ced5a64572818ff1a71f6ade
reports/v24/golden/trace_gold-14_r1.json	728	fbdb33f563411e6aae7070159ac30fb5b8f4a6085c544ed9b18af10a5e63c534
reports/v24/golden/trace_gold-14_r2.json	728	ddcc0898cc95670317b3b33ebbb400d0c7cda5880030bdb5f21ffa1502821233
reports/v24/golden/trace_gold-15_r0.json	765	8edce8098cdcf2258865035d52fbaf051e64ee868a035ad41c3bdd5f97b9526e
reports/v24/golden/trace_gold-15_r1.json	765	5fc2c382ef2937661c0e8576f8e75d3b8766e6d5a8eb209fd676a319f7395cba
reports/v24/golden/trace_gold-15_r2.json	765	1897fa7a7ff1ca7f9c4d7cee5a3673ba63a14fd14bca71c98b8b6daa2821a88d
reports/v24/golden/trace_gold-16_r0.json	713	a4cc6836063be54e4528ae35b5f7bf3cdf9fba0b43389e619d2fbf76d5467e17
reports/v24/golden/trace_gold-16_r1.json	714	eb809593e86b2e4f129f929056dfd37639fe77f70ce8b57bdb586c0f3a7ddd6e
reports/v24/golden/trace_gold-16_r2.json	713	2518a770021bd1b37c26a311a7ada9fe3fe2cfc65b4a2c3928af818731f4f9b4
reports/v24/golden/trace_gold-17_r0.json	729	878d23ea7c2820317179ae03ea75d02506c744a25b208d77cae4de6db3be27ab
reports/v24/golden/trace_gold-17_r1.json	729	e2441943e22a83abeeb1898986939f2ff4cf07dcb54dbaf3f5d614245110b8a9
reports/v24/golden/trace_gold-17_r2.json	730	8ada6efd597fbeb07007956ab87db792809fa769773e889dc98ecd6c9b6d03d2
reports/v24/golden/trace_gold-18_r0.json	726	05183538ebe87090944dcda76529b6b4ff6e650581fa6eedafedd3e555f98d4b
reports/v24/golden/trace_gold-18_r1.json	727	ff27699225b35814edce0417286ec49841655fbaf98c5b78322d8243b2a7a280
reports/v24/golden/trace_gold-18_r2.json	727	5446f05c85bfac81ee9098ea7ca826cfaef40fb133d7270fc22c8f33e56574f3
reports/v24/partial_manifest.json	1205	a52b809ca307727bb2b83379cc7db58f4bf2abd1f6c625c8e2347374b1f3b751
reports/v24/runtime/system_prompt.txt	2174	4696f952d53d999256b0bc74199b8a8277d5fb2c79baacd719508cafc726bea5
reports/v24/runtime/tools.json	2587	5a3bb424fb3c739e51f8dc462de9eb448589f170692b78ad4b90ffb63293fcc2
reports/v25/dev/evaluation_identity.json	96	6001cb24ae6493184fcda6a20f36c6e35538212decf73df2f6d858db130fabb9
reports/v25/dev/harness.json	86902	5792bbe015b7f7f6d9fa54a1843c1dd97bb16d8529415981d54809f83cd7339e
reports/v25/dev/harness.md	4943	b75fb0804ccdafbfa417b937168d5074c80fbd1cae98163b5f02bf39da9bc5a5
reports/v25/dev/trace_dev-01_r0.json	4753	694838deb51e4d5db9d6a5e9ef6b3912c4266cf109a20877a29f8104032305fc
reports/v25/dev/trace_dev-01_r1.json	4890	05cc8a1b2bd325d0220bdf6f00a5e51c78215a7a46b7cc8339a606d5aa871b6b
reports/v25/dev/trace_dev-01_r2.json	4889	981e813fc5bdf74f6a39ab51951552b69b750750d07db327668e99247df527f8
reports/v25/dev/trace_dev-02_r0.json	4551	8094e7ec4884d7d45e01b2ca3a4757130be2afd6b7ddbcd7dc0e2eb9cb37a3e2
reports/v25/dev/trace_dev-02_r1.json	4682	a0e951d45a7a501c7aaae4d19a8b075042b1e2bf777261f45908dd6f7b2029ee
reports/v25/dev/trace_dev-02_r2.json	4681	182fd4baaa76ebd6c41ac5513ff87df78b3e9ef35188edb8d2336fb54adfd19e
reports/v25/dev/trace_dev-03_r0.json	5302	46ad58ecaec99736b4c953dfd93fc79ee999f935a66ee768cfe5bd2767d1cda5
reports/v25/dev/trace_dev-03_r1.json	5303	b5d5b4d21d70435ebd9fc4534d9bdb11f1bb3b201c0b644ed868a91f46331275
reports/v25/dev/trace_dev-03_r2.json	5342	9f09b6777e58f3bce406b3d4e5ee94b2d25da590339156ec4f0a6d22fd373efd
reports/v25/dev/trace_dev-04_r0.json	4474	4c8184b95ca6720e6abc6a0b3bc5ad325b7b631fd4085fd14576a1b5bbe2b2f5
reports/v25/dev/trace_dev-04_r1.json	4473	de42e443bcd7228c7408e1ce89edd9d043e3e73e2ff3e0a512a02515bbd9d121
reports/v25/dev/trace_dev-04_r2.json	4483	262fd05b524753d4b45e79587f38bde658b3d358d6f393dc75a93ff6163b6588
reports/v25/dev/trace_dev-05_r0.json	5602	11df7153ee8edb44aa3f0401adac5570c6a9464cb253df75d476bddec26ad7a6
reports/v25/dev/trace_dev-05_r1.json	4885	21ecd4dcf94bd80e6a8ddf605cb74a72eceeedf8c0ea7e6f498cbbb52116f8ee
reports/v25/dev/trace_dev-05_r2.json	4934	09b843f0be2e3056f82dd2b7bc0358b9707eb66f28a877a286dd283e6b6a9958
reports/v25/dev/trace_dev-06_r0.json	6963	41c1564af4b7d66188406d13b0ca59e5d347991bf2401cb1a9a5eb13cb0bb3c4
reports/v25/dev/trace_dev-06_r1.json	6857	b9c3c7b9050fdaf5c5a0a04f483bf31ecb249adbabfd53d2920ee5b100aff7d1
reports/v25/dev/trace_dev-06_r2.json	7315	1904f7e68eff30b5448caab1925be665e43be3bd4e4aa3104de0b0147ae1430c
reports/v25/dev/trace_dev-07_r0.json	6446	7f08c7160391bf3e5751577d9a23bee2f9ab950ddda453dcaf41886316a05659
reports/v25/dev/trace_dev-07_r1.json	6830	b9f611c071631612d84755a17a38d7c091bd80cc4158caabe83f004fdc9094c9
reports/v25/dev/trace_dev-07_r2.json	6624	f1cdb5c9a836c5e9b10183eba766e8afb3e2dc77e21d93ffe1f3790435333a96
reports/v25/dev/trace_dev-08_r0.json	5392	df1f30fb14ad788109386bff25fccc08c00c74b406e6b57d5271fcf921fc6746
reports/v25/dev/trace_dev-08_r1.json	5341	3533edac751eaadd6342b247ebb103c6a0caba26bc509e655c351b46bbcab4c1
reports/v25/dev/trace_dev-08_r2.json	7840	255004afb485387241546f92cdf13cb5b1e7e56bd24c0f868f88b6fa8eae0cdb
reports/v25/dev/trace_dev-09_r0.json	6180	2f88f2f878bc134e829bcb911f047c321c69f1fc74a9c8ec589c17faddeefd07
reports/v25/dev/trace_dev-09_r1.json	6033	0c278b03590b5112310cdd4b5a93c8fb4038c3df442e78b87f8f279a173baaed
reports/v25/dev/trace_dev-09_r2.json	6180	3b7ad6189a1b305105eb3b4b67acfdeeceea4eab4e57c43e61d11bc2c3a3b646
reports/v25/dev/trace_dev-10_r0.json	7687	3397991896c66babeb491ed97057b6d231edfff35cff86cd1c3da6f8dec31577
reports/v25/dev/trace_dev-10_r1.json	5877	b6717d841c8b8ad8c6e937addd51d132a7b4582a066a8082e47ca54532a74afe
reports/v25/dev/trace_dev-10_r2.json	7326	1c10283a63e930a7b475afecd69188b92076552ad610a34c86675f506b5059a3
reports/v25/dev/trace_dev-11_r0.json	6029	6a197550020caa61249057e02ef665d215e5b23f37c5a835b308239b4c673130
reports/v25/dev/trace_dev-11_r1.json	6034	32ae50f21ddefcec1af60194d05d6809265645d7d8aad64281c1e026a28a0fc7
reports/v25/dev/trace_dev-11_r2.json	5797	57c5dbb575b3547e61c34ebd4b9f628347a38c6dae43435e0a16ff061000d05a
reports/v25/dev/trace_dev-12_r0.json	6106	34ff0180d553cfadb19755030da5f06564fe14c086d63f8d6454ff7bd1338349
reports/v25/dev/trace_dev-12_r1.json	6106	6746bb0f459c0f3e4a58595d728eeef8ca284e50b72c619533451b75742b0303
reports/v25/dev/trace_dev-12_r2.json	7381	def45e0e8eab74fdedf84da8d9bbff80251f897b5e1f79fc6f427024213014bd
reports/v25/dev/trace_dev-13_r0.json	5454	9e016f3f170beb0929bcbc1dd88f9893b00af51e6b04dd1d1ad8909b6870d97e
reports/v25/dev/trace_dev-13_r1.json	5542	af5f6ddb55b18d7557bb1b2dd4d9e71d8fc33cc9b1fe04c6943a93ea8583d2a4
reports/v25/dev/trace_dev-13_r2.json	5454	bcfd079d1c5fcd8fe8ee583df94a9cfecb152cd3382eccab6d6d0bb6a4b0b58f
reports/v25/dev/trace_dev-14_r0.json	6000	5f32dc5ff55ff7d9968ca24df29884cc35c3f46126f74243a56ebfe0ae593f29
reports/v25/dev/trace_dev-14_r1.json	6000	3986975df2a522911de19b16807cba448715b149a8c974e239753127a0f5ad03
reports/v25/dev/trace_dev-14_r2.json	6000	437c9a9ac9256bd74a9f5b4e874d787b0272f2f4016418fca083f0e1abe30924
reports/v25/dev/trace_dev-15_r0.json	9221	17a0eafa29d1163a413597060b05f92802c4bcb0178b403fd957af1a6e20876c
reports/v25/dev/trace_dev-15_r1.json	9148	e848b55454fd79a09de66b1f2cadca4a2ca34d86d0c8e8b3ab9c7c2eeac4c5db
reports/v25/dev/trace_dev-15_r2.json	8353	09924a9befd8737dfb8312ff6849085322250a84591cb610a7626df9dd7819e5
reports/v25/dev/trace_dev-16_r0.json	7597	e78415661c8789be6efa3efca290f750f45ea7516bc521591c1f622c62d406d7
reports/v25/dev/trace_dev-16_r1.json	7590	978f18978a7b960d5e83258e8af058a5292cc0e2a3d5293f60985893039a322c
reports/v25/dev/trace_dev-16_r2.json	6763	1389d04296c7aaed9cf97e0b22aadefbbcca3db14c4642b9e3354e54fa864a24
reports/v25/dev/trace_dev-17_r0.json	6791	55d2ee551be7de9f8d6d815446d065fae526d80ea441b97cd61a52701da3cb88
reports/v25/dev/trace_dev-17_r1.json	6582	fdeadb655cfc74ba3b6acecbe183a10dac769b04ddbb60386514c14646cbe06b
reports/v25/dev/trace_dev-17_r2.json	6688	dac4f0a2c6749ee4c359e1c94008cf187b64419c34999682923078744730a1ff
reports/v25/dev/trace_dev-18_r0.json	8488	6e2170835b0fb9233b03dd993e45f9f0d4cb99c337dd351ca63ee72e24de8e46
reports/v25/dev/trace_dev-18_r1.json	7610	582f94712a430de03e134ebc2e6f4d85f5224eaae389ebaf9536e94b1aafbf62
reports/v25/dev/trace_dev-18_r2.json	6320	2224da3e800ae7dbdea591968352acbc6b60b8b11cc25bd2f510b57a5385d073
reports/v25/dev/trace_dev-19_r0.json	2439	e860eb5ddc66e6b4a66317fc25df6cfc19c42e448d49d3c08e03290ebfcf8115
reports/v25/dev/trace_dev-19_r1.json	2355	6c879098abc2722133088613ca20a3ef5aae18cf361c7f2edca20e994b8f5dc5
reports/v25/dev/trace_dev-19_r2.json	2439	47680b08418cce25115ae6bc0bb87e3897046b8f2e30d6918ea675fcb6da0430
reports/v25/dev/trace_dev-20_r0.json	1538	7c98945ffb7d874f9bf872e6db72e245624cb7b43e1c3b75ec3c061c4f0bd3cf
reports/v25/dev/trace_dev-20_r1.json	1505	dfe24c4f71aa25ccc0d297642c65c5849925d3897e2c6b90a062412cd2c0b138
reports/v25/dev/trace_dev-20_r2.json	1500	9be6f81e84574fcada53580ac2f2dca1751eb01deeb598a8db8273d7acd4ebe5
reports/v25/dev/trace_dev-21_r0.json	1398	be2f21951373579cd2d648b481468c264cc7e267259e4c0dcb8e68d42fd4031d
reports/v25/dev/trace_dev-21_r1.json	2887	79eeb4c3bec37b8168035dbfa8dda1d1422c402e6362c909d5c8cdeb6dc67ffb
reports/v25/dev/trace_dev-21_r2.json	2841	b716109557a4cf732ccc8cb6d51dc289e3e4d839094d74113c693ed3e2b26353
reports/v25/dev/trace_dev-22_r0.json	2875	3391ca75f31e638109223e0f4a0cb4b9cf8051f1a4e5c7dd0d2d9d1de32618ac
reports/v25/dev/trace_dev-22_r1.json	2952	9388efe6da3fbb5f6ea6f8db20382c090157f93c27e94e1e326f7750c19bf912
reports/v25/dev/trace_dev-22_r2.json	2874	9e5fa966275ec6f99a5f64176791a372494bf26c29129bcf72a24a8cfe55d1f7
reports/v25/dev/trace_dev-23_r0.json	11501	4b1ba83d11bebd99ee8226ec302549d83a045a8d6ef78453c6ae1c0cacaae5d8
reports/v25/dev/trace_dev-23_r1.json	2910	390f766845d9d9428583fc23b1a34aca29f496d313106a4b7ba2119e7b870c8d
reports/v25/dev/trace_dev-23_r2.json	8315	f237cd65c6454325170c2e0021c3c158c904ca93d50b9b1cebde76ec4e5e15a3
reports/v25/dev/trace_dev-24_r0.json	6984	c73f11d63d8795023ea7f70db7d84fd3b527202e3afd1f0e6680b7253e8bcd0d
reports/v25/dev/trace_dev-24_r1.json	3451	be36c0a8b4069e4de80b595d52c88d4836121490d566779fbb9eabe4fe7824db
reports/v25/dev/trace_dev-24_r2.json	4292	54122285eafbb0018c22126d20abe7a5694bfe9eb2c9656662f90afb6c59da83
reports/v25/dev/trace_dev-25_r0.json	7700	8c8e3f02833d81ae645fb78a04ba14bec495ec2062ea6d5015424d52b7f480b6
reports/v25/dev/trace_dev-25_r1.json	5461	41aca56f8223860caf4bff30c8d0794ec88e2b756f30a4ae12bdbd72f0f77f36
reports/v25/dev/trace_dev-25_r2.json	5630	f8fbf051aeccb7a8946bdd20bd6cb1a96a5f4e9848b26785022cbca774febfc4
reports/v25/dev/trace_dev-26_r0.json	1771	72fdce8301f4e7153276bd9785f548487a38fcffaa6c66a293a552d6010171ab
reports/v25/dev/trace_dev-26_r1.json	1666	00f8894a8fa01cba90fcdb65df849a6ca2beff04525fc6b2a2fd75888ce72347
reports/v25/dev/trace_dev-26_r2.json	1641	0183c03634d32b960d03a0b61da2aada20ed6f4ceaf9b8cd846ec83e81aa2e82
reports/v25/dev/trace_dev-27_r0.json	7254	6a064366b3646757c7384eab32517b26a28a768e2d684fb34d2410caf65db54b
reports/v25/dev/trace_dev-27_r1.json	5542	5c45f287df977898620303ba6e9f527f6ce10044c311b83895d6fc0f572e8b16
reports/v25/dev/trace_dev-27_r2.json	7405	f34a81c10ad486ad2e0c3a4a065538bfcd6b111d4a09415eec9e202959f33060
reports/v25/dev/trace_dev-28_r0.json	1778	0695277cfa86689d50627236db98fefcd138de45e9f97d1e87f38a9d879ad706
reports/v25/dev/trace_dev-28_r1.json	1809	c33c7a482423797650a15017d49f34bdd50134fab6e573ab5ac14fcf4a21b593
reports/v25/dev/trace_dev-28_r2.json	1779	fee389bad6c9fe66b0b70812b655a2965dcac3e835c35d5031541d2789712728
reports/v25/dev/trace_dev-29_r0.json	5962	17547df593ef5a4724bd6dbd5adea7f6ce25cead435cc2f06a19ee9ad11f969f
reports/v25/dev/trace_dev-29_r1.json	6040	646e8193a25c90f8c4e0b369e49fc37502ab007f6dd14c0090f3eeac33e0d772
reports/v25/dev/trace_dev-29_r2.json	5776	6a70c29faf734e849325f4666c0b1c498339b68c5a5ec0b5d6b11707b3455713
reports/v25/dev/trace_dev-30_r0.json	5657	94dc37264c3c050748ddfc9e6209c1c007a193709a9713fd8fd7c97a76da92c7
reports/v25/dev/trace_dev-30_r1.json	5657	a605d1a44681961a80300210ddc1d4be03253a3c94896cf1bc756f373f7a550c
reports/v25/dev/trace_dev-30_r2.json	5738	7d1022b8a9ceb8fa01c0275e959b86ad13c5a46471b9b2f37f2450f2deeeb189
reports/v25/dev/trace_dev-31_r0.json	1408	4fb248c59a4afb4d12a1cf4fd87b76cfb1037c7fa043154cb15e975978782544
reports/v25/dev/trace_dev-31_r1.json	1409	6d1964b53c91db1b3bf05599a96e3c0d22343353461af61dff8703dbb1fd348c
reports/v25/dev/trace_dev-31_r2.json	1409	d9841574f5b7a9cc93a0b86ba0d41291d49e5d112bb981674d0af51cdff5c4e5
reports/v25/dev/trace_dev-32_r0.json	1496	dd73b389b8a08d6c5f18f655741103cdd0a181a6bfca18bf09299dfc0e707f5b
reports/v25/dev/trace_dev-32_r1.json	1497	12960df3b1a3fcbb5a66208ba51ecf689b3dd568c933e9a5a1c717959433986c
reports/v25/dev/trace_dev-32_r2.json	1497	e8bf0e05c03da0e60622f54bdb8eae30b7ac46dd62403568e05eabda7f3d63e7
reports/v25/dev/trace_dev-33_r0.json	1421	f0c142327defcc6c86a9b273f1cc65fcddd612588a8e3cdd87003e9c7aad1150
reports/v25/dev/trace_dev-33_r1.json	1421	c97eb001e0828807ebd24fa16e3c55176143988b84f89bc65740454f6b42bd1e
reports/v25/dev/trace_dev-33_r2.json	1417	7c24c3e777ba868bfbf845012cc909b1edecc696f8f2d086b9dac71213d7e362
reports/v25/dev/trace_dev-34_r0.json	1478	f6640d215038eb449941db99be792434563df81ebc0ea57dbb24f9f793355630
reports/v25/dev/trace_dev-34_r1.json	1478	dcf93a815311432526a4bdec2551bdfc8754e8188e74dc96ac400059f85693e9
reports/v25/dev/trace_dev-34_r2.json	1478	04a2848aedae7f1f877b70fad18c9e4341925d91a3de4ec9c54d26f59d9f936c
reports/v25/dev/trace_dev-35_r0.json	1437	1c0d3cbaef3f820ab64d149f7deb9ea278b14f8f15ea2478c2d3034294a21c5e
reports/v25/dev/trace_dev-35_r1.json	1437	228cefc12db488b81296c305438422db6481ba13e8f5a8b578d08cb9f99bc62a
reports/v25/dev/trace_dev-35_r2.json	1437	f3f498dcfbc610d8cd884030193583f7b1447744e855105d5a3b61ac2b6fec07
reports/v25/evidently_ground_truth.html	3655674	17d69aa0d6caff1fb81df8884cc402c00c037fe9de5cf48225a4436b807feb7f
reports/v25/evidently_ground_truth.json	1324	5936946a8f372e5ebb84bf24923613d0a8a667568d36b79ab2b439e0693649d7
reports/v25/evidently_judge.html	3656761	dfafbe973713136c5cafe297af34ed7d3204aac888630462592220965c035daa
reports/v25/evidently_judge.json	2645	fb13e66018cdfa6855de9d937c6579b45272d6f543f82921cd10047a172bf57c
reports/v25/gate.json	409	3f75cc95e467021b774347a56edadc8c8e08d0fe755ba8c058cf2e3af70e267c
reports/v25/golden/evaluation_identity.json	96	b8d9c226a0a277ee9a46e00eb12bfde64f9e9b8bfacce5e64bf38407b25509f1
reports/v25/golden/harness.json	48103	713a91c8f198a4f051a2ed611359e2f51f9c3e0b5ed9e7879adfc1589754cff4
reports/v25/golden/harness.md	2819	62cf51e6600c43313127482ba8fac50a17b7d876fd8b36e7ceffed4f775aba59
reports/v25/golden/trace_gold-01_r0.json	4694	f3b5ce4179c9d1b87759b24e2eeec039db31ecc32b0d7050e9ffd31e93726b46
reports/v25/golden/trace_gold-01_r1.json	4902	f5afa037fb0dd75d0c79f4a016cc886fbd99f0ba1eeeb3da4752d0d6fd77b270
reports/v25/golden/trace_gold-01_r2.json	4896	cd13ff0aaf344660e47a4380ab6bdacd5693b08aed664e40486bb492329bce38
reports/v25/golden/trace_gold-02_r0.json	4648	d62f356d4a32a61ca5fe4f2d666a976784ef5d0557844a57557b82e62f18d098
reports/v25/golden/trace_gold-02_r1.json	4648	9c1066076d4301781940fb4f0f2cb078e6266c6967b2cd226ea49e0816e15fd4
reports/v25/golden/trace_gold-02_r2.json	4648	14eeac1f976a8a15905eb108e69abb8685bb10ff6a99d255d9f3dcc489e21ee1
reports/v25/golden/trace_gold-03_r0.json	7151	3acd756e19f7b1968996b724ff08a06f8cc2a8ba1ca74342116e5e85aeac8d80
reports/v25/golden/trace_gold-03_r1.json	6629	cb4ff0cd75d64bbad12e0f0bbf514819919b4fda0fbdb173b5ad7d3f5bfbd712
reports/v25/golden/trace_gold-03_r2.json	8380	742329d1f7e0bd49895faf3cc2cb3a2b7077f9cabf5f8392c89ee803da14ba8a
reports/v25/golden/trace_gold-04_r0.json	6659	e26c5f0c2e12493fb77dcf7998d2cbbd1a69ce7362144813c33d30740a3675af
reports/v25/golden/trace_gold-04_r1.json	6636	b6d2af0b1f1a0fb2c842600da57eefc9a17e8ab0892dbf70455cafd6c2113fe4
reports/v25/golden/trace_gold-04_r2.json	6468	06e296ae0f90767d77121b71c1aadfecd1f1afbf88f9e2641177e38a1364902b
reports/v25/golden/trace_gold-05_r0.json	8426	9f43b295c310c1927e880f6d16e69a8e49688332d78b8bca894a988718950f2b
reports/v25/golden/trace_gold-05_r1.json	6029	aa7654f1a3b109b46e75c798d4e4b7350af0f697d749f8ad0950e433e82e202f
reports/v25/golden/trace_gold-05_r2.json	5815	9235a22196546d2793d74bfc7c6db58b07be1284ed12f8e848804875c118de6d
reports/v25/golden/trace_gold-06_r0.json	6888	fcbda58a3f031df38d28ea899cc52fdc839f74461443f5e428177ee349828836
reports/v25/golden/trace_gold-06_r1.json	6735	87658cda41a638570f1caa47fd06a900228c06a15e231ce033ffedda2b265f25
reports/v25/golden/trace_gold-06_r2.json	6738	70e590506e95ee60ef50eb1620880891c2ba1ba89a7637ffe2a3623d78a14d33
reports/v25/golden/trace_gold-07_r0.json	6433	c7ebd75a333f5e4e4428ccbcf276dbe7507ca1dc1b8c850c18237d0bf05393b7
reports/v25/golden/trace_gold-07_r1.json	6438	f02f7615bed4ec3e521def4dea8c6167be982a0b5dbee79eb0934760e3d074bc
reports/v25/golden/trace_gold-07_r2.json	6352	aa1dde5e00e7c3dbc6777f811c3b54af8656d8c68ed32d62d14cd6d797f4d2c6
reports/v25/golden/trace_gold-08_r0.json	7125	a3f80bf51e5543de7f55bc45abd4c8575f4f450ea4cc5f21988c9cf07ccaa1d5
reports/v25/golden/trace_gold-08_r1.json	6453	450586a2a0e593075c0fa2af02aadda204b710b9268e7cbe5c73118eb9086aa1
reports/v25/golden/trace_gold-08_r2.json	6829	c6185dd7952702a4ffbc1daeaee60f3a4061d45402eb560b413acb9926d4dc3e
reports/v25/golden/trace_gold-09_r0.json	9166	5ffa36c1c1b836f3e00f229410fb115594694f42661dec02c4ac02e085e58af4
reports/v25/golden/trace_gold-09_r1.json	6875	5c532e690f2e48e2dfe8cf1d0f31222de111524185bcda951f89b4587c0a5604
reports/v25/golden/trace_gold-09_r2.json	8491	2a83d4bd18b6cebc9be1b2cab3a0455a41caa0e88f38a4f9e1cbf49172d3ac73
reports/v25/golden/trace_gold-10_r0.json	5725	310f25aaf8c61141bef3da4185305fce1046c342e1e8825e351e58dafae553a1
reports/v25/golden/trace_gold-10_r1.json	8255	aefea77c89b96294e0f91394526df75922fedf95ab3939017353e12c4ef1425f
reports/v25/golden/trace_gold-10_r2.json	5801	ed26ab61c613bb0421584bfd450b47fe63e0a914727c66d81a23941e69cbc51a
reports/v25/golden/trace_gold-11_r0.json	9298	594917dc105ea47880262f9439c1e209da134332b50dd689fdadb1de73f0aa7e
reports/v25/golden/trace_gold-11_r1.json	5632	4963639ce48b4a5a597b4cc97ab4e8d6ae252f9f37cb73291c587e9b72fd0714
reports/v25/golden/trace_gold-11_r2.json	9465	b2940a8f1b53a5fae4f8bbb66a1e7e660a00565808b8c280f58d050d208932f5
reports/v25/golden/trace_gold-12_r0.json	5640	98e4f82d64f158de380f0b9f37aff67f3531f4052518411e6e7abcddd61d4ca4
reports/v25/golden/trace_gold-12_r1.json	10094	6a48aa1aede55fc64b317ff81875085b1990576142fb28c613c411cf54a066f9
reports/v25/golden/trace_gold-12_r2.json	8324	f05e1535cafb0576be41792c5de6a0d1c14d4ed2468f7369c486bf636ebe3a08
reports/v25/golden/trace_gold-13_r0.json	2725	83a54e55a2a695f207ea8068005d0f3d5bf60390f5dcb14435896da3b0c76d7e
reports/v25/golden/trace_gold-13_r1.json	2760	5e91c24bc33e0c0547fd05246e16d6f5ddff08a8d69fb8a7be5b75c5b0828951
reports/v25/golden/trace_gold-13_r2.json	2825	4d1ad6b62968e8553e5146f3ad28531e546309c899c42ae5da70e34bea32bce8
reports/v25/golden/trace_gold-14_r0.json	8790	a6f220c63862abba0f15be4c9454ea17adec8849f5e143fcf8866de609810723
reports/v25/golden/trace_gold-14_r1.json	5586	f60f3c534d76c98ea987523ea1b3463fd8ab292e87ee32f72e567e6f3abb34ed
reports/v25/golden/trace_gold-14_r2.json	8649	d1dd3d1499a221826ad053a711c4801383ab621e2ab7d3c6ef2c4272729406de
reports/v25/golden/trace_gold-15_r0.json	1774	94d35ca92cb6f67570661e2d26b47b689b6804f30380ba9affba9b919835f8ef
reports/v25/golden/trace_gold-15_r1.json	1817	e77ca17b209a157f31e151c3263c426ba6d3e156f7e51ae31bebf08cac5e6e8d
reports/v25/golden/trace_gold-15_r2.json	1774	486fe98c31d71f2c965b667697f735a93577a2d127d1ac5de161338d7bd89139
reports/v25/golden/trace_gold-16_r0.json	1460	3c9f695739cef282bdb9f11b2c01c76956617abe8ccd6a464affabaf54891026
reports/v25/golden/trace_gold-16_r1.json	1460	e9364265e79840f5e8cbcefac3433a0262522f1ca38f25d5d5fea3b53c5c0ec6
reports/v25/golden/trace_gold-16_r2.json	1460	3f97ac1532ecbec1580ce154b9ed809d97047430ec22ef4ef52aeb7042829032
reports/v25/golden/trace_gold-17_r0.json	1533	e740b95c26d0a0a6c29bcfd610141a030ff97a898605b801686b416daf9df8c0
reports/v25/golden/trace_gold-17_r1.json	1530	b255f1db1594f54ac08f3537b665249b33e5096c08808ed7d07773ea8d070e7e
reports/v25/golden/trace_gold-17_r2.json	1533	c832bbb9619802888d7a302f3960ec7f564ea25b67cc07c9ece1aea267aa639e
reports/v25/golden/trace_gold-18_r0.json	1557	447552282f4df194fedbd84a64e499362701eef558703ffa1fecea27f6db3544
reports/v25/golden/trace_gold-18_r1.json	1553	90c0a30de2460f09e71ff1aaaff50d0a21cdf5a272486dc112c23b2705ef2cfb
reports/v25/golden/trace_gold-18_r2.json	1553	16799ee8ddea29afec81d07c6655388e8f578c502a340c5ba01b92f664a17eea
reports/v25/judge_verdicts.csv	78568	e54bacce0d156ff67ad384bf08537fcfca9089c435c6dad5c5655eddc3285620
reports/v25/metrics.json	724	be37224ea1ba9383964b72047796d1be48d8207ac03e882453cb5d33014ea774
reports/v25/runtime/system_prompt.txt	2174	4696f952d53d999256b0bc74199b8a8277d5fb2c79baacd719508cafc726bea5
reports/v25/runtime/tools.json	2587	5a3bb424fb3c739e51f8dc462de9eb448589f170692b78ad4b90ffb63293fcc2
reports/v26/dev/harness.json	6892	c033c69de8942e2b6f740dac3d7f7f014baafe447ffad86ed916f9f8d4cefb2d
reports/v26/dev/harness.md	814	d8443c5b47435676bce7eba5d1d7f959dbef2649f7ee82fd50f1d1983f76c569
reports/v26/dev/trace_dev-07_r0.json	6425	a38a11ec80cd75224de169d601050e5d2eac0905627bc04b59ee7ceb88b2b7cc
reports/v26/dev/trace_dev-08_r0.json	6619	8379b94ba3858324f2a3964d7282ee98ad8605cf6b98ef77f73d75cf14a31155
reports/v26/dev/trace_dev-10_r0.json	6163	c2fcebb7b45b0cc3c65e298ca186a75815716d61f3b21cfc15e276fc83bea0da
reports/v26/dev/trace_dev-13_r0.json	5552	e0a86f07a9ca5912a4dc277b9a6c593d358c536006684b3a9d05b55b2f2598a3
reports/v26/dev/trace_dev-16_r0.json	1779	6e4647620c93d671c0f0790ec72e730b97069b9819d46dac696d2abd8bc8fc02
reports/v26/dev/trace_dev-18_r0.json	2721	a43c60fdff3ace63d470f67156b7852b7e7681fbb574c1e88add0ba5cea93ed2
reports/v26/dev/trace_dev-21_r0.json	2720	eaf1077e375baf61820acfe9ca6623d4e24ae6ff7ff2796f29a06f8ce5d13402
reports/v26/dev/trace_dev-29_r0.json	2496	e8752c3d47951dd16c8a8fbab7d079b674344d1bc7492fe0154411c863bb5dfe
reports/v26/partial_manifest.json	283	62dc1721ad8677ce9f9eaa21573c1bd9072906c4c91ad35fa741c9ccba7f867b
reports/v27/dev/harness.json	6891	8043498d2cf5d71cfca5a9f5e798494a10070e47cefbff0ae98dd9ec1794398c
reports/v27/dev/harness.md	804	054a298e959b227d7f6890aabc93523f1a0659792c15ed123bf1a75453ba114e
reports/v27/dev/trace_dev-07_r0.json	7320	34bf3f8893d6468cf8246ae0f95e2a889b8c59ded27c96b7cb997af3f02f3132
reports/v27/dev/trace_dev-08_r0.json	9190	bf3d742fd9e6d36ab1978aaaf73256bda593041f063516e78740f442221a4a07
reports/v27/dev/trace_dev-10_r0.json	8285	8f2e0249f6025191e586410cb82841e2f06913f53990e83eab743875448377fb
reports/v27/dev/trace_dev-13_r0.json	6695	a20e2d6210f67a729baa404c8709f0efd6b86901c2f205103cbb7331be6d5b3a
reports/v27/dev/trace_dev-16_r0.json	1778	8fb7b00be5d9381496835eb74cf5cfb147138979a5d8a5d5ed0abb2a310c3c5f
reports/v27/dev/trace_dev-18_r0.json	2721	529b0024d87db59cd9199c447705796f6a257a62a8adf424209847d6992b88f9
reports/v27/dev/trace_dev-21_r0.json	3155	5c3134f752668a59e93174047529f708c3e1a147d11eddbc5692631514c9dab4
reports/v27/dev/trace_dev-29_r0.json	4884	c755660ad4abc630672a0bbe001f7c5122680b9c91d31a73b5d963422330377c
reports/v27/partial_manifest.json	284	d1007d54abda535defd3ff8d16d430eac879707f03c41ed878f57a4075651dd9
reports/v28/dev/harness.json	8311	40963d883e06f74e011f4d1a08f2aef5a69c4fcb00d2a5ae73edf670d7843351
reports/v28/dev/harness.md	853	8e2e54a92b5ebe880eb354cc389674151a4df5dc5e6b9b404da0524fd32507df
reports/v28/dev/trace_dev-07_r0.json	10933	0f510f9625d7b897afd9019f9b934bc0cbd7d71bbd1b7c8b58ad4201ca99c70d
reports/v28/dev/trace_dev-08_r0.json	8269	bef7a34e5f917165a933ca1ca2eb272f0ff9c09bc8e53b7fdd3ad2e94a34fa54
reports/v28/dev/trace_dev-10_r0.json	10354	9289c2841f1384a1077e0431385e74ca1975de2933101f24b2eb3fe3a9c2d54d
reports/v28/dev/trace_dev-13_r0.json	8591	27fc76413d86c369945a70d68ec3acc4db1bcd190b837a64b134af994b89bb4f
reports/v28/dev/trace_dev-16_r0.json	2720	fd915fa02569dd725b4e1b3a40c04ffd0460099ca96bbe5b18c6eebdd713a979
reports/v28/dev/trace_dev-18_r0.json	3582	5014b67adc8b921755f58712ac8fb4a37f33758325d088490af80b8cdaca2599
reports/v28/dev/trace_dev-21_r0.json	5610	0e11395ea4d73e7f9d666beca6b95b248c3fef86eb4ed4416842120f7ab8cfb0
reports/v28/dev/trace_dev-29_r0.json	4990	92aeedfec38df1c6c42c874d5681c72e7119d75db8d3681c133b57d1f824a4c5
reports/v28/dev/trace_dev-32_r0.json	1501	c17a3005f111201e316313665fd12d3d1867e25ac80fadbfafe335964862fa32
reports/v28/partial_manifest.json	282	7bfac4bb37528a9b5ba03826fddde9582d3e5665aa964570fbf81162fe1ed09a
reports/v29/dev/harness.json	7768	eed5bc60d2514fc75038db2068506d712ead0fa5e250186e47ddd78db4625a99
reports/v29/dev/harness.md	845	a6b35aa7c33d894c1a0c5b2f59953adaa427be198751398ad5bb398e9dad935f
reports/v29/dev/trace_dev-07_r0.json	11929	26366a3f864846ecd4a798efac9ea49962a4bb9997770378a063bb6ebeefd0ae
reports/v29/dev/trace_dev-08_r0.json	9440	23bd7d0f943deb2adac3630589f981fccf478db7d34970c7b1ade078d4891f0a
reports/v29/dev/trace_dev-10_r0.json	11268	5324aae472f29372d054c964d1d7d69fb7efb2b30956708a424b183c1ffe61ab
reports/v29/dev/trace_dev-13_r0.json	9850	7c71409c4261faa84ccc45f480193488514211f5964b8606f8ecf59a008d5a55
reports/v29/dev/trace_dev-16_r0.json	1779	e081e8f24f5e2d1fe650da4980e7805016381d9942cee89b8d769a4ab1e62740
reports/v29/dev/trace_dev-18_r0.json	2720	9435fdf014699e85face1b79eba2fc612ce2f01d12de00c2e963e81c22b6a2f7
reports/v29/dev/trace_dev-21_r0.json	2803	25c325277d0a6d37ec06a5b455690931e3f4b961497f756f763e4b0dd38853ec
reports/v29/dev/trace_dev-29_r0.json	2496	c3d76f310196ad63d59a897a09987bbc29f0b2a9489630ad85c0343849bc25bc
reports/v29/dev/trace_dev-32_r0.json	1501	893bba6dfc8fd7d7cfe81d53c2f843d4a59da9370fc1084d99def1d78b602de6
reports/v29/partial_manifest.json	283	b58c033a9d279fa8e2ed3d97bf61d5f988799ca88475c91f683d6a2e01f83b25
reports/v3/dev/.rows/dev-01_r0.json	4517	910b3cabe5190084d688e940e0096ea30d0ec996bc621ab887fbb755a5a1bb94
reports/v3/dev/.rows/dev-01_r1.json	4513	a96bf3daec138f17e90ef18e667d16daaad3243801de85b6cbf0eed50d94b492
reports/v3/dev/.rows/dev-01_r2.json	4519	c754a37ba26c46ee6eabb2b07bdf77d2b2d98bc7fbb5542afbbe82da2000e573
reports/v3/dev/.rows/dev-02_r0.json	1353	b878eaac65255feab1f1dca43e217a161dd24571073cd23a3f8d4fb76da8309e
reports/v3/dev/.rows/dev-02_r1.json	1353	8258d978e05f191b8f33471c8f7da6cabc6d22fc4eaf2ffc9e07c8309aab17ab
reports/v3/dev/.rows/dev-02_r2.json	1355	9a769e2cacfda4239998dcef54b4cfb0151cbbd0b5ac96b62fc457af7dbb9e9e
reports/v3/dev/.rows/dev-03_r0.json	4335	3f73900c4b65cfe820fbc861630184d5712e2a85778c07457e6b51ba79347b84
reports/v3/dev/.rows/dev-03_r1.json	4385	fa367ac42b13f9a8e3913d53857f6988e8d099ded78802a5a39cf1c5cc4272a8
reports/v3/dev/.rows/dev-03_r2.json	4431	f20f5f22c949107983e929afe8eecb1a3058f9d1870ec10cb3128027815e3162
reports/v3/dev/.rows/dev-04_r0.json	1327	71c9e2e23280b722c8393db4d71fbedfb31dd1c5639d172f55fee8453c3e81fd
reports/v3/dev/.rows/dev-04_r1.json	1331	21a33645a1ebccd593ea21981dc22f67f8063432e380f32bb50ff5d3ba2e483f
reports/v3/dev/.rows/dev-04_r2.json	1331	5bdfc987d26b20df9988db32964a61fab7ae4322b9eaebf089a6b64540c8479c
reports/v3/dev/.rows/dev-05_r0.json	4398	c59ef0d76b94199a2a073432325dd31548020ac1f4b1b82361d2440d9b170c52
reports/v3/dev/.rows/dev-05_r1.json	4463	f9089c32cd00c6abc4659fc6e35965060b8c0cb7a29055752a4da2b635f9101a
reports/v3/dev/.rows/dev-05_r2.json	4461	4c6c413f84c7a1377a96d93112f03d67fe4ba706b763a7ebccd3cb1017bb5ad1
reports/v3/dev/.rows/dev-06_r0.json	5849	c0243a8c47f3e1773787da395f9d042f4c0a091e86a31a301c70c0e552aee96e
reports/v3/dev/.rows/dev-06_r1.json	5739	6ae9da1bc113f4187af0c46c01a7925362217426e4908d20d849fea9cb3dc1c0
reports/v3/dev/.rows/dev-06_r2.json	5721	a0d859c3dafa720ae023bc085f35b6af9b2b66cf4bc5f10d58292438c3e605e0
reports/v3/dev/.rows/dev-07_r0.json	1665	7fe13d4d3f12f9d765643b4736bfc62247c2099faf2d8a46368037bbb473c4c6
reports/v3/dev/.rows/dev-07_r1.json	1695	1c2f81657de0df84c85cf894045d5f660c94adce23bd9cade08ca86bb919e671
reports/v3/dev/.rows/dev-07_r2.json	1665	a115c6335c6777a9ef810ba327fc821d7a65687b94729ebf012e063cbe857ccc
reports/v3/dev/.rows/dev-08_r0.json	1588	251a68ad3567853765ef3d43a51fb920480c3562695511bc48891aa326fceb42
reports/v3/dev/.rows/dev-08_r1.json	1618	bba85295c620bb962b093119e9c7d185c84af5eec102f536d89807def0eb2fda
reports/v3/dev/.rows/dev-08_r2.json	1618	2037724a6ee20aad50cca02c669602d4dd543c7e9e5d15b6b6ec1af75d9916d5
reports/v3/dev/.rows/dev-09_r0.json	1546	ee0e2cd259881d932af9cc92fa17738197965245e509394a994d76cf35e5819c
reports/v3/dev/.rows/dev-09_r1.json	1456	2ee3cddff9a10e9aec47a13a8a9d9f6fed8b318b36388c4ce2ec4315ffa77d95
reports/v3/dev/.rows/dev-09_r2.json	1558	9fba025a2e5f3e42907b932ad9d1285fb84300fa7a690faa00fdd23122deb97a
reports/v3/dev/.rows/dev-10_r0.json	1677	a21c0184e51a9e5c55ca38c8cc67aad10d10b6f607a7369bfc3bfecbf5672711
reports/v3/dev/.rows/dev-10_r1.json	1731	f8332c39161c1162295f0d0d38a9652d762929c4cab0b1fa2be1d57a8f30582b
reports/v3/dev/.rows/dev-10_r2.json	1731	e938d315150e8fe069125ff445369a87072060123c647519c937b4981aa38155
reports/v3/dev/.rows/dev-11_r0.json	4634	d3b363c578b9f6a2ee98db7bd9b7a20e79b057208f4c062bc07d11caa124e7ab
reports/v3/dev/.rows/dev-11_r1.json	4653	363e6d0c2917e05bdc7a06ca87cd97b8048ed278bdbc3faa5d7e3a129a4f1aac
reports/v3/dev/.rows/dev-11_r2.json	4675	30ecfc35389a73d4d4e6406a5666952450ac922bd0367c670727b8222ef96d3d
reports/v3/dev/.rows/dev-12_r0.json	1563	9dd1344727482816d22e4f3d947e2b9713deebf1a38dc9d8bd484071cfe37278
reports/v3/dev/.rows/dev-12_r1.json	1563	1a0b414bf40b5bc20b8a762baea5248157700307457e36ecd180256260f4842a
reports/v3/dev/.rows/dev-12_r2.json	1536	144e4664e721ccecee800ab81e3c74a3feb6902f40c7ad345c9484cbcfa5042e
reports/v3/dev/.rows/dev-13_r0.json	1463	e188bb45399bd9ffff0bb44758258a5ce67568d9c52509302bef4e6bf857d357
reports/v3/dev/.rows/dev-13_r1.json	1463	8f150c0b5fbe03d973323bbcbf1b051a87e9096f7ca242980ea18ccc121d5c72
reports/v3/dev/.rows/dev-13_r2.json	1463	d68dd09e5b363478abc0fcddbea4f467684c4ca0e728868e219905eb418a85ef
reports/v3/dev/.rows/dev-14_r0.json	4638	c3f4e54a1299773fd9e66697136d4b299b9d19ca18caf776036b9164a1303952
reports/v3/dev/.rows/dev-14_r1.json	5163	eba11acf446b1d00be02b115e53afb3a16034e341aecf98a74245a1ebfb953a6
reports/v3/dev/.rows/dev-14_r2.json	5289	1091e07ed3636f2139e6d78beeb989afad1c6ce4fc0c5c40503ad4dc689e2c25
reports/v3/dev/.rows/dev-15_r0.json	1756	d1379e0b3cbd380fa5ea1df458bf72d35a3009ec44e9d776d84f29c1785f7936
reports/v3/dev/.rows/dev-15_r1.json	1756	0ad332cec3a71831e6ab9046942cba9f207905f46d1950ba1b676ea11e9268a2
reports/v3/dev/.rows/dev-15_r2.json	1756	7b3c680c46ce1603c7fd5931bdf42c947ea34ce1fb460270015fbceba442b37b
reports/v3/dev/.rows/dev-16_r0.json	1316	9026b0d7a4492a08031d613fac6900b711e50b9d3943696cb8ca36cc1104824e
reports/v3/dev/.rows/dev-16_r1.json	1314	214a73ba7014ddcd871195902da26d4c23fc576ff5546eb97f485ce35b89b38a
reports/v3/dev/.rows/dev-16_r2.json	1318	7774953ebcb76d5e8653cf288c6f2d6c0c7e8497423487d778c470bb234d0f5c
reports/v3/dev/.rows/dev-17_r0.json	1321	56220e3b7166026635381f89aa7ed17a6e2c9ddbbba931e823f716c8ada39438
reports/v3/dev/.rows/dev-17_r1.json	1323	24d0f3401011b67811fa8d83169bed1a707feb5ceee2e8e4b87a20415910b0bf
reports/v3/dev/.rows/dev-17_r2.json	1323	c65f32f12c7fdae48d93d19663e937141112209645428d8f4dedf42ee8b801c4
reports/v3/dev/.rows/dev-18_r0.json	1349	9f9ae98113af0c87cf0a6d563d2d2e356a61c2f64e94437cf0d333c69eb0d6f9
reports/v3/dev/.rows/dev-18_r1.json	1349	749170f1f3c92c12785ae6f22d93fa84bd504d2f9c8d85f2ef4e8c270c7be22e
reports/v3/dev/.rows/dev-18_r2.json	1354	af384cb1e3ba58e7afd1ef2b306babe01feefc1fae260b719bc00bf90115523b
reports/v3/dev/.rows/dev-19_r0.json	1319	3c68c7940ff5d0f15c56b0cc69716cf58c3fd6778b43abeea462b042e10f3098
reports/v3/dev/.rows/dev-19_r1.json	1317	a3e0ce05ae6a337c177dc5f2acb431925ac675c102642659a26d3042a424b7d2
reports/v3/dev/.rows/dev-19_r2.json	1317	4adf796623539c48d0b05b424e5a9e8637f4cbcc6f2fc567aae1f24c61db3901
reports/v3/dev/.rows/dev-20_r0.json	1431	d277449fade584bf82b74db580b596a7a06c986c1a76f776e7880a4edb074a0d
reports/v3/dev/.rows/dev-20_r1.json	1431	992275e79d688dc6cd97a902c5fb5237d51c10ace9e4ea3a901e54098ac96c21
reports/v3/dev/.rows/dev-20_r2.json	1429	d9cddf8c0b7e73936921f307c00bedc76befca650a93c6f203d6485dc8727cbf
reports/v3/dev/.rows/dev-21_r0.json	6308	8903e10a269a0d7386c8d0efb0ef4e16ea733cfa31e9b08df1004590c1f30531
reports/v3/dev/.rows/dev-21_r1.json	6280	3f8adaaf249e980c95f453022bcf93592a3d0781ac5e5b81e022648d36cbc4f3
reports/v3/dev/.rows/dev-21_r2.json	6539	5aa7a9ec9ca711b37efd9c12f471cedc9d8f54b779c8c93ea133e58051f56c13
reports/v3/dev/.rows/dev-22_r0.json	1245	5b777be13f21c5917f1de005afce3c065ad562cefe55ff6a8ecd6ad6d68ab9f8
reports/v3/dev/.rows/dev-22_r1.json	1247	1e51253ca4def308ac67ee95a95ce165df4765045e91d1a667b5e6e5b7031164
reports/v3/dev/.rows/dev-22_r2.json	1243	ec9281b7fd2a8f92e2cc272dd8dda87b36d31c76e83c2d969a2f01bec9cf6321
reports/v3/dev/.rows/dev-23_r0.json	1264	cd5883ecc34715468a5b0747e43a8b7149cb752b46b072a6be3b836d8363c760
reports/v3/dev/.rows/dev-23_r1.json	5836	5c0a8008fea2fdaf03e565d9979574a90ee5990629aeca45c282ce7dff96368f
reports/v3/dev/.rows/dev-23_r2.json	1262	4b931713a82c6ae608c5e748789730555c2f55666e37e8f532372758621f0491
reports/v3/dev/.rows/dev-24_r0.json	1233	478d4892187901a4e99b960bc9ad1123ef3e52c9f87e6ef327027d5152881c05
reports/v3/dev/.rows/dev-24_r1.json	1233	d9e65dd332bce96e732470f2ea0837e22072a5ae6e477521b25b6f2439528066
reports/v3/dev/.rows/dev-24_r2.json	1235	1550d4cfce9bb11e5fc7281f51cb56dca5a308adf3b7776977158f5d3411fbcd
reports/v3/dev/.rows/dev-25_r0.json	1310	b43b893582d7e4e038a865843f3a4242abfde73a9c30a6d0de058dde6ecbefc9
reports/v3/dev/.rows/dev-25_r1.json	1310	747268a93eb69acfaed9fe0923ee4ee905b6c66a49fdc394ff674e1f1f196758
reports/v3/dev/.rows/dev-25_r2.json	1310	9174183b1cadfaae83aab8e89ddca0d5fc64a9879a306a8af6ba2554fd45f79c
reports/v3/dev/.rows/dev-26_r0.json	1446	0f597b097d4f9d55d807b8e08aeec198ec4ad43af5a38e650e7572ec295e8015
reports/v3/dev/.rows/dev-26_r1.json	1446	feb8208160804be8a8b0ff507acf9c3802f02cb517c85ef08aed34dbffef0481
reports/v3/dev/.rows/dev-26_r2.json	1446	07bbd7abcb313d64699cc5947609aa9435859c75c918c01766dd8f4429684475
reports/v3/dev/.rows/dev-27_r0.json	1378	d2e2fc45e12ad9ed2fc76de296d28db2ee6315c0440b8b24564279240a484293
reports/v3/dev/.rows/dev-27_r1.json	1380	ab3041b57e89c0aac0c82fb66c29cdc1cf927eaf33da270a5dd52b28ea2d438f
reports/v3/dev/.rows/dev-27_r2.json	1380	871854b9f1a1874fe22b99727eebae3fd7c5568f3063a028bea9611d72639efa
reports/v3/dev/.rows/dev-28_r0.json	1416	0ce17aae53f84b11bcaaff706fe9339ffae0d907b07462602ea1e2b41dd18804
reports/v3/dev/.rows/dev-28_r1.json	1416	50ebe1f6a0ee2bf2c46669ae3050b50bf77f2d4413f0c1c92d02cb5051d0ec84
reports/v3/dev/.rows/dev-28_r2.json	1418	87556cb87f3c4972279388a9d773556a50b29d9a8693ac157db651fc687b2aea
reports/v3/dev/.rows/dev-29_r0.json	1597	e145518b0c7c05278116eb5f9a4a6f13998a2d81b00e578cb9a4741e8b61d3ee
reports/v3/dev/.rows/dev-29_r1.json	1628	c3f2992bffaa62269879d2a8f5349459d8a9f1271538d006b0785f56a362a06f
reports/v3/dev/.rows/dev-29_r2.json	1597	0dc1cfd92d38f5f02d1f1d074addd02076bc9a60cbdd62915d1ddd24c5afbc81
reports/v3/dev/.rows/dev-30_r0.json	1364	e2a3d8cb5025f4c7581fb7c8e3570480b92d0cfccd830ed82e80ee665607bc84
reports/v3/dev/.rows/dev-30_r1.json	1366	5a0bd3ae139fcde6be5c3afd93ad94f9bf711cf9e21b1ac61ea83b34fce91c70
reports/v3/dev/.rows/dev-30_r2.json	1366	a3954c4cb38fd1987d9196180a648750428d75ce44b8fad759a2180d6329d63b
reports/v3/dev/.rows/dev-31_r0.json	1318	a6afb5a59dc431ed44ba29aad1c5e182415ad3e29308b691fc47733b827b092d
reports/v3/dev/.rows/dev-31_r1.json	1318	eff77a49635de9856d23e70006188f12d790ee0152eb0790e9c41c1162f09d56
reports/v3/dev/.rows/dev-31_r2.json	1318	d94b328b64d6f520ee1c05994e24874cd5f83a67a440f8d033ea9f8ecbbd2735
reports/v3/dev/.rows/dev-32_r0.json	4903	f2aade5b0444f8fd8100e9be2a11238c1e69c286b58bcec33e31f3a4d807b773
reports/v3/dev/.rows/dev-32_r1.json	4879	4a1c28849a29accc458ca3665a8ae4e3647984d9a2064988f17acf646e021d9c
reports/v3/dev/.rows/dev-32_r2.json	4852	00290539c3ee1d7b97a4b9232876b1cb96139935e5ae722872ddc9acb36e076f
reports/v3/dev/.rows/dev-33_r0.json	1409	98087f17b4d97310d94ca0b67e5ddd0728a3b2ce8437167533e5da7e277b8e56
reports/v3/dev/.rows/dev-33_r1.json	1409	373e21b3085f064dcbab5ac7806a66931dc246b0695025f255ad191a1376f1d4
reports/v3/dev/.rows/dev-33_r2.json	1407	d7cf327e952fb4aa6ba7944d045a852d903f3180749a8d323132a04304cac7ab
reports/v3/dev/.rows/dev-34_r0.json	1352	0ec3a80921c5eac2ccb979581f545d294d53938c22d3f195212231f1607dec58
reports/v3/dev/.rows/dev-34_r1.json	1352	0cc58458981440395734b0b7dc5dc91b36ca782572eddc6eb81ad5f363a0ea29
reports/v3/dev/.rows/dev-34_r2.json	1350	435071ebf64bd3754173f73c2dd35b59269c357897e72a72deb8dcb29596aa0a
reports/v3/dev/.rows/dev-35_r0.json	1387	38c91b31e4c559908b5eefa246d54400686201b1399271992f364bc2f2cdc760
reports/v3/dev/.rows/dev-35_r1.json	1389	93e2b4c4b742d5e97baae04b39274c20eeb1f63e61eed0b2df8af69f1d3c2801
reports/v3/dev/.rows/dev-35_r2.json	1389	d92e8e1c0febc34f249ffae569bf5843221061d30befb8d845100fe290b02238
reports/v3/dev/evaluation_identity.json	96	cdf5491d4186fe46cd4fef9f4b2cf8777c28c8cf67de6ceec900637047dbe14a
reports/v3/dev/harness.json	74200	a40cdb56ca939fd658b4e7d82dca55c2bb6e8e4d54b0038d9cedc530a282f040
reports/v3/dev/harness.md	5037	1c0cd7ffbf487d632d40dacdf27fdce527f5c22f564dadc7cf2c78b0d22c405f
reports/v3/dev/trace_dev-01_r0.json	4593	0a744e879adf62aeec6abda09f2188f1c0ba2a7491317b39b45010e5d29fef75
reports/v3/dev/trace_dev-01_r1.json	4589	4300638550771021c2476983f8407e5d3978bb4baa7c407c7faeaf4c0eca511e
reports/v3/dev/trace_dev-01_r2.json	4594	704c02cc78508a11139e635e543b7001c1c65a79f1dfce7c2a6449b170e59ffa
reports/v3/dev/trace_dev-02_r0.json	921	6f27f636361bb4296fa7b9680e6de9a9728f709b842cfce9d3e4ea7e95c20383
reports/v3/dev/trace_dev-02_r1.json	921	adfa5b59a33559487c53ca60993e04a1d99a060710d4af63b3bbd719561f9a65
reports/v3/dev/trace_dev-02_r2.json	922	e8e2075fef8fdd734c6c6b5a061b0def3103d22f8131ce167dad1bc2b8d7bfc4
reports/v3/dev/trace_dev-03_r0.json	4473	7973e47551beed3493c4ef9092b5ca8fabf64c9108e24517377b2a9dc96adcba
reports/v3/dev/trace_dev-03_r1.json	4522	d0c205f221d039060e8a6be4fdb2b358029773783342fb637211f90f2f648ab3
reports/v3/dev/trace_dev-03_r2.json	4569	f77a26907b5c7213f8883bb638b3b0a448d8892dafa8dc96ab97bc0d1d045186
reports/v3/dev/trace_dev-04_r0.json	924	0f69663c28e68b9c2a4cdb7c320bec5b4f11147e5970b8b6497852fefae4d895
reports/v3/dev/trace_dev-04_r1.json	926	014b2164bb4dc1d6c719ab01cf66119d74a600ac74fa40d454cc7f956aa73a6b
reports/v3/dev/trace_dev-04_r2.json	926	f0dd277ac30096ff2d6af6c068dc24457374458e5c12cb8e8d4c319ccbb8adc6
reports/v3/dev/trace_dev-05_r0.json	4453	1384fbb89895b34fd5f6aad2c4bce6b40c7a7e37b01687c4ce24ed62afbc6f5f
reports/v3/dev/trace_dev-05_r1.json	4583	c673716e7e0eece1bed2cd21b26ef4b2cbfda0686c16e5d75d01a2d8f4f61b2d
reports/v3/dev/trace_dev-05_r2.json	4582	044499c28395ef3f782e27da071b6a811f5e2f5e8cd6b5240478310322ed1e82
reports/v3/dev/trace_dev-06_r0.json	5884	da9b433a17fc9cdbd04677e0f06d8683405b7662be0a4d9460a82c5f54cd7ea1
reports/v3/dev/trace_dev-06_r1.json	5785	31baba8737c572d4df134c2dc05dfdb4e71f202e82e4a130a05f7318944bb3a6
reports/v3/dev/trace_dev-06_r2.json	5768	2807e95b3bdf7a9f002e0c7b663672dec1f0e326d7f9c1c127dea3f4e06fc3ae
reports/v3/dev/trace_dev-07_r0.json	1124	5ec7d63d47fef313f6c36081c1fd33209a1a0ffb74ed0e46f40ebb0a49a83ba6
reports/v3/dev/trace_dev-07_r1.json	1144	029b3f23d52e53da2a26aa288a45357f997142a4c533329cae8d650455b361c6
reports/v3/dev/trace_dev-07_r2.json	1124	0383161df50e4a76c562316d8f2056a5837259beca86d709fa6ff6e99a02bb7d
reports/v3/dev/trace_dev-08_r0.json	1043	d132ac823a42e93a898a6f2e9fdd750bdeb4c3cf9cbe27ed87a1990c5b0f45e7
reports/v3/dev/trace_dev-08_r1.json	1063	2a93004bfc3d30ddcb53952ca1d22ae3b0913afd8bc00f6c96b06981bb2394ee
reports/v3/dev/trace_dev-08_r2.json	1063	dcfd5ace587d483f0f7cd5a4909b735058affeb315a78e4e0db957517be0813d
reports/v3/dev/trace_dev-09_r0.json	1047	c033b2feba2fed0095bf30e8b27a333f34a9bf092e4ab86093c5ba741bb30a52
reports/v3/dev/trace_dev-09_r1.json	987	8e722e88484911cb512d2cc5af776a5e819e343b9d284497a8a1089871e7534d
reports/v3/dev/trace_dev-09_r2.json	1055	046fc14882197d416e596ee584900c209db9860c11f73eab47df722b78746eec
reports/v3/dev/trace_dev-10_r0.json	1119	5c99ace13430c5fde5adfba186f7a220c3741444e975dffcc3266f1df17da890
reports/v3/dev/trace_dev-10_r1.json	1155	2c15a2427358f549514bc7d7283fefae5117924899b8fe095909536081a677f2
reports/v3/dev/trace_dev-10_r2.json	1155	036cb331baa94b1cc2e526c629e1091b3ed27957a29baa18aedc439ca788a832
reports/v3/dev/trace_dev-11_r0.json	4657	c4be12cd8731902f607c842e597966de67525d6daa6c9b70c6fdf893ab43d46f
reports/v3/dev/trace_dev-11_r1.json	4675	666d30c4daa3bf0ec5ca9d325fb37232b618bf3ed88c092e42eed32e5141d436
reports/v3/dev/trace_dev-11_r2.json	4694	a8f06a8651c552cf1e53bdc111ba07cbd1360eb32d368b765b2335ced59745bf
reports/v3/dev/trace_dev-12_r0.json	1059	8aeeb64796cf2c688e319eb770ba51fd6ce4b7770c8703a475ed43e09db05e72
reports/v3/dev/trace_dev-12_r1.json	1059	bd09f2e993fcb742fed84b682e75a60410ea2ef5c6c2ad2c68109e8115a9e85a
reports/v3/dev/trace_dev-12_r2.json	1041	5ca22e353eb9bc2c5c73561ece8ce7adc2dddc6ded32eb33f588de014f0a7f74
reports/v3/dev/trace_dev-13_r0.json	978	3a660f94b1c95ce1b710b776019a21a8331d990e5da03f22537054039889509b
reports/v3/dev/trace_dev-13_r1.json	978	bb47c28d2c8196320797f54c02c23c218dbc06b6075090191a93052deaf72834
reports/v3/dev/trace_dev-13_r2.json	978	65b0b18ec37213581635a601b015eb8bf36b823980abc382370ea174b33aaaaa
reports/v3/dev/trace_dev-14_r0.json	4735	3ebee9f42a0cf673a03bf0c6445011a5de61d8f33d88a22bcf4b7b5588099b27
reports/v3/dev/trace_dev-14_r1.json	5054	128fd10269ee2a75c117c28f028a5a6d6addaab0bb3a696ea0771ae8117adf57
reports/v3/dev/trace_dev-14_r2.json	5170	ae0b0341afe59ca8ee3b658776e1be91968d56dcbe9f81af3b86a9c0ac608045
reports/v3/dev/trace_dev-15_r0.json	1177	5032e40dad637978b586b5eb6d784855e4d6c278e6f6c96932534065586a0d36
reports/v3/dev/trace_dev-15_r1.json	1177	cc04abf206f20315ea1ce2a2d021edf9aeeaa82ad07a96bfd0f98915a4f7cd3e
reports/v3/dev/trace_dev-15_r2.json	1177	3f2a63da7fdc7ec3cb15be426b284510c6dfef654f2ca31b9a25520126872690
reports/v3/dev/trace_dev-16_r0.json	928	6bf007cf5bea2c34744120d0c943a905a0bc6f17646fa86ad9390ce377405f2c
reports/v3/dev/trace_dev-16_r1.json	927	1e554a15a93bf2e0a6cf7f90f8df63e184ab6214c3e035ea2cfbb122d6f2d2ad
reports/v3/dev/trace_dev-16_r2.json	929	de2967156017a812a88c551a63c97f150a4fac5fe440a193ee2626f1a15a927f
reports/v3/dev/trace_dev-17_r0.json	930	f2e6a56429fcac741d85054141d9abd537ae81d486031d451c20347227cd25b6
reports/v3/dev/trace_dev-17_r1.json	931	a72724b7288fbc12b7a4c9e0bcaa004b638fc7a249dbd1336d3520317e07d7d3
reports/v3/dev/trace_dev-17_r2.json	931	4ad4f9168599f7a9d8b590e03541561b6821dffc698084baca09eaa6bf344289
reports/v3/dev/trace_dev-18_r0.json	938	b218bf3391c9b6ff054e770f223331bba490726db4a55657d7a92e6dd8cb3326
reports/v3/dev/trace_dev-18_r1.json	938	fd22bd543b95a4697888971c921873f7d1674ca4a08a5c661ddc3f3fdf214e64
reports/v3/dev/trace_dev-18_r2.json	941	b32cf36bf0da357f9bfe3d30fd085b3c2dba21c96fb8f7003617ec29ed87c139
reports/v3/dev/trace_dev-19_r0.json	933	e802e6033726ad82b66db1cae7d13386db128be2aa8835b2ba12ad6560f2186a
reports/v3/dev/trace_dev-19_r1.json	932	234434f08b5c9324e2b40f7e25b85ec4c39c70461df756b47041da8f15f58cee
reports/v3/dev/trace_dev-19_r2.json	932	4421feca68ef783b331105abe31008c2e33a04e96ba238fbab0d9ab945266577
reports/v3/dev/trace_dev-20_r0.json	990	f70f59a64cded353db6ba053d28f19c9d3e2cc076005fa9712bc9c6d686ee56d
reports/v3/dev/trace_dev-20_r1.json	990	02e8510448dab711b6942a5ca5e5f41f7ef4fb4ae819fd0e03bc5596f24c385b
reports/v3/dev/trace_dev-20_r2.json	989	682337907a08d11940705694be2d027f11e187561daacd4f3cef72bdc9a518e9
reports/v3/dev/trace_dev-21_r0.json	6904	8c202d08bc9a3132163178e28c11fa91e6ff7b682ebbb0ee876883ae7962ca15
reports/v3/dev/trace_dev-21_r1.json	6876	f4511a8143b13ee54f68a9b18735a105d57f7023f54a93e9119b9e986f92d6d5
reports/v3/dev/trace_dev-21_r2.json	7135	fd7e7f278755e0f2235eff4da2853c5430fc161d0d531d523b7b68d11688ae07
reports/v3/dev/trace_dev-22_r0.json	897	390710dec2ce4879abd3ed4e9ec6c31655acdeb4c39879b35245ccb78434cf6b
reports/v3/dev/trace_dev-22_r1.json	898	6537a11fd77d5076cd1db6d69b30bcd2b4182aec04441b2a2525c92d0d70eb5d
reports/v3/dev/trace_dev-22_r2.json	896	880d1fe9e13ff1e1a92bf643874ff2e26d07eabd69d843f0c5bbfb36b3f73d55
reports/v3/dev/trace_dev-23_r0.json	903	3f4c211ba9931117d372f4b195ff3778622409aea302e12937924f0f08f415ff
reports/v3/dev/trace_dev-23_r1.json	6445	5a0ff9ae0bf6c4821cf5ca1ca680b06c37b31d0d04b05b9888adc3057c7ffa54
reports/v3/dev/trace_dev-23_r2.json	902	addcdaa7bcc8fd1133e47ff8f28d2625f9c57f494257e6f6bd4b27565add7029
reports/v3/dev/trace_dev-24_r0.json	876	ff8ef3ed8057f859eb49013f014c16874e7c603425771b9784de1a7f1afc1dbe
reports/v3/dev/trace_dev-24_r1.json	876	64ad74b2fe96c66e4b850552439adfc79ac5167e6d3bed8ca032b76ff2d89fcc
reports/v3/dev/trace_dev-24_r2.json	877	74695524e019ab6241fe9949a2bde89b612f0e0f86fc0a136ec1347427e5c0d9
reports/v3/dev/trace_dev-25_r0.json	930	da272ae55a4cb78e89d44a1a9b34cab4010905b72d4ad055ddc0fc91ac8a3fe4
reports/v3/dev/trace_dev-25_r1.json	930	f4c7644986e5771810a8179d170a0ae0a6320868c479db37173c9a486ba242ad
reports/v3/dev/trace_dev-25_r2.json	930	848fc285b6ec7dd66333bc2523fec3e5dc85817dc9c8c7a951b5a342f6bc9cf4
reports/v3/dev/trace_dev-26_r0.json	1018	8b699e6d840199a7b323f509b3acdbcdce4f5a5a7133eb28d88fea3d30723ef7
reports/v3/dev/trace_dev-26_r1.json	1018	a4d8f94d5468143c0092ebac926c6a2ecde6b2765ddb49c42d26b1ee98acbe74
reports/v3/dev/trace_dev-26_r2.json	1018	88a77216ddf4d330b68f52fb9931ae2b47d51cb190235e9ec432226e235179eb
reports/v3/dev/trace_dev-27_r0.json	945	facf44425aa4dbbaeb4a46a9c14396e8bc85f718d3a10f56250a4fe9a19c8b2d
reports/v3/dev/trace_dev-27_r1.json	946	10913fb67a4ff26fff138492060789339e2478f61c473f2ba2d999e281d129e0
reports/v3/dev/trace_dev-27_r2.json	946	8e735348c9e76c501c3045aa0b013368f0c567aecb666f22ab7cb672c1efa96e
reports/v3/dev/trace_dev-28_r0.json	974	670023e21f23acbbe9ad330a464ea04c0fb6d4a2b34adf9dfb760c8e43c55c86
reports/v3/dev/trace_dev-28_r1.json	974	0b09a4f6e4416a98e51cb3f820d4f4dec581de74ce55bb2b101b62a53920db24
reports/v3/dev/trace_dev-28_r2.json	975	70d99fb65e842a66612fdaea61cb07423a05287da432951f77b69840b2c60157
reports/v3/dev/trace_dev-29_r0.json	1082	de105e88bfbeebdc168810e198c1549019032c86e7b9f05db4a0063642e362e4
reports/v3/dev/trace_dev-29_r1.json	1103	bed731bf65e9b84370df309502fa5b1c7a3b201bdc99d697bb4fbfc8cb688296
reports/v3/dev/trace_dev-29_r2.json	1082	26fc4fe294218a10869c3cc26ab2a0b99ed5b6d2087b4fe53e60cbf96899ac00
reports/v3/dev/trace_dev-30_r0.json	951	091346ca3e9cb6f86bef30ce74b374b3015de258204b15aa14738e4d9b54db01
reports/v3/dev/trace_dev-30_r1.json	952	15edf550a0ded12ee6680031659162d844811bd8bd1ef3569a9ba8fb1adcb63b
reports/v3/dev/trace_dev-30_r2.json	952	0adb6eea093cd7afe11a3387d9696ffb122cb8db0f81782d12d153753fdb0ec4
reports/v3/dev/trace_dev-31_r0.json	922	a1c29c8e901df9769a6c75823e751d17d9c12321bf5a1c907632d39d84ff799e
reports/v3/dev/trace_dev-31_r1.json	922	e555ad6c27ab9e79ae04ec9eb0152428a2b75ba11ec730cb7e8e3c9dc76fa77c
reports/v3/dev/trace_dev-31_r2.json	922	e5dc337db36f77b75527ac6ed0f884bcccbb7dfb3ef91ea7a2d9921e2cd6f0cf
reports/v3/dev/trace_dev-32_r0.json	5558	664168af415b457828aff69ef330ae09e1bee8b6f94bea18e1e22c6a852fc797
reports/v3/dev/trace_dev-32_r1.json	5533	d56f3fd730bf99dcb12f3feb8aa885ae54b587338496f8867e9c40791092f208
reports/v3/dev/trace_dev-32_r2.json	5506	0cbd0c2917934de327def45380377be870e9f9e4c957c18bb2e8dcd83b35e96a
reports/v3/dev/trace_dev-33_r0.json	981	0472b58ef3ed19da1ccbf833620fbf4b5db4a9e41ed245f95404283b00a42e2c
reports/v3/dev/trace_dev-33_r1.json	981	668a61dd976697bb47edae1a6ede841c527bb95ed03b0d64c85ab68d59c02bc9
reports/v3/dev/trace_dev-33_r2.json	980	a819292f841858b6cf29a78b692978fb151cffcc0bbcf3791d327704d56d203e
reports/v3/dev/trace_dev-34_r0.json	939	e29c02825206f4282107cb83c206e46e7cf6414b0f4fea5f202925750488c9fb
reports/v3/dev/trace_dev-34_r1.json	939	971a03b70bfb149feb83c0a6922bbca522185f0ea0071104497e2b5fa34537e2
reports/v3/dev/trace_dev-34_r2.json	938	1011785c0f03be85776d33042ecfa6c3de4b5e58e6a92c66533323fbaa4deaaf
reports/v3/dev/trace_dev-35_r0.json	959	ac13673c0b820e62b1f281b5e7d14a2ae928536da4ab262954d1c084888b53a5
reports/v3/dev/trace_dev-35_r1.json	960	c1394cb55482f885cb8a7ef438d5f92a4813b3e19cc2252d069351313a55d024
reports/v3/dev/trace_dev-35_r2.json	960	9bdc358378d85c27999544931950fddee0e0a2ee657c1d2903598644d0daab25
reports/v3/evidently_ground_truth.html	3655674	b57c1a6e8d94e4c867b7b8078482e0adc76dc0ed8741e3eb1adffba396c07c6c
reports/v3/evidently_ground_truth.json	1324	8fd5deb3ec7255ba3d4db08aab2741e18d3222c2c4ca5494ad7d042a0aceedb6
reports/v3/evidently_judge.html	3656757	1dfa9648a421dda3a630120aa082a83378525c1d74c0f4d675a46a001d383707
reports/v3/evidently_judge.json	2642	7704f9145af9520573b83ce731428c5015dc8c5f984e6904e80fbfbbcfe59af7
reports/v3/gate.json	370	5ca018dbf08a4ba323d5ce890760e23ed8036b4c384c105ca4b8759b2ea5ad03
reports/v3/golden/.rows/gold-01_r0.json	4841	d4b93e9562d32b35493225d09cdadc62a0092439f75116cab5b0a02ee0a4a130
reports/v3/golden/.rows/gold-01_r1.json	4782	2a427982d88d66d8a4c5b8a376812336d665ee7ec335739cbac5510c15a3435f
reports/v3/golden/.rows/gold-01_r2.json	4835	defb8c8a0641e86fffc040b0d0858a27863e4a4dd20e68af917ba93f31366613
reports/v3/golden/.rows/gold-02_r0.json	4518	d385ce18cd4d8a659aa993ce76e769e42576422465fce816fb57c3f51b4ec480
reports/v3/golden/.rows/gold-02_r1.json	4522	5fb126f876b4dd42725ed4121026bc5e26ccb163246e7e5ff2d149958143d247
reports/v3/golden/.rows/gold-02_r2.json	4442	33a8cc594873670b4649f77f0209c54471fc7704cfd9ba4aebeef26e4b69ebdc
reports/v3/golden/.rows/gold-03_r0.json	5517	2864ef6bfe3a66d836ed83e84e78f127ed628d4f22221891a3815a284751db09
reports/v3/golden/.rows/gold-03_r1.json	5649	60fe9cc9bc61ac839625984e4ddf5d1af6d28e10834497662c92c71f5309902f
reports/v3/golden/.rows/gold-03_r2.json	5519	ff1b5d1fa338b087352f08e88d1b12f0d12bfade2312ffcadd5ca22410bb1a71
reports/v3/golden/.rows/gold-04_r0.json	7173	59667d15bca1afc345f84d4d695d7577059a8b24f6f08181940cd331fa7a29a6
reports/v3/golden/.rows/gold-04_r1.json	7554	82c8eeb1320eb4a289d6a4f5e0d8a43702187d5d469085f43d5073b693e140a7
reports/v3/golden/.rows/gold-04_r2.json	6391	403108af83bf33f363a0f568ae6aa861f193daccafaf14ab61b21142573f5c4b
reports/v3/golden/.rows/gold-05_r0.json	1532	dc9a2bfddc8d5e687d1b721fc1c601058fa7124acd4dd54442e4b4cca3d3b917
reports/v3/golden/.rows/gold-05_r1.json	1715	2476a1024e023b498f25a80f2be50489f8db938525034f99455a0ab8e2bc5b36
reports/v3/golden/.rows/gold-05_r2.json	1715	e3879c17635cc47c5e9dc3577630bb31c4ac64f5eefccc6a1bcaf910b9d2569f
reports/v3/golden/.rows/gold-06_r0.json	1844	0be455af084f937afc498507c7a49a25e80b34ae4a4882dd5d07bed5792bcea6
reports/v3/golden/.rows/gold-06_r1.json	1844	84a7b25b1c705e9e5357ce474484e6a954224b63bf2a485f605e5adad19871ec
reports/v3/golden/.rows/gold-06_r2.json	1844	e43beb34bf458da61d59e9f1857f16fc736478faa246c745516de879fe41c72e
reports/v3/golden/.rows/gold-07_r0.json	4796	99aaa19529bc47357c00d5f42708dad2cede9a00d2782b7e493a5563b713987b
reports/v3/golden/.rows/gold-07_r1.json	4633	fdbac9784479a70b762e6095baad371e2619da0084f619896f388a6d292ac1e5
reports/v3/golden/.rows/gold-07_r2.json	5265	d3dd25318fecd48095e78bebb2c9b226ebf6fb3ee27a4cf4b6e6d540b0a6a981
reports/v3/golden/.rows/gold-08_r0.json	1537	83843cad37a8646c252835626015baffe206629e4a52362d9caa598a36547e5d
reports/v3/golden/.rows/gold-08_r1.json	1667	dcb6d91372394bd19990222785d159dc868e237e1ed07210a8819a5706a33026
reports/v3/golden/.rows/gold-08_r2.json	1582	40c30ffc3da4ff58c5254b2c75e546f3decc78b2d79c4e9c542f194eec044f71
reports/v3/golden/.rows/gold-09_r0.json	1568	975d5659c8af7eae3ce912cb58a9c6e81c8e4caf3408f907b17da188d57cd5d5
reports/v3/golden/.rows/gold-09_r1.json	1568	576afb80a8af1b058a71b6ded83b91adb36fb25cc815ab9b1e75d079f40549b8
reports/v3/golden/.rows/gold-09_r2.json	1568	00d6887c24fedb956858e04b5111788e2db8b8b213c372070b865cc17b97c3b6
reports/v3/golden/.rows/gold-10_r0.json	1377	8b54f7ba80646e998edb490ff7d3ce9a1ce04ceb5821b8b8704d49fdddd5ff1c
reports/v3/golden/.rows/gold-10_r1.json	1377	6cb4e15159d6946d11080a9672272a80e1b2788e02772ef42937739d42b5a7c1
reports/v3/golden/.rows/gold-10_r2.json	1375	3953c43cb63386b03dd9dc202c71a54494174680537e866db58fb1d53975f3b9
reports/v3/golden/.rows/gold-11_r0.json	1413	e0c350db44f596cedea3226fd89c11a93d8fcfbedbcb67951afd8909c928319b
reports/v3/golden/.rows/gold-11_r1.json	1413	d2971d6a706316fd5a03a32e2452c2569d59be953352afca9e99377d78596d5f
reports/v3/golden/.rows/gold-11_r2.json	1413	82b14e5838596d0ea50e0a76ee84aaebbf78aecc8bbda8fb2ece5271a5e3aa8f
reports/v3/golden/.rows/gold-12_r0.json	1395	8c7bf38f30a89d85a59d53aa06b0b54d7dfe15a7e89ffd9006fa4b9e06423720
reports/v3/golden/.rows/gold-12_r1.json	1395	655df3e9248f580c1372f1011a092e5655bcb52bc74e8e26cb42cb30a3187330
reports/v3/golden/.rows/gold-12_r2.json	1395	761f7b9dd49b3c327d1a7588cf24fd252616f2d713bb89226eb61f3222ac0a55
reports/v3/golden/.rows/gold-13_r0.json	1383	a190565cb9acd463204aa25e1af5966de854041c2733d5fa7c8cfb863f23b16a
reports/v3/golden/.rows/gold-13_r1.json	1383	d86d1b727a9a81a9cca7302a6a0d3cbf6e829dbb4465a4c379a665d3c1ea1fee
reports/v3/golden/.rows/gold-13_r2.json	1383	7599e7bc2a0c5493821a544ee249da6054cb77488037847c2a03b793a50608a5
reports/v3/golden/.rows/gold-14_r0.json	1386	c480f8fac338690914ed091b5bea2a65da4db14590c7427f2ba26d838e78f10d
reports/v3/golden/.rows/gold-14_r1.json	1384	4ead14a7d39bb6704bec5e9981fb47113fcacc24c1e56e2ec72583f0466c59c5
reports/v3/golden/.rows/gold-14_r2.json	1386	3a89269a2f38b2d7933b2ff0788617bd40afae371631716df233e56b380ce8d1
reports/v3/golden/.rows/gold-15_r0.json	1572	d4224d7968b3f412221b66bc8d4d8b1aa7323b36f650687e6812944330fedc24
reports/v3/golden/.rows/gold-15_r1.json	1572	259f533726d1fe9a9af2df891b144b1238fe9f0f96304396ed35bb52bee1e66c
reports/v3/golden/.rows/gold-15_r2.json	1572	f012059353a3986ea7daafee385fc552c17269cff7af566f2c27158b1c43858d
reports/v3/golden/.rows/gold-16_r0.json	4831	7f4b0b619d5482d015d8f43e19d021f372793a8cbbabd47b4739119b8f6f1132
reports/v3/golden/.rows/gold-16_r1.json	4831	d3d7e3924539264a8b384c55e99384852dbb93c328cf1dd81d441b539915eb80
reports/v3/golden/.rows/gold-16_r2.json	4647	7faa6441ad5e5980fb158385484621f548c1eea2cbf9dadc89b6acb03b28555e
reports/v3/golden/.rows/gold-17_r0.json	4955	27181a4969ca76bba7eb62c68c61015d4c328c1de24c95edb223d8f14366143f
reports/v3/golden/.rows/gold-17_r1.json	4912	baf28393002b3ce8562004c4ef3e708f465b33facdbef2e89f0cf8bd27453f46
reports/v3/golden/.rows/gold-17_r2.json	4918	c3cbdcc8815837b00a5cd26ce765994e49146f00ed7476b21e262168b29f0adc
reports/v3/golden/.rows/gold-18_r0.json	4900	e64d54e8d667b3b96659254f542acbb8cb7103b40596f62b93f661418346c980
reports/v3/golden/.rows/gold-18_r1.json	4886	a2eea021d081a92c1c7b8d8b46a8677c19b25270af9472d6702bce480ddb1eeb
reports/v3/golden/.rows/gold-18_r2.json	4995	da233990e414dcfdcd33cec1bc5fdc1dc0e451751655a12b559a9a66bb010bce
reports/v3/golden/evaluation_identity.json	96	b998184f783ae7fdacbe380e1d6ecfc1c8b84a3c7865535bb4e5f019bc947c40
reports/v3/golden/harness.json	40918	55bec4e48623e7d1725b4e3c63a9bb18ff0e77479b2d319a8241a32e36a85765
reports/v3/golden/harness.md	2822	44f6a6c95476b6d5615a3ef35faaf58fa589ce3bb4cd70da38729bb2f13b3e40
reports/v3/golden/trace_gold-01_r0.json	4857	aff64b29c2caa9f120e2b06faaa94d0950735930617c9314720d3fd3b015b072
reports/v3/golden/trace_gold-01_r1.json	4818	dc4e13339bacddbfd50aec7066a13027067d376b52db02369f8c2ce61c9dbc0e
reports/v3/golden/trace_gold-01_r2.json	4851	4e864c0ef505da32b48cf4624757e2f16c60c5b954b166c601ece432573612cc
reports/v3/golden/trace_gold-02_r0.json	4593	c18d7eeca3ecec375b8440f86809299b8275e913e12851e71e6e0d406d25d4d5
reports/v3/golden/trace_gold-02_r1.json	4598	e70423f398f00b6741e4a43d5956f0a6136e279e8febc40b38b7075ae91293f3
reports/v3/golden/trace_gold-02_r2.json	4518	6cd6fc165f47d36a139ba900ef144954e46c459845fd345ab5fce7a4fbe1cd79
reports/v3/golden/trace_gold-03_r0.json	5827	dc70ed7cdd18373b3f51c4af6c8b5394c9c8d06b6ae6b05aa52052f27dbea833
reports/v3/golden/trace_gold-03_r1.json	5915	e1cc8e054eca61e1d75fc1a167566a302928bdeacaa44d8e0fcb075e664c9a3f
reports/v3/golden/trace_gold-03_r2.json	5828	c35fc9a5091dc8f22da08350a514961ff7b6f6e33863006a284876cbc061a98b
reports/v3/golden/trace_gold-04_r0.json	7319	3b8ea6e08481ac23311ed71f9272a5580e51c66c74cef191679f986f4f209c28
reports/v3/golden/trace_gold-04_r1.json	7728	4eb0769d048e436f743e524311eb3f8a93b4ca84cec9f50e81853a98dd1bcf2a
reports/v3/golden/trace_gold-04_r2.json	6432	54ab48cfb4ae0de3a2d84ade346d4554e526bfa38ace47c74e1fc5759e5dc4dd
reports/v3/golden/trace_gold-05_r0.json	1025	90aaad3dc9d3cea2a6243abd371284f9c4c0c8ce417d71ed2c7534e166bbf361
reports/v3/golden/trace_gold-05_r1.json	1147	505629fad9b9c96eb0e23906f642073e2ba1f75ff6dbc50d0fb994ad5198abd4
reports/v3/golden/trace_gold-05_r2.json	1147	b4d1d91bd64abc4b3feac0f62f0d699c798b66ba67d72a82175faef70b77b718
reports/v3/golden/trace_gold-06_r0.json	1203	2199e19692dc3b11e86bb4071b4a90b59f2a07b552a64504fc9c55c92756f4f6
reports/v3/golden/trace_gold-06_r1.json	1203	925a5d6236cde3cd8a131bda76a3fca68f431c17653fa83f345ef1e6c0cb4c01
reports/v3/golden/trace_gold-06_r2.json	1203	501867e78b78a93c3692578e986b77c791aca0a014be19016982f47046c21dc4
reports/v3/golden/trace_gold-07_r0.json	4702	0e3ee6753163bc4f650b90eadffa0fac9aaeb0935573d1003028ecd20bdb9ebd
reports/v3/golden/trace_gold-07_r1.json	4538	31a9d78695125587a902fed587305839197fb96cc67bcdaf9d58abe0f66887b1
reports/v3/golden/trace_gold-07_r2.json	5156	8c57c3baa5b45b93ada45cf252993361c7d3b7b8d8dbbed7cd30ec763cf67dee
reports/v3/golden/trace_gold-08_r0.json	1031	afb0e0d56a86a247bb1633808305e3b3afc9a0dbd66d086a6774f6ddba068f5e
reports/v3/golden/trace_gold-08_r1.json	1118	96f5db4f2f15aff4aa5ea001732e7cd7fb55b521f3d9a76dafecd3dbb04b31f2
reports/v3/golden/trace_gold-08_r2.json	1061	d00c46d480122a7e39b79fd143274d65884af69ed6b129bcac74bcdfc8627133
reports/v3/golden/trace_gold-09_r0.json	1041	0d08baa1f2bc17cf5052b5821bec5cf83e2f92389cb7af805b7b97f8d69876e6
reports/v3/golden/trace_gold-09_r1.json	1041	ab25b314a449f72fc9dd1723daa05ff03266e8db9e9b0d620ff421283f61a88b
reports/v3/golden/trace_gold-09_r2.json	1041	3c9749cda3a5d70b87ed6ab0edf0b68adb44dac099d9fbefd3e526c924be665b
reports/v3/golden/trace_gold-10_r0.json	958	77e8d037932b2f34a4da71f416c23ff533681b2ac41fefd1ced985d7ce585813
reports/v3/golden/trace_gold-10_r1.json	958	b247dadc639881c98401dd19733c27f499bbd984ed133a972d4a05e7e4df710c
reports/v3/golden/trace_gold-10_r2.json	957	7ce65f0945557b769debc8dae2d9fb4c6007b6a4f2acce60d6e5770dd2e8bacd
reports/v3/golden/trace_gold-11_r0.json	970	821ef9be1060eacc98cfd893beb2981e0d09a140a7cf78c772cd4c2a472f7bc4
reports/v3/golden/trace_gold-11_r1.json	970	dee254baa4fa44208aad28ff649e21799f25f6d09262a2fb8639cb60569b5c2c
reports/v3/golden/trace_gold-11_r2.json	970	b3f5e4bd6e91d78fb955dff6db40a74e1546a704f64f8f6667e656a08c637394
reports/v3/golden/trace_gold-12_r0.json	975	08a821d85051f3c783d9922e2c202fbfe056c0cda8b5042aa78b45a0edf1aa6d
reports/v3/golden/trace_gold-12_r1.json	975	e1cc94d0f11f3a1ea5ec0ac6cae9c3aae04bad0ad03f4370df953972e6697ed2
reports/v3/golden/trace_gold-12_r2.json	975	614cf544c065db6c317b3413f07b4208d24aad5d8a8a359f6ab16d6d8f6f5d15
reports/v3/golden/trace_gold-13_r0.json	972	f42f57796f36a5d157f86717168bac395c4516018503d169156a8b7ea9df99f3
reports/v3/golden/trace_gold-13_r1.json	972	9a816e9e39295baab9876c52695518848d96d3b4e8815dbf50c870501c56f9cc
reports/v3/golden/trace_gold-13_r2.json	972	0613517f310f0189a7c4b2d1d820e5efbbab3237dbb309acaa2d3ff533505e1b
reports/v3/golden/trace_gold-14_r0.json	967	a459ec5d2666a94f627f248f7126526b7d4e2ede61967faba872dccca8e6a344
reports/v3/golden/trace_gold-14_r1.json	966	eb34a5ee2ebe2fabbae85adb8131c170779dc545e11869fd92e65b382f4a9326
reports/v3/golden/trace_gold-14_r2.json	967	5fe419c473ff97f075a1a66cb6e5a05bea9d056d4ab37aef6d6a5c256f695fea
reports/v3/golden/trace_gold-15_r0.json	1060	b525b05cabf7126a96ef35dfbb19e8e6f8ffe19e44090bd14c83c46b0c0aead9
reports/v3/golden/trace_gold-15_r1.json	1060	3a76b4bfb3c5463eb87ab715e21e2adf6124ae0e32f61630b111be230faf1a7d
reports/v3/golden/trace_gold-15_r2.json	1060	1e8e6cfb16b62096b737a65dd87bffe99187258165e6559cc835d2ab5104ed14
reports/v3/golden/trace_gold-16_r0.json	5468	64621b315f56b8c9ff41fde48bb478c8ea2ca029d879040767c1fcf6be57d02a
reports/v3/golden/trace_gold-16_r1.json	5468	b1d83e098879dad65cb9fbd0debcce0b2a927126ee97e11e2590ac541006b4fb
reports/v3/golden/trace_gold-16_r2.json	5284	bef0c26dba192299b43552e79ebf30eb11b382812c05a8cca286238b2d12c1ee
reports/v3/golden/trace_gold-17_r0.json	5578	f0dda9c86ab8722d7bad345953052cd36046df1c52b9ecf01636d33b3f1b93b5
reports/v3/golden/trace_gold-17_r1.json	5535	36cd03e3d46c1bf434701b4a8bc84df285e22c6544e05da5f11d736b9daa3365
reports/v3/golden/trace_gold-17_r2.json	5541	8175848930caf1a326b9c0bb66b25401db15ae63cba4c2e704a054c219b930fe
reports/v3/golden/trace_gold-18_r0.json	5528	9e9eab6c2ff0a08ad696d6195b7a73e42994e18a04e292dc13246cd7c8fc6873
reports/v3/golden/trace_gold-18_r1.json	5513	d73e2928ad708f94f3f28538a6034e844eee1bfdbf57517343004ce5d0b4a5a0
reports/v3/golden/trace_gold-18_r2.json	5623	39f628c2b524d58c6b050cb7586195102ebfde16ed4a833bba1aa689853d3c28
reports/v3/judge_verdicts.csv	63085	037dd1d79495dd934d93aefc53311d068e908861a8cb601790ac184a663183e2
reports/v3/metrics.json	657	d6101afe87ee2d7d8fab8f199f150049d289b4ccefd38966f6ca96ad2c01db85
reports/v30/dev/harness.json	7436	a9ded0403b1d56e2214c74b208af5a22b5a9f721e64ac4589ac5b1d4aa243bdd
reports/v30/dev/harness.md	856	be3226d1525b0a524b1f32def1dc3cb935f605af7d1af02346812033a4f4651e
reports/v30/dev/trace_dev-07_r0.json	11568	dd4e0bf6c5a91c8b34ac00f818eb54746186b4153c83bab39b00b452ce956284
reports/v30/dev/trace_dev-08_r0.json	8617	d5f6200e89ff3be16224a359c65af831a89b1a5cbfe1b6652a20063bb615f8ed
reports/v30/dev/trace_dev-10_r0.json	11493	3114ef0098d075cb680b09fb34dcf3c6af79caa034232bc2bb7fb56539ac2c83
reports/v30/dev/trace_dev-13_r0.json	7436	e0c1c218af1cfe00c14ad9250a9cd7b91a26e4e5fa2558eae48020e23676e9df
reports/v30/dev/trace_dev-16_r0.json	2656	529aaa74b386fe91c680c6a133bbb1c74e134cb05397e349491e2719b4cebd89
reports/v30/dev/trace_dev-18_r0.json	2066	1b1a36660766b53bc619dd8b98205aa49330176366b6bdfbb5703893db52cc87
reports/v30/dev/trace_dev-21_r0.json	2975	59046be6361db25b84fa77d0ac232ebadea3292fb67773e468e99ed64e08c27c
reports/v30/dev/trace_dev-29_r0.json	10169	d3753100abb738db8887fa87f576a670feebe0f483fff7c695d185f9f701aad7
reports/v30/dev/trace_dev-32_r0.json	1501	f645767e8c5e3fa245b956f86db2796b40eddf3ad85d988b020e95ccd630ec49
reports/v30/partial_manifest.json	395	d432aee780f41dc1cd19f69a3d928b3b09490726fc123e07e30b4c07bf92ffa7
reports/v31/dev/evaluation_identity.json	96	f3795fed2c8a0332be8486ff18d98c2572f87f673a71fa9401ae27956007d236
reports/v31/dev/harness.json	72089	a9b27ce878ccded884c2eee17b29e354a0229fcc8c61873751a270083c5a7bce
reports/v31/dev/harness.md	5168	b08306220fd568eed56309c75c7d0ac0c7c46f9ca8f641946c2b02cf0d469383
reports/v31/dev/trace_dev-01_r0.json	8033	69bc9338b6770ac8e74160b34e495e5e47120121453fd3460c9d8f06af54d90b
reports/v31/dev/trace_dev-01_r1.json	748	2d6143daa6ba9524e491d957340580f61b42e49dd9ed071da2de88be1dcf0036
reports/v31/dev/trace_dev-01_r2.json	749	e3c733e057f385a35635fb42798165708291a7bbdb39319c629bb970e098dc3b
reports/v31/dev/trace_dev-02_r0.json	9256	856a3ea60092b46a4ca928b772a6222f5d5164f132ad4cb84bbcd839e6069686
reports/v31/dev/trace_dev-02_r1.json	713	017ff21147347d90c3c82597d2b533eb826daa185956109657921c28708db80b
reports/v31/dev/trace_dev-02_r2.json	713	5f1145bb7f9c8f7174eac146c1141ec352616a88697a21d10ab04d2b5891872e
reports/v31/dev/trace_dev-03_r0.json	6256	6f2d143f9b1f80977215b4a90a5bacdf340fc71a2d1c8f8230b83486577c5472
reports/v31/dev/trace_dev-03_r1.json	734	8ea6f296333193d18d22a6bcf63f5e6d376d5c89d97ab9e3963bcfa4c4a9e469
reports/v31/dev/trace_dev-03_r2.json	735	804a27a2f5d868b01e8eb4a6c7d7a222797165abf6c232c2090c3d7a714096d6
reports/v31/dev/trace_dev-04_r0.json	7890	6983218f1b20a3c36486c19624fe3bdf5b00793fd1f4696f6c2eae63e5aa3138
reports/v31/dev/trace_dev-04_r1.json	717	49c79f6e91584bebda0921f3540c81833b676933eaf3cf5647acbd6e15e29cc3
reports/v31/dev/trace_dev-04_r2.json	718	0eef5c6ba59b66ebdc7faa9164e18749e10e858db7f927fe2e6b418ed6d2e0f3
reports/v31/dev/trace_dev-05_r0.json	6463	4746234ce5aaef01705aee700d169e8fd6df1b0f4027af1e1566c25a1b229c30
reports/v31/dev/trace_dev-05_r1.json	738	af2fe95491bb3e27eef0f177ee92a1aa9bbf85275f81541aac45ba0f7413acab
reports/v31/dev/trace_dev-05_r2.json	739	bd2b4537f4f79c77aa0662a2a396b2e817c7637bc355fa08e60af5800502612b
reports/v31/dev/trace_dev-06_r0.json	13498	cadeef6356acce91bb1868b725bb4a397e6b0a38e3556a9d8750dc736f32bc03
reports/v31/dev/trace_dev-06_r1.json	757	2f4c162687f869a014efc25adfba34308fb70bbbfce46df17cdb295ed551e781
reports/v31/dev/trace_dev-06_r2.json	758	f100b8c2d5e129572e8f79300f7b35e9d62bae203856d3c612017d0c370e6e5e
reports/v31/dev/trace_dev-07_r0.json	8336	07fa70f1ac9709ad1cf07e945262a4ce81aede2b6f09fbc2f39c84b5cdd437e2
reports/v31/dev/trace_dev-07_r1.json	752	273ae51522f606c366c3864ebf472e0fd3b46cef9d03a030ce39ae4b151c6e87
reports/v31/dev/trace_dev-07_r2.json	753	59e8ba7fbf6f4852d1d21975697b97d53ad706763a2bd21229b9bb124734d4e8
reports/v31/dev/trace_dev-08_r0.json	10168	be2ba2eb68ad5857dd3ee0638a26cab4f434d30872e781d6191a9a524d2dc678
reports/v31/dev/trace_dev-08_r1.json	759	6906de4ac1abd590d3bd625f30016e6e8690e9ce57b00ad2df67abf1d978b16a
reports/v31/dev/trace_dev-08_r2.json	760	03b8657a88609d2d24dddfb8c29e5269f283733054138de67a642fda9146f5b4
reports/v31/dev/trace_dev-09_r0.json	8487	5bac91c6e521b0f221aa65d873be326f8f7d5bee1f64a3dcce6941d3d81c23df
reports/v31/dev/trace_dev-09_r1.json	752	8f8b93c7e5a55f09216a79e2ce68c29e5160e52c622067dbb815976b1bfdaf1d
reports/v31/dev/trace_dev-09_r2.json	752	e4e40b5f5f5e81e76f5288535b27d8168e6242da3ef9f0248f2269c6c1ddbc8d
reports/v31/dev/trace_dev-10_r0.json	15082	af37d16c8e4ab436868ea0bea94a9755b22560de0c4569e23d0bad95a95f7784
reports/v31/dev/trace_dev-10_r1.json	768	530b9a85894f3fe8c44326edac6717a551783304ece825f4fe6cbd983759aae1
reports/v31/dev/trace_dev-10_r2.json	767	d69e95bb4056fb2a00b5e5f136f579c315231dbf57703eb8919a38aacd75454c
reports/v31/dev/trace_dev-11_r0.json	10130	fffbad293d93c43906bef4a70b39e731aca5dec5c387ad7fe32004b6b7d9c6d2
reports/v31/dev/trace_dev-11_r1.json	736	187cb1c9ea6b8093bbd5b88d471cf05aaa778a534fd36a7c2d77562e424d1969
reports/v31/dev/trace_dev-11_r2.json	735	0b659d3249386c14665d78abf9e6e4da77bf33643f2fefa1ffa619e7b66e29d0
reports/v31/dev/trace_dev-12_r0.json	3971	ad954036945a3e3f3497601186320d39cd4919e60f660247c914a002b28b5576
reports/v31/dev/trace_dev-12_r1.json	754	4b037709afb308bb4240f6c934e7f90427fcb73de17833c03422453e8810324c
reports/v31/dev/trace_dev-12_r2.json	754	fd598e658dbb79e5cf7e40b3732fd4d57cac4459f7cbea493a0169fbc1f4f471
reports/v31/dev/trace_dev-13_r0.json	12522	d3950e86e512fc63b72bf3c48cb2d19db64353e054ef3cb03b3086619889610c
reports/v31/dev/trace_dev-13_r1.json	748	ea27587f0295fd51242dea524ac8d29ebf4fee52f85431e7f0f26109feed8fe0
reports/v31/dev/trace_dev-13_r2.json	748	ed588e6ede915ccd8e5ec8c55fea8d908debd3ba8803cca42d587fe345ab82f3
reports/v31/dev/trace_dev-14_r0.json	753	c7621fdeec840b091d67b79dc612ad55fdda0e70cff84f4699cebb8313f1c855
reports/v31/dev/trace_dev-14_r1.json	754	af0fb5cd26415d3765b207640a2b2be17eb9cedfb8e83cc6a285ec93ae99f857
reports/v31/dev/trace_dev-14_r2.json	754	23e58ca08eacbf3e1c152be5da7c95872b3a478588556201e3a4138bbd42803b
reports/v31/dev/trace_dev-15_r0.json	759	a4467aadaec4be3386f19023c4387bbdcffaba153af5634ae7d5ab1d1fe4f80f
reports/v31/dev/trace_dev-15_r1.json	759	b5ab1c576a79513e97ed96550b5d277d9f83e1b97dc35600e5bc4b57e69874de
reports/v31/dev/trace_dev-15_r2.json	760	2ef4b2e0287e81214c7f80752d0ea8396ee4a099453fea0a898915d3863c5021
reports/v31/dev/trace_dev-16_r0.json	720	13e8e3975f52af224f3cb26ecc4bdd184838e5ace92962e5baae2f9586c73b98
reports/v31/dev/trace_dev-16_r1.json	721	c489096a31ed1d85eb8d358cd5ee85d19c25dfe97835f60db87ca6508f0f8071
reports/v31/dev/trace_dev-16_r2.json	721	dab2792ff935b2fd7554736d7f90fffed42de71dcce639fd5d9c22a264073881
reports/v31/dev/trace_dev-17_r0.json	722	2ac0b78794e67cab64fc0a4797ab97aac23d341c3e40a8d5dcd4157307ce4623
reports/v31/dev/trace_dev-17_r1.json	722	602504a689f8b7a866cc4e353708ebe5ed4ddd91b760aca9c48fd0bc556bf87b
reports/v31/dev/trace_dev-17_r2.json	723	8229da84d7c0cd6c43564f130abc000cfdc7c003daa1dc20d726fb2365f7a93f
reports/v31/dev/trace_dev-18_r0.json	729	6f0d4d0f04145ae05bc3f28c017b1dcaee942845dfdbe3f311d92c8a87ca8f7d
reports/v31/dev/trace_dev-18_r1.json	728	0ac7acb6fd10103ee17cec1d14ceb4ad6cd76564ea14cb1ade6a55071b1d3678
reports/v31/dev/trace_dev-18_r2.json	729	f1c558fa31d7e506238363071de42192c6620cbbac8bec9fca31808346c8743f
reports/v31/dev/trace_dev-19_r0.json	725	f59189c3d878e903222abef7e754da42a79c4f8ff7adc95e48780859bedfd2af
reports/v31/dev/trace_dev-19_r1.json	724	5f4fd4bcb86fe1bf57fb8bca7bdf80b7a6213680254cc0ad2bd0b43d3732f6e1
reports/v31/dev/trace_dev-19_r2.json	725	62def3084df8f738764842c01f9f5c57bd77307516200b8483a0117c8dbaf2e4
reports/v31/dev/trace_dev-20_r0.json	735	4b1ec12fce17ccd09da91b6b205cacb56f7b6054f0c5917177058820b90966da
reports/v31/dev/trace_dev-20_r1.json	734	fbf119cb791ade639f355474019368517e6d39561cf72a72d1bb2d4eb6ba8f28
reports/v31/dev/trace_dev-20_r2.json	735	42c800892a5cc8dde0a7f2829c437a9393c0ddb9ba5ec70bb7987b07169a2ee9
reports/v31/dev/trace_dev-21_r0.json	713	9dedfe85a91a1c26d55eceb34b156e3922f3bd80daef94d21d24fb4f167165e2
reports/v31/dev/trace_dev-21_r1.json	714	5fae7d94ffc6923c2e4a17b29dcb8c56d215b5db91fdd3296e217c6d9a9f47ac
reports/v31/dev/trace_dev-21_r2.json	713	4bf6930f459f01928c4c2c6bbf4ffda41beae827f2770f1644328ddd23c4fe20
reports/v31/dev/trace_dev-22_r0.json	702	a14a78e9a3e79ff3bbdc027551a19f017a6ed5b4d3809562c9a26ef324c2fd4c
reports/v31/dev/trace_dev-22_r1.json	702	b411777cee62e5c2229f3bef711f893e34ce0a3541408808ed8536e6fac3c41a
reports/v31/dev/trace_dev-22_r2.json	702	0f246051d197c231ea82f51140c38dc1b3e752fdf7dfbb0680da5abab26314c2
reports/v31/dev/trace_dev-23_r0.json	702	7ad64696401e452b250c0b61145f66d88e88f32937c2da3eb0c8b6ab771a0532
reports/v31/dev/trace_dev-23_r1.json	703	9f517da36942340a27c51c598f5a9cde18cac7f5b80cdaee977436f260856de7
reports/v31/dev/trace_dev-23_r2.json	703	7645d68cb27a5718e6a2c6ddc60f3ad026315af2b3bc97a9224553258690848c
reports/v31/dev/trace_dev-24_r0.json	706	66573e9b2024507d090a37d00cd46166f61feea438794185367617b8f0757488
reports/v31/dev/trace_dev-24_r1.json	706	22e7d1475b7c627699ce593e1ecc693550c942688438fbfe114a17cc38ff3496
reports/v31/dev/trace_dev-24_r2.json	706	0a7777bebd1831d3012c5ff0bed034acd1b8c7fdfdbbe114b4546b67addb4e6a
reports/v31/dev/trace_dev-25_r0.json	702	c4aeb6b7c10bec8c1db2f3b726cf43f45dea5064f5d7f59f70147383b842db44
reports/v31/dev/trace_dev-25_r1.json	702	0e665a0761dd7b70bb3502e9f755e90b569fdba6c2725d8cc8589964d96b2b49
reports/v31/dev/trace_dev-25_r2.json	701	a7459c38b60913284e0fa2c718ba3dfebdb594d2e5596697e197bbde45debf9a
reports/v31/dev/trace_dev-26_r0.json	728	a3ca15b793e29e697d94c5a1b0eca42511da3fbadbacb673d2d8117882956111
reports/v31/dev/trace_dev-26_r1.json	728	bd4277bd7584e00f44c079be2876b80a24dd455436db92532e66ea7a70b6f234
reports/v31/dev/trace_dev-26_r2.json	729	31e5b9fd5da03d8810a230ebc1eb8adbcf2c338a3770fc493db6c46b7a06ff08
reports/v31/dev/trace_dev-27_r0.json	737	d7e0abbccda168e45152edeb7ef5d79230e722e61cf09b2d120e539468134fee
reports/v31/dev/trace_dev-27_r1.json	738	be0183224f80a951d9269ebe11ce1ac3685d3520beb3ffa3dca2f8a0b8dac163
reports/v31/dev/trace_dev-27_r2.json	738	d4e12fc42fb7fe2f471db975001614d81b8da7df6f2f73d15b20e63c2cd1e223
reports/v31/dev/trace_dev-28_r0.json	766	e5f805db2b125af1d5d72a439bdfd5feafd55dcbd08ae52f0b0137be4b418f47
reports/v31/dev/trace_dev-28_r1.json	767	5946a56e4f2ed5057cea6005da72717371a8953b6c6b6cd7862018ed05abc36b
reports/v31/dev/trace_dev-28_r2.json	767	ed322c618b3d5ba304fdb5cdb6c1e552c010ef54a744021015f31680becf2251
reports/v31/dev/trace_dev-29_r0.json	756	23f35aaf7c89d7c3aa639e28926ae9e8440954e98308891562d647fef3d2c396
reports/v31/dev/trace_dev-29_r1.json	755	17c801a424232ea18f57840c31131db94a1f23b64d342e08d46c5c59e20f7888
reports/v31/dev/trace_dev-29_r2.json	756	e09a0c3b8f3349abd806d3cb3ab9efe45131db1852cb08612bcca58849badc78
reports/v31/dev/trace_dev-30_r0.json	744	a48a40893df6331819ac8ddf72b3edf9252631e785c4a19070d87bc222c53a8a
reports/v31/dev/trace_dev-30_r1.json	744	05381f14abec030320e741f520da47f77fb2394eb5471ee0fd2be83afac7deaf
reports/v31/dev/trace_dev-30_r2.json	744	fa3ce5b760f65f4778df38817f742f65153ca891b14a18bb472f1acfd48e0167
reports/v31/dev/trace_dev-31_r0.json	714	0fdb63e110eaaf843ede248315ecf09fd9ac268f40bc18c9045fc028a76dd91f
reports/v31/dev/trace_dev-31_r1.json	714	4b82fad1b1d2d16d724f9769f1846409aa7e09c2ccac3b2d7e398d609b002a35
reports/v31/dev/trace_dev-31_r2.json	715	af39f93a5127b724ed18baacfff1e5b85814ad0972e7f0ee7449446fdfbb0495
reports/v31/dev/trace_dev-32_r0.json	730	45a1c1ac84d88f5b0b93be849c38fe1f78ae7f6b6d9fffb18dd77534990f0d20
reports/v31/dev/trace_dev-32_r1.json	731	abf74d9003392d00ec2b0c17d0a1983e52dd3e24d8681403894e368d5c7b445a
reports/v31/dev/trace_dev-32_r2.json	730	e7fb0762541a86ef795738a06681aa16f11f775054dea5e206eb8099ba258e2e
reports/v31/dev/trace_dev-33_r0.json	727	a1f778b24341944f8ef533615c987f7677f3856f18d0d2baa47c5082e1e4ee6b
reports/v31/dev/trace_dev-33_r1.json	726	3959209108b612748c0df4324c389c588801c12c04ec4958b9bac81a5acf9303
reports/v31/dev/trace_dev-33_r2.json	727	496c64caadd93ce2b2d180f676b86de9bd722050f90520b83e84ceea742253d0
reports/v31/dev/trace_dev-34_r0.json	729	7e20c6f72bec8afa324590ac747580d4a7cbf3cd15aadfe694ec95afaccde523
reports/v31/dev/trace_dev-34_r1.json	731	9d0ead3cc45ead7068cdf69f67bd430de83aa40c62aff6228fb176c32e321253
reports/v31/dev/trace_dev-34_r2.json	730	0207fb2c151c409ed8ab93e1dfc924f275659055abea695f80a4db8c1f3d1c1d
reports/v31/dev/trace_dev-35_r0.json	724	2215e45af65262ca9f874c18f5012fe8ad20e233531111b8a539d3caf4e72780
reports/v31/dev/trace_dev-35_r1.json	725	935b7cca163c4b1b07bcf6dc74f37cab627b0e9e9ad9d2b529e180329e624c1a
reports/v31/dev/trace_dev-35_r2.json	724	81101f26ba9309115ba6c4f4791e23deea9977ee9c77bc203f2e61c71d3a4e66
reports/v31/golden/evaluation_identity.json	96	812e65a4aa2ca882aec6a68ae486b394e0dc93b530f2267ef959f71d133c6c13
reports/v31/golden/trace_gold-01_r0.json	10400	12bacfe25a1f4e146a3d18bd7e4a94907723893833ff0887e21c078fb404a487
reports/v31/golden/trace_gold-02_r0.json	738	2190a214d900ecbed75e50d95b656f83b63092a3c51b25668b8f1a19e7c049ee
reports/v31/golden/trace_gold-03_r0.json	4828	5f3a39a98fda364f9361bd2b9f6ec631024dd6ab3dd512839fb1f9cf4ecf6a46
reports/v31/golden/trace_gold-04_r0.json	5183	cd61edaae68dec11d71dfca01558f2b8da0c964bcf4aaa2cf305a655c0dbbc7d
reports/v31/golden/trace_gold-05_r0.json	778	1ee9d5c586cbcde4e9441eaa7dcc3c6077be47974cc5231e1dbcd0e23c349bf7
reports/v31/golden/trace_gold-06_r0.json	2926	bdc8bcd505e99637244812497792600f657caddbacc85d02eecf788b84ef33ae
reports/v31/golden/trace_gold-07_r0.json	3029	39ea2c5bfa280fdb8b7aab9fe8100748ae3c340931d428ca320d27fc08be7c21
reports/v31/golden/trace_gold-09_r0.json	2860	ef5e76b6eed867b2727478786f3bca3d83bdc4fe28f2a56911a8d0dc409ef531
reports/v31/golden/trace_gold-11_r0.json	1819	d2d412d2f20d9baacacaef10cbca7d064e917f804e4f64d40d7281caad9b8b5a
reports/v31/partial_manifest.json	705	19781412ceb4a6535afa5c009a293161540c7c8fa1b5d1ba7fb8f1f55431ddd9
reports/v31/runtime/system_prompt.txt	3728	ddb812cba0d47f2b6947ca1639e90c351f25ea150742f2ed97f51ba899c4efbc
reports/v31/runtime/tools.json	2587	5a3bb424fb3c739e51f8dc462de9eb448589f170692b78ad4b90ffb63293fcc2
reports/v32/dev/evaluation_identity.json	96	3bf2755c20b9d8a9179b1967f85839dd49895721d5c6243db8a35b827e874507
reports/v32/dev/harness.json	82438	6a43337155379f2db103116a6317b5156923fc024ef9bfbe88caff376d68f1b8
reports/v32/dev/harness.md	4637	c9b8138cce1f1b9e52f0b3dc1bf397b6dfe5cfe2f3f70291f4f4874e77541e2c
reports/v32/dev/trace_dev-01_r0.json	5725	2df19b99e5ac7fac7e66e6c2d75312d1ee65ae8c1e4a857a442a3497636f9336
reports/v32/dev/trace_dev-01_r1.json	5626	31e1fcbe3b8f4a7170d6f2d80da0c7138ab911b27077e8f0de69002cf164ba37
reports/v32/dev/trace_dev-01_r2.json	5737	5508a66a20768794c0dc9e62046d10c67414e20d1fa238ff18a4cca1a0b8e2bc
reports/v32/dev/trace_dev-02_r0.json	6359	6ae0eb93419b53e37ffdca1e81d155dc87f7fe4b5b27fb0c1f3de0b8b4380b0c
reports/v32/dev/trace_dev-02_r1.json	6359	ac6caa8adf61a2b60cd9bc0b4ea706ad44ca908364306dcbf72dfb696536a980
reports/v32/dev/trace_dev-02_r2.json	6360	5e6a446da271152b9118268f03822c7071c99b2f7bbdf57a46ad0fbbaef16f8e
reports/v32/dev/trace_dev-03_r0.json	5425	432d94be1caefaa01e7c18ec39cc99f9050f960cdb8249166d746cd831b99261
reports/v32/dev/trace_dev-03_r1.json	5427	e9c92df73bdd84ed9c44aad0fe4f9a2993d8470bad74cf996a51da375cf6010d
reports/v32/dev/trace_dev-03_r2.json	5427	ed78083f441e166444282f546688e47a46f2d208e6314334f87df2f3b8bcbdf4
reports/v32/dev/trace_dev-04_r0.json	6019	bb9c9823219620a0040dde4d56690cbad2485787c480461f7b6de16dc47ac5cf
reports/v32/dev/trace_dev-04_r1.json	6020	4ebb6f451c733fdaf42a7e79fd9ba792683f29ce3a0060580bf5ebc83892a5e9
reports/v32/dev/trace_dev-04_r2.json	6019	0c55efb0bf64eeaeb1b60f5174dd069dcab918fad343915a4dd1d4052aaa467c
reports/v32/dev/trace_dev-05_r0.json	5557	125dc0571a06f8d25d4bacc3199de7afaf6d776c2b6cc0248ff167a7352e7395
reports/v32/dev/trace_dev-05_r1.json	5489	2b38677ee982554ac3024da7adba023c2008f233486e049d7f99ca7b59939922
reports/v32/dev/trace_dev-05_r2.json	5529	32831cee97097192c1966354b66a3f4fb55f8ef7f90b2124e4e7f1d6e37072b1
reports/v32/dev/trace_dev-06_r0.json	10716	1ed99b24bc306fd6c73ef7d35d796d0ed39db4c74ca2d791e502eef1f7d97107
reports/v32/dev/trace_dev-06_r1.json	10716	9dec2887029356a0dd8b542cb546c5b8aeee2b4f21c93c6324fdbf53da06d7af
reports/v32/dev/trace_dev-06_r2.json	10716	9875e533aad4ab46b7ba5985fdb9a5fcbeaf07c2ef3293e29331c63f7c93569c
reports/v32/dev/trace_dev-07_r0.json	8118	63d311673c1cb74ad8fa2d3dde647eda97ac211fc3695cdb487399aeb3db3bbb
reports/v32/dev/trace_dev-07_r1.json	8118	074eb2a8d3f3b09c641a8acc564c1f53745cd2fc5a5300ade02cfbac8a1aca47
reports/v32/dev/trace_dev-07_r2.json	8118	36f9834fe91fb602dc3381151567b29eb15f390323064cad4b63d411721ef580
reports/v32/dev/trace_dev-08_r0.json	8193	e3917dffd5e580ed203b1c604d3979a3fd30ff866e0f72ca429f4ea8c33d881a
reports/v32/dev/trace_dev-08_r1.json	8194	bb61391157c4a762eb0e8fd0b61ad475fef2a27a433349fb7e2eda5a211bc02b
reports/v32/dev/trace_dev-08_r2.json	8193	24b4ce1b75a15206252d38aebafdd449c75d8ce2791f209f256712858b18bf16
reports/v32/dev/trace_dev-09_r0.json	6886	584c7133c50d173dd666d28681a3d648c2aa270b37c866ec42e120736416dcd0
reports/v32/dev/trace_dev-09_r1.json	6886	ded9d5234404db75ce36efaeaa9327e35e5e5fab15d086fbc0e82f5adee57023
reports/v32/dev/trace_dev-09_r2.json	6887	00d3e15b9c03f4f70e5e4284165333f70c9b79dbb13764cd7f125bb9e3e1390a
reports/v32/dev/trace_dev-10_r0.json	10761	f0e21263b3156e821703fef8c0d4f9da2dff84b8f31e94d1f2be6dcb182918dd
reports/v32/dev/trace_dev-10_r1.json	10761	5c887c828c21960419efb71e494921a017b3aa182e99d202d90f04aebf32487b
reports/v32/dev/trace_dev-10_r2.json	10761	701b6a15054da98d9437a71028629aebffdd7a33c2a91069336d090150885528
reports/v32/dev/trace_dev-11_r0.json	9767	127be396a3cf0d2ee993a07254594699d43068ed7719fe7f29215b4317ce7a03
reports/v32/dev/trace_dev-11_r1.json	9547	de0b4c67eb592997576c28170ea4c0dda071409a40f17ff6ecc35f82f103b077
reports/v32/dev/trace_dev-11_r2.json	9972	ea0979b0fc42f000fdd49d33d0668d1888269ba46207f6b97d9eb668f349389e
reports/v32/dev/trace_dev-12_r0.json	9778	0fe2efa5050ace189db995853a91d8ff2b469b39f096f062af8245b74f13a103
reports/v32/dev/trace_dev-12_r1.json	9000	29595abcc3de0b1a28120d635223f3e93bbe9a3992e71a74f2c7e0af5172f600
reports/v32/dev/trace_dev-12_r2.json	8195	f4b9401e0339ac22594671bf6f1c2a9ef2c204d82f08af22f78a13001259f4b6
reports/v32/dev/trace_dev-13_r0.json	8533	749ab6d8627f345906dcd116604ab7682f18dbc1503c4b7cb11a45011e6944cb
reports/v32/dev/trace_dev-13_r1.json	8873	f705d08146cc1d736baa455ab30aeccc3541f1356b280b670651ff0036d01182
reports/v32/dev/trace_dev-13_r2.json	8551	759f0cd8633fbdeb6fe61341187164f4983957ab0d2539cc0382706553434656
reports/v32/dev/trace_dev-14_r0.json	9437	3f8678ac369d9c636eddc6625064ca591ae8b6c680b6bd65056c9a76c1fef7be
reports/v32/dev/trace_dev-14_r1.json	9436	3344049a634f6fff8358583c5322612eb2e8b99168036c69363d547ec648c6ee
reports/v32/dev/trace_dev-14_r2.json	9437	15becd5fad0eeaaf0bffbbfceec8abbfefae5fbe4f888e1ccf25ad92b9f414fd
reports/v32/dev/trace_dev-15_r0.json	9258	09fa4f8beca65cf164b7ae825d4001fd75052421339db62600130cbed58afa72
reports/v32/dev/trace_dev-15_r1.json	9258	943fa47467b0286c3853f40c0e5a2853efda86c64fb2bd075d96bd1c580a26ee
reports/v32/dev/trace_dev-15_r2.json	9556	5400a00f219119b474a8ff2f387526cd6cee8e56f2c28c4a7440ddac2965bf57
reports/v32/dev/trace_dev-16_r0.json	959	c622b46ef35c5dd7b42caf82507af40b34a4f8819a8cb2cb29cb731946ffb972
reports/v32/dev/trace_dev-16_r1.json	959	1a949daf02a99c70e3605012f823e8cc58ff2cbeac60059fea5cdf2db4cf3208
reports/v32/dev/trace_dev-16_r2.json	959	8b22c6359ebe50fabad99f4bd4e91209f7f3f1160d598f14efe2b017589afdb1
reports/v32/dev/trace_dev-17_r0.json	4362	4d934af4d3bdd899cf486c69c7c7dc7ed42ba7cd8fd86617a6a24e87d30e8f89
reports/v32/dev/trace_dev-17_r1.json	4362	d637a75fd61c8a4307b94aaf102d4d51143a663fff97e19a8ce4108eaf643682
reports/v32/dev/trace_dev-17_r2.json	4365	b5a6adf89c6c31ae119187ffafea7ba78fc014a5a8bf94ae987874ab266fc1c3
reports/v32/dev/trace_dev-18_r0.json	1104	f56aab63b85ebcf6e057ef28ed6b72824124ec32e6f9cbe195a84c9ff827e5ca
reports/v32/dev/trace_dev-18_r1.json	1105	c26a95fdf457e505cdfc492357dde804a4939dd072c58120be69917262c792ce
reports/v32/dev/trace_dev-18_r2.json	1105	92e83dab0cc7b01a828e30a028ad24f280f7978d487a2583ccd27560dfbb6125
reports/v32/dev/trace_dev-19_r0.json	946	76e38d8dc1c6c986b105aef0704f7d3ed7f65cd1bde6eec386e38b89c1177ce7
reports/v32/dev/trace_dev-19_r1.json	948	7bafe3cfbf6005a572ff78940568bde1ea498284a33ebe407bc8b2af3b67861e
reports/v32/dev/trace_dev-19_r2.json	977	7838bd7ed01735247c9a28136c35a28b3882db55a8961afe5d41b32e0aaef1bc
reports/v32/dev/trace_dev-20_r0.json	1079	49e120ac367e1252b750e9397015e1b75388cb9fbb6d8a35eb646ddffcc5db64
reports/v32/dev/trace_dev-20_r1.json	1079	74f388376b98943eb646de3a0f4938ea639920173c07b6c783bd711e57cdb51e
reports/v32/dev/trace_dev-20_r2.json	1079	71816656aae7889ad8f690ac82c7b4194b4a70a5e3546cf6c7d9dd60af28b25d
reports/v32/dev/trace_dev-21_r0.json	1088	8f4ff4e7c27ae119c71c23394417af306ba4594f74ec1fa9da39abe2b706a40a
reports/v32/dev/trace_dev-21_r1.json	1122	70fab82a3eeee3a1d04f03ebdeba9be231409d9a03a6e9302bef281b45b377ec
reports/v32/dev/trace_dev-21_r2.json	1088	b99bb14938fcb6cc2c1a9f4bcc8aae8c37b2c2f50a5f7b67886ad9927c29fba4
reports/v32/dev/trace_dev-22_r0.json	975	ba43d830692d5bd0220e18b4e5966e185e5d4a8de694f9d71506f8c5ba25c170
reports/v32/dev/trace_dev-22_r1.json	976	64b664d773d3d31b7196d638f2f217c0f48c00fc92cbe9ab4f8a2dd4edb51f0c
reports/v32/dev/trace_dev-22_r2.json	976	f09fdd1f5055f223dc24b45db58562b93fa3cb4728e976988db479c522177f15
reports/v32/dev/trace_dev-23_r0.json	1137	36234be37d03878021b2dfc556dbd3ff233ff830546cbe6277d475101305e4ec
reports/v32/dev/trace_dev-23_r1.json	1137	aff624199e9cb1381dd25feb7c4c895d538bfc7585f7fff70f66e9bf64675b9f
reports/v32/dev/trace_dev-23_r2.json	1137	22869483fe66b5694543d0a39064cf731b2713c8d1c20b16524e15adefb765bf
reports/v32/dev/trace_dev-24_r0.json	1587	9e02f9c7354aa92d1f96cb50c5e273c1afdec6b3367c648af0b13eb2520b4792
reports/v32/dev/trace_dev-24_r1.json	1499	77ebd68a7c8a25f757187d0c3a2ba8967905cac884775a3fdbb37a569c3199f7
reports/v32/dev/trace_dev-24_r2.json	1499	934359b3af73ac96b4bcc387085e8ef8f0d421965301d1192fa20a6435c465bd
reports/v32/dev/trace_dev-25_r0.json	1188	faf55f67fff1f2202739edb2f3edd645159f97d3119a219e034aa67c11662a6f
reports/v32/dev/trace_dev-25_r1.json	1204	1be2d70a0a9f30e3da220eaa804098c0d6b12eff8f7e2aa969212f0654d1bc6f
reports/v32/dev/trace_dev-25_r2.json	1205	37ded8e43359aa12fddd53d563f56eaa302c865c7df4211f88ffe14b36dd6af2
reports/v32/dev/trace_dev-26_r0.json	1082	2aa93a9ec23c9df69226f1f64a00e2a9dcc896ea30fdc7c28ed3892ca989ae56
reports/v32/dev/trace_dev-26_r1.json	900	22ef0817793fd8e656316f93e382835c3977c3bd22a05321fe17ccc440a3712f
reports/v32/dev/trace_dev-26_r2.json	900	52e8b16a62773cfd923920311ed787b76bd724c78b7b1ee158e475f894a4e51f
reports/v32/dev/trace_dev-27_r0.json	1130	48fd6114d5df5e6c70e6fcbe70d11256dc0a372dc1553e3ff250b8c5f9e0fa70
reports/v32/dev/trace_dev-27_r1.json	1130	ee0519ccbf6ad157b93d55f96f2670b7c79a30ffcc5c248900e67b969262cfae
reports/v32/dev/trace_dev-27_r2.json	1130	2f4f9d8056a79adafbf8c62ac0c4da23c177bf7993f4a2fabe9d4e9f254a9717
reports/v32/dev/trace_dev-28_r0.json	1137	e19e60386ff2f6a2ac517ac8e62a4b709d0ce85e73524dff0ed91884d23e3d35
reports/v32/dev/trace_dev-28_r1.json	1137	bc02a825aa8b2a3319b191234049655fb8a2451cb5a39f49bd3c7e70842f3dd2
reports/v32/dev/trace_dev-28_r2.json	1137	2183c010975d926d993f18d2b4c5e8f051d2c426262316fa242864b7fa99243a
reports/v32/dev/trace_dev-29_r0.json	1146	c43f37ddeb14948a43590111dbd5c7a87a8dd359a163b30f28f8c212836dadc2
reports/v32/dev/trace_dev-29_r1.json	1168	a019d4e1b77bed8fa67516228993059c12bdbeca727e1a0b69c50be3716501dc
reports/v32/dev/trace_dev-29_r2.json	1168	877fb69289e857a61016f6cf7c23a2eefd3b86732404aa8d1c8b2e794a251b5b
reports/v32/dev/trace_dev-30_r0.json	1084	c2b55435ea6fb23dfe8baba4487aad5e29c0fc7c9aae847a7c899604503d0156
reports/v32/dev/trace_dev-30_r1.json	1084	0c61670cbcd1ecbe4091b57f5fe28bd95805c25494177bf97330a8c142e43081
reports/v32/dev/trace_dev-30_r2.json	1084	0fc86f6d216fee13885e6373a5f6199754b010e5eeb51b959f8b0d26f78aca08
reports/v32/dev/trace_dev-31_r0.json	1495	585f28cc28cebc9232654023dbf6eebfb7111330c05414d873c991387e3f2333
reports/v32/dev/trace_dev-31_r1.json	1495	70f7c540e9d43bace9f3ad66419d2bf0a17686b75dfb123d0d3712ca2eec7c3f
reports/v32/dev/trace_dev-31_r2.json	1495	ac395ab36b7da2eb4d1b4f30af5b4f20fbad972f38b28cb7e15654341b3997a1
reports/v32/dev/trace_dev-32_r0.json	1484	59d6b2424e2ea9eb5a4c00d54b08cfb1ecf4d3f6fc593b6ef53c6fffcea18ae8
reports/v32/dev/trace_dev-32_r1.json	1528	d0f676147d6a9d56cb3cc35545ff1ddd2c855d6fec57b51f9a663690fd658ee9
reports/v32/dev/trace_dev-32_r2.json	1484	b3fe221ee3f09b6f5634b18e384af6d9fe6d89681b934a2f4581ded5678bfd70
reports/v32/dev/trace_dev-33_r0.json	1436	a1eef909e1d237a2ebfa7047a6aec88fed2042add17e43052e8e86ecabe03d36
reports/v32/dev/trace_dev-33_r1.json	1436	5f095fbf6efb6fb1c3a6eedafbf85dfa9530f61c8b4511b2be2650d318e85542
reports/v32/dev/trace_dev-33_r2.json	1436	a351d647e97f7a60fd836e4c47f21eabc141c9b8bd1fc28a92b05eb182cb66f8
reports/v32/dev/trace_dev-34_r0.json	1529	b4c40ba747a1d4d34cab4d062cde254f2a94e42b6d820589fa67a75dd6291829
reports/v32/dev/trace_dev-34_r1.json	1529	667f24d3cf6938f30e5a0daf77483ede64c2666c3a8bf3944070b1aba5562125
reports/v32/dev/trace_dev-34_r2.json	1529	e9b6cdd3611ced1525c4644aa452084d1e512e0a8841599c1b45e409549b8963
reports/v32/dev/trace_dev-35_r0.json	1468	ce6c68c2f2936a206299735e8d9ec64780880af47e3bc95387fea5f57e553eeb
reports/v32/dev/trace_dev-35_r1.json	1467	a00e5d3c035414d1d73aa6e4c3c6fdc2ed750466c3d7850f35f237cc88059bbd
reports/v32/dev/trace_dev-35_r2.json	1468	b7196b8746d3fe26feb529727550489e6b7190480119036bdc6dee17e0dac686
reports/v32/evidently_ground_truth.html	3655678	ba80de62c9dd817ad8c3592261f58120db9233ae8b53a89bb8cac87cec74f538
reports/v32/evidently_ground_truth.json	1313	444a68026a6d44a1f8e2b06dee1cda8fcf2edb67cfdc9ec77347e90be9b79f18
reports/v32/evidently_judge.html	3656765	ab35ce648cdb44e5872a31438930de387a0d00214cdaefc78bd5aa50e77fcee5
reports/v32/evidently_judge.json	2649	2406170da8cb33df219d2128a860f42c0d2b1a156ec9c57f86d5cb1324ac22fc
reports/v32/gate.json	408	8e34cb8a8b7175bf081169de0214d99fa73c34459fc47dd7768a9510c15267e4
reports/v32/golden/evaluation_identity.json	96	4ab496a5b844d98c1d11ce1fba386ba3734fd80cd25c91d63267a39cb7107725
reports/v32/golden/harness.json	45028	60f8aeddf0400974a28c82aed859969e8b2a8b4e24a3f8c4cf9dd6a6308d08da
reports/v32/golden/harness.md	2622	5798d2dd27330744c24dbce80b4eb514fc0b46889c93468871b19f09716232e2
reports/v32/golden/trace_gold-01_r0.json	5834	7321b348698f91a2c8af5cfa5ba1e1f3b27f5fd1e17b7bf39b905546ec017a2a
reports/v32/golden/trace_gold-01_r1.json	5834	e911db64714e222fb7c4ba2fa4ec1236969ba1c42646b6f678462a6fe5577c78
reports/v32/golden/trace_gold-01_r2.json	5834	9ec06541d8568fd7a8161d3366977c95659d78fbcdc9ed3a55437b4e42c0059a
reports/v32/golden/trace_gold-02_r0.json	6065	293990c034b9b00f135c988252d7218b27275be8e354f463db65891af7446790
reports/v32/golden/trace_gold-02_r1.json	6249	30ab8e152b2d9f7f746a5f595022388fb44e10cfb456c2ef0afe7e199af49b08
reports/v32/golden/trace_gold-02_r2.json	6319	772bbb639c9f83990580ca75eb40843e7462dc3300332746f99775e571e323c2
reports/v32/golden/trace_gold-03_r0.json	6083	e8c6247f105f4b62010e83837daa5f90a35fdf7efd36f8fda6a0000ac88994f7
reports/v32/golden/trace_gold-03_r1.json	6084	23b918b475ebf12f723cd0649bfde3786d0cc8277375c17a4b10580ea54754a5
reports/v32/golden/trace_gold-03_r2.json	6104	2618d04d8f63aecdf9a0cc0d14cf9299f68af9538a9e407b5966f5bc46366eed
reports/v32/golden/trace_gold-04_r0.json	10994	70f815d05356686795f3a37df81f8473f523111f27abedf4adb35d5ca6f69889
reports/v32/golden/trace_gold-04_r1.json	11021	4520415f84a3a556236bf4f31b138d62b12f77ec4f9170630ef87da48e2a5bd4
reports/v32/golden/trace_gold-04_r2.json	10994	bfb29482bbc15bb9022315bdff0adc37f28e6718acf701e19e055bbfccb13b9c
reports/v32/golden/trace_gold-05_r0.json	8396	967e97d355fe9eb81777e01c2e2fbf4d5afaac6b24b846bfe6001bf1775d0b91
reports/v32/golden/trace_gold-05_r1.json	8129	59df5751e41dd9c2ff7c9c0bab8dfed446987ded7551f404d09f4047cdc89dbb
reports/v32/golden/trace_gold-05_r2.json	8128	6cf3d61da19f239e1f97ed48a830ae4f508485d243e446222c1639d0c30edfc4
reports/v32/golden/trace_gold-06_r0.json	8265	a48ac7a7537188ab7173c5d17a1e3b1c9cf4339ca348a233a9c4b679ebade95d
reports/v32/golden/trace_gold-06_r1.json	8265	14a87f4eff4ddceb4048c37748ad379dc27952360966e4f33865f8e3ba1154dd
reports/v32/golden/trace_gold-06_r2.json	8265	1f8f6f5e8c4ec9557e557c71bef430e412e2c9b32ace9e3ae5affd6fb5ac624b
reports/v32/golden/trace_gold-07_r0.json	7822	7f15bd693e2e4fbf7e608760e804cd0435ab0d460465fbe93272a22f39d1c8e9
reports/v32/golden/trace_gold-07_r1.json	9620	5b7c39b2c4e31dc95f775ea743353514c4a9e9869b5de1b1c1e3af014c350a7f
reports/v32/golden/trace_gold-07_r2.json	7822	e4f3f11673f84a65635735defa37f1d7ca3f0a1a38d7a6850e99ff117a59f891
reports/v32/golden/trace_gold-08_r0.json	8154	572f0fd8d81c077f492bd7d00917e763c891e270a253f9bf470a073221b39cf6
reports/v32/golden/trace_gold-08_r1.json	8153	ae23fe6e0393eae35b8191ef6feb17d44a6a3943eff4b096a479b7a0fe7e97ee
reports/v32/golden/trace_gold-08_r2.json	9121	6f6faad4ef10cd72e4f731142d8cc8a33a5c808da3e5a81ce440f03cdbedc997
reports/v32/golden/trace_gold-09_r0.json	10633	986a167a864b19a7b8113a3e87ba1f8a0581b7e2df02508c98041cbeceae91c2
reports/v32/golden/trace_gold-09_r1.json	10633	330d1e6caf04121df29666864bf23d271e2898710775e38a23555953447ac3b8
reports/v32/golden/trace_gold-09_r2.json	9041	959b982928de866a83e931a62741217dc5df85fd54e435b151f343c9d1c59e40
reports/v32/golden/trace_gold-10_r0.json	993	6d4de04b85ec5c67eca6cc1d4729dfb50d2cf34ad0dd22ad48891dc196231c09
reports/v32/golden/trace_gold-10_r1.json	994	62412ff96a014781b9c165e98604ddf2b37330e7f1cbfb03ece3d0bb4353f56d
reports/v32/golden/trace_gold-10_r2.json	992	9acaf0d6cbefe6f68dc60a0f26dfd1e73b11e47179e16d1d96029c77caac4bf5
reports/v32/golden/trace_gold-11_r0.json	1151	a5e851a0320fe928a1daeaf0fa3a05292e254f81169101563012cc65ebf22266
reports/v32/golden/trace_gold-11_r1.json	1150	40b870d5ded63e47902b25e27bf564ee2f7eab68cff2ae764782823705b059e7
reports/v32/golden/trace_gold-11_r2.json	1151	a6196e94166e093a82c4f1104fd7ecb3b0d49a3b3cdab29cfda5abffbcd02755
reports/v32/golden/trace_gold-12_r0.json	1074	c974ee676704e89344a848dad060fcbfab94cbd4a07b307923865fc87644ff33
reports/v32/golden/trace_gold-12_r1.json	1074	b78aefd30c24ad23a04937a27ea2b2612bbfa2df41f09b7931f02b069d29f4bc
reports/v32/golden/trace_gold-12_r2.json	1074	4e963413c74d6f245f3ba8e32589b9413fa78e37fc0aeee687b4a0f341904f71
reports/v32/golden/trace_gold-13_r0.json	1084	f01fd63a9509b70f7733defb370c2597f3e367c5b7698e6457aa0e04ec1bc012
reports/v32/golden/trace_gold-13_r1.json	1085	a6965cb6fdcd44f693283d00779b05c38039f032923ce103d74a723f7333a9a1
reports/v32/golden/trace_gold-13_r2.json	1085	8fa00cba587a57b6f64440cf139dfa3e65145dbf49bf994fd22f9cf8d1e80eba
reports/v32/golden/trace_gold-14_r0.json	1132	669b345f1d51f27494b06cab4cbc3240c53da4baa9c4fecd7c6992df71b98e8e
reports/v32/golden/trace_gold-14_r1.json	1133	2f86530ce6291c68e0018a70edbf3823a887a8dbf9f7c3b81f09925be8f37e20
reports/v32/golden/trace_gold-14_r2.json	1209	151356a9bf0b4c77cbfd3883475bd10ee3752309576e63bce73db7e1bd1cd0d0
reports/v32/golden/trace_gold-15_r0.json	1171	77d4d709f5dcaf73a7cc55a66a9a1e0f3755863340e6a4dcf20d32ff78e46b6b
reports/v32/golden/trace_gold-15_r1.json	1171	34f032079a923ad1510fe4fc7a64eff2a76c5ac6566a519bb802b853b64db733
reports/v32/golden/trace_gold-15_r2.json	1171	1c34dd162397850c694088f710deb297b528a3e90c2ac9cc635890766242bf88
reports/v32/golden/trace_gold-16_r0.json	1521	45fc64d708ae087d5f16df8909131ccba050ea0f27aa2c143dbd897c3653dd30
reports/v32/golden/trace_gold-16_r1.json	1521	13dc01ff688b3a224c60dd6e37c971605123c211990746af7ec549fd477662d3
reports/v32/golden/trace_gold-16_r2.json	1593	971b6412efddffd5b81c3e5b68b0cf22acffe4bfd9a52f927e6c020343c85aab
reports/v32/golden/trace_gold-17_r0.json	1546	ae42e74cf056ca7dd13d6b4f7bddd7ebe28cbb742d2d17cd98a44e3b7deab097
reports/v32/golden/trace_gold-17_r1.json	1546	31135a084fe2f792d279c74a44a6df9b0c7daa4563e246b3f8b99037902d4337
reports/v32/golden/trace_gold-17_r2.json	1546	29c47ea38822c317c2b589840645da094dc1467c128f9e3cca3713c4c2957b92
reports/v32/golden/trace_gold-18_r0.json	1557	d255c5acf8726b18f8e23b3ed778789cdef51046eeb6250787f144ca8871ef2e
reports/v32/golden/trace_gold-18_r1.json	1558	bd4ab80763a2177940c694b72a46da484ec59b831a5d7c6336a70664bafcf2d1
reports/v32/golden/trace_gold-18_r2.json	1558	2e3565d326921e57e4ec80551bdb10952520d80ad78cef03aa110b352fa57b7b
reports/v32/judge_verdicts.csv	75010	b76f720d4506a54ca04fb60dfb2307b107893f51f4f3882a0211429911db5ea3
reports/v32/metrics.json	708	d57f4ace3bc2f057a05be7c0e28ec55e91cd7d5e93350dd3dfe097341d62e97f
reports/v32/runtime/system_prompt.txt	3728	ddb812cba0d47f2b6947ca1639e90c351f25ea150742f2ed97f51ba899c4efbc
reports/v32/runtime/tools.json	2587	5a3bb424fb3c739e51f8dc462de9eb448589f170692b78ad4b90ffb63293fcc2
reports/v33_preflight/dev/evaluation_identity.json	96	d9cef76d82395186980e36b23a3f32566f0b53cabd3d31d47136f99bd5701894
reports/v33_preflight/dev/harness.json	10267	0427e4544d702518812276bdc9a9c5f6b69c9b4e2a77bd0ff92449ced37bb8e5
reports/v33_preflight/dev/harness.md	960	47f33a26550707568c1cbae7457fe52f53ef809eab862f3f001c4f76b5501887
reports/v33_preflight/dev/trace_dev-07_r0.json	7182	0b45bf89cefb2b6e95bce10aaba2e4a84dd223563351aca9bd2291084ba2383f
reports/v33_preflight/dev/trace_dev-08_r0.json	7042	3ecc41aa6e026a72eb5f51e8a813c9a1570732d663a0d1dd188ead2999de3001
reports/v33_preflight/dev/trace_dev-10_r0.json	8658	3f5e0bab61b8f8e102644354671f7c22cda808375e82b093de3d7a15cdb28017
reports/v33_preflight/dev/trace_dev-11_r0.json	7349	6f17a7b59c4340846851f62fee9efb186ed9d8db57346dc7b7e28bc173e6dd2a
reports/v33_preflight/dev/trace_dev-12_r0.json	7822	334287de77f8baec2091f384c6d8210660eb0bffddf1548f6b34be02ac55431f
reports/v33_preflight/dev/trace_dev-13_r0.json	1119	ce99130838f055793483e951a086e1c397736aee4daf6a83540634f5fede2709
reports/v33_preflight/dev/trace_dev-16_r0.json	960	556397e5b7154c4bcd82957f413c002eb0165d380b22592211de8c4be85f104c
reports/v33_preflight/dev/trace_dev-18_r0.json	1135	48addb23f29b8b0256a3d825a2a51004640a29def3fba9a98b94a48aa962e11b
reports/v33_preflight/dev/trace_dev-21_r0.json	1158	c5a69838981f33449e61d8802cccc5de40bcde78e392bfadb9285324fbaef79d
reports/v33_preflight/dev/trace_dev-24_r0.json	1113	7baaf6d52db4bf8784d4beff35266d14d770daddd62b3368769453d3f3faafc2
reports/v33_preflight/dev/trace_dev-29_r0.json	1107	d72c2906d4f67a03d4bc196c1e9226ee1e52cf33955aeb6907321d309b5ab2da
reports/v33_preflight/dev/trace_dev-32_r0.json	1488	57af53a6d572d3b2784868d3555c2f98ca6a62c8550c49d7eb7e79b00cdbf25d
reports/v33_preflight/partial_manifest.json	415	276c5c0da38a7ee90a718b59346bd27a797d77d20cdfee14ec9917ffebb0cbc9
reports/v33_preflight/prompt.txt	4049	914fd89e71d850274b82620f2414b01af9a1afc573ced33712ac18267c7c473f
reports/v33_preflight/result.json	62653	df06f94a85a31fc49aab0e3cfbf432dd95379d6ecc43b3ba3a1e4ce445f54aac
reports/v34/dev/evaluation_identity.json	96	bc13dcad4b09dde9ca1056492b099f26e622e53704e2169cb169d5b2f595ee59
reports/v34/dev/harness.json	82640	243f6c47393c1179736976caedfc842f3cbeaf8d331892f0b64c7ae262bd4e65
reports/v34/dev/harness.md	4617	0916d715c4d7090a4995083b84310d05de4087061476de6848ea8470ea9715d5
reports/v34/dev/trace_dev-01_r0.json	5727	23a0b3687b9832b473cf5ba209f2b7dda9c4cce1927628c0764adce8e1044a53
reports/v34/dev/trace_dev-01_r1.json	5724	5116f957e2c581052936afc793ae6dd782975e044395b6b16ac155177fa79ac0
reports/v34/dev/trace_dev-01_r2.json	5725	fb6923c5db771115bef289f63345bcba6795066f9dc9ad1291eca037b1daa081
reports/v34/dev/trace_dev-02_r0.json	6359	2e9354e4b56e58d74dc02f2ee77a52f1d31361d55853f05ec1244b072a2eaa10
reports/v34/dev/trace_dev-02_r1.json	6359	82c68c0485d244d94d882699404ec15e7570d41cfeacc56c6a5c563f39f26546
reports/v34/dev/trace_dev-02_r2.json	6359	a997a396a361a37bd22eebae40c7bc663459b3d40c8470efc6ec96d413e50955
reports/v34/dev/trace_dev-03_r0.json	5426	000884cedd493d8967afd5e0d0c18486067be0612d9384165f14f724c785a351
reports/v34/dev/trace_dev-03_r1.json	5427	d6f50ed5f89a8c31ad11ffe697192dc8a85f61b98a83ae16a3d9604583a49ffa
reports/v34/dev/trace_dev-03_r2.json	5427	7c70af784b77ec360d66d9a0a718baf6e43d7e6b33a3fb9f70b340e8caaf21ee
reports/v34/dev/trace_dev-04_r0.json	6020	f55d03e5db1029ac48c4abc12261fc3d21fe87bd2c4104f8eaf1ec9c4379733d
reports/v34/dev/trace_dev-04_r1.json	6021	14d8d32afd98c167493b52a97f1cd3aa9ddd5a15e009781f9d66ea7604aea703
reports/v34/dev/trace_dev-04_r2.json	6020	328bc803a23df827197b22ab7b98e8568c898899e7fd69b47c4d84e52efab659
reports/v34/dev/trace_dev-05_r0.json	5557	468d5b80b8060e7895fb87bb6ee9c356127e41baf37c6a9fd9e2d5b41ca19c96
reports/v34/dev/trace_dev-05_r1.json	5489	5b9739c245f982a7834ed426b1ef404398abdb84f37f7a0e65542eaf7f40fc67
reports/v34/dev/trace_dev-05_r2.json	5488	302e548104e410a04b67c2ee07f642a3ebe999cd3ea2929633da3358faf3d5af
reports/v34/dev/trace_dev-06_r0.json	10926	4ddc5680df77a0db4cd59032528f1f9f5b24d2017d208a4f092cc89f13f9e753
reports/v34/dev/trace_dev-06_r1.json	10716	e425c50e985fe7889639a49180dd53502d648055dd4c3a0cc1beec89a881df87
reports/v34/dev/trace_dev-06_r2.json	10715	91bdc7a4cbedb059c11ccc149b58259135811e81e3a07d9a9d70a0394a86263d
reports/v34/dev/trace_dev-07_r0.json	8118	495876adc15d0e328fa337faf1ec160f79167430121de3b54b4d654aab1c3f01
reports/v34/dev/trace_dev-07_r1.json	8118	f2b0785871aa9090bd0349140387c9ea3ac9fa6400ec26bda35f1f16e97166dc
reports/v34/dev/trace_dev-07_r2.json	8118	59f5612b90de45d371ddbfb16a480492b50c8227706cfbc10c7163512ad07873
reports/v34/dev/trace_dev-08_r0.json	8221	f0bc15a03b75820e8233048435dc0543c7d9edb9f63b2b8ace7d8c87d00edfb5
reports/v34/dev/trace_dev-08_r1.json	8223	a4affeb66698e5c7a7deb74f7ae59e5dc745316f9d42a28f723a3bdc0a83011f
reports/v34/dev/trace_dev-08_r2.json	8193	eb533979491e00946939ca1d3e353170475cd91e28c62c56262beb16bcd1d4cb
reports/v34/dev/trace_dev-09_r0.json	6886	5581a0857ab12bf4a12c5fe8e2bf6a96c1c68793e812ef07e4bdc5a3cbfc5843
reports/v34/dev/trace_dev-09_r1.json	6886	c134b2a4844e577f0faf16b752df97af61697eba79b232cec93420110bfad4a8
reports/v34/dev/trace_dev-09_r2.json	6886	e38ec7251e89cd58d6adfefa95949ade7c7d169272446a8ec998338bb53a18c5
reports/v34/dev/trace_dev-10_r0.json	10761	292cced1830e9309a8fe0ecb69db639096918080955bdef4ca3a8bc0a8d7d258
reports/v34/dev/trace_dev-10_r1.json	10761	19a051f8f2f2ea334341e802b66aa323fa8ab13f4c970480d11ddc1f20c525ba
reports/v34/dev/trace_dev-10_r2.json	10761	7f423ec3106b3c2d3ea4534942d789f3f63b49fbc09b39e2c73609cb7bfd30a6
reports/v34/dev/trace_dev-11_r0.json	9547	0dd22d85f759b0ba0186c9bae375f4b7abb6c4e4768e44a12cf2bcff155a2f39
reports/v34/dev/trace_dev-11_r1.json	9547	6ef1cad842b34ea6930ca5665f34fbad3844f3edb9132d80ae98de2dccc4db22
reports/v34/dev/trace_dev-11_r2.json	9994	dc5731775777b87175b69597ed2bf2a1b8a7752762d35b03642dbc5485091fa9
reports/v34/dev/trace_dev-12_r0.json	8935	c0258fbfe524ac44ac021b90480971f7478892d6d6db67db3ad1c59092777c6f
reports/v34/dev/trace_dev-12_r1.json	8435	e57ad88cf04342512c93e8303823aa9999d98b4c8ce8327c64b4f86eec296b83
reports/v34/dev/trace_dev-12_r2.json	8195	b8e2af49ebcc3234aff1bd5d0aba66a4c6f572c72d139881b6907c5a5e2dba06
reports/v34/dev/trace_dev-13_r0.json	8545	746e9190795848dd9a43d61a61f51449447282330b1a4b40fa25a9e7e38fb016
reports/v34/dev/trace_dev-13_r1.json	8865	cfd93bff0fb9be13999e45ae780f8d770f7a8ee58eea8e809ba652199f66de0c
reports/v34/dev/trace_dev-13_r2.json	8545	348892456d94fe263a1e5175993efed443039147a10337e9b7fe23870f96c9cd
reports/v34/dev/trace_dev-14_r0.json	9437	0a1911c459f6e33dc7081da3c12f226241ef1b117b6d1c42f980593aeea00d2f
reports/v34/dev/trace_dev-14_r1.json	9437	8e58dce97ef115c90fb2f7f6032d039f55bde2c995afe3ad403a3ab48107a3a7
reports/v34/dev/trace_dev-14_r2.json	8725	6ec261dc1527b40ffef1a41f55561f487102f948f2d7183cbb82ae2ccf202718
reports/v34/dev/trace_dev-15_r0.json	9556	1451732adb4465e791057138c87f23c698e079014ffddde019e70be249adf194
reports/v34/dev/trace_dev-15_r1.json	9615	f4246d921175db9a43582b6cc5e5624fcceddb2d914a7fa2b9a89902444ad503
reports/v34/dev/trace_dev-15_r2.json	9568	b1c61b0bdd1eb0985f70ee4eb697b971a35a29b5b68f12490bfee5927ea4418a
reports/v34/dev/trace_dev-16_r0.json	959	98a02af652a49e69e4a1afe8a0b4ba3cd6e16a29774dd89fe1eeca4ab61cfab8
reports/v34/dev/trace_dev-16_r1.json	959	3a39fb675ff7614252a8f3f010f89308a52696cf047d09aab5e6acd41b08b989
reports/v34/dev/trace_dev-16_r2.json	959	1c3a02e8132e0aba25494bf71b7601092b655a72943c2754143994df6a8ee1cc
reports/v34/dev/trace_dev-17_r0.json	4364	a27276c487e464e1b41f22dc31b1a23aea12140970131b9153c9eae515618236
reports/v34/dev/trace_dev-17_r1.json	4364	0d352dcb99ce93a9b7686a15250ca9974a5b3053f31eb679a826e3a11e5cdea7
reports/v34/dev/trace_dev-17_r2.json	4365	97a547608fa3529834d2d1b5963aa6bc13bd099c019785a5de592bdff7bb1740
reports/v34/dev/trace_dev-18_r0.json	1127	2591cefceb7eab54fb2d557ae95b15843794d14c3343c723739cc13f4b470aae
reports/v34/dev/trace_dev-18_r1.json	1105	9e7ad5eff325e34fb7584d1205c4223f13a278ea6236dba32f13f3a3d366e342
reports/v34/dev/trace_dev-18_r2.json	1105	f55d232a0b28f3fd1ecf37206f1697394761ebc722ab3093bcbfe99ff2a6f352
reports/v34/dev/trace_dev-19_r0.json	947	2d7a496f6c1512cdb84bb527cc8f495f35aa21e5893707dabe031b777314d57e
reports/v34/dev/trace_dev-19_r1.json	978	b399e0eca9ccbaafa61b1cb80b3b58af884cdb8bb853f34e1d898802633745e9
reports/v34/dev/trace_dev-19_r2.json	947	795d440ea918d78254d3b839271e1a2782a3ecc04da8eebff1b2bce7696dc488
reports/v34/dev/trace_dev-20_r0.json	1078	b54491488d1a1a54cf125f494a87d328191717689f970f665863d597e6d1746e
reports/v34/dev/trace_dev-20_r1.json	1079	e7eef74aad0d7c1e48b576fe676c948b3033617eb67e8991374a658b0a23df61
reports/v34/dev/trace_dev-20_r2.json	1079	3d4f9a02cf1bc761e647d5ea3aa6ba61ec1356bf2f3c433c73a5f4b5232d230f
reports/v34/dev/trace_dev-21_r0.json	1121	1b835e5daa62ef7d3f5bda94da1184d71e953914c62acde1414570b78edfbec2
reports/v34/dev/trace_dev-21_r1.json	1088	38fa8deaab7f4ddaa3089278ee102b727f8bb0c40b8b0361b67324ba71c12eb0
reports/v34/dev/trace_dev-21_r2.json	1121	2b00d727c3d6f9380d8f0c6ddcc61696250dcfe06516baa576973176c6171b1a
reports/v34/dev/trace_dev-22_r0.json	976	21bd5ec0d7bb62e62cbafaecb4f2bbed6ebdab980b746e61593b1a7d5a6b98c6
reports/v34/dev/trace_dev-22_r1.json	976	4aef318b1b4c7e9d806c3ddf0c31163c16860d58f32d9ab33e5165f030da3132
reports/v34/dev/trace_dev-22_r2.json	976	77de73f1a8bb7cde846eb31aed5093b9313b4c06224d0b610422262d1db1d9d2
reports/v34/dev/trace_dev-23_r0.json	1137	4b842527ad92684b98ba64f22a248050b096990df1d82e131583deee00e043e9
reports/v34/dev/trace_dev-23_r1.json	1137	db1ab0b86135dffe738898008c18f4d3dc9db5b6aabe6e4d951de907f827d1e3
reports/v34/dev/trace_dev-23_r2.json	1137	38fc114dbc8d12dfc4ca5db6aa8c7f4d1e44fbe198967244f21c04684803f829
reports/v34/dev/trace_dev-24_r0.json	1587	b0685f7d542e8576415ea0562c2dbdb1a6d02c70942eb42814c7c2d72557c055
reports/v34/dev/trace_dev-24_r1.json	1587	822cae71248465cee200188f35e17357d4c292917a9b8ac8d053bdeb571571db
reports/v34/dev/trace_dev-24_r2.json	1499	d258c15ceb7b90100f15567047b28163166acba09eebed22958f5d320fbcf475
reports/v34/dev/trace_dev-25_r0.json	1189	e8be3b1d2759fd30fb69608610cff3d3054140717646e6ecae83585ef8738472
reports/v34/dev/trace_dev-25_r1.json	1189	7a5aa01c91e966017bfb73e863ad0462c598dd206efd09e5792939af44c0f8c9
reports/v34/dev/trace_dev-25_r2.json	1189	0ef20b5ab25f5209dbe7be616fa3982142813c3afac8f823a1110e373b409a1c
reports/v34/dev/trace_dev-26_r0.json	1083	a79728def1263bfd6f195798c7b76cee9efa5c6236bc9fbb7aeaf34a8e5d3d0a
reports/v34/dev/trace_dev-26_r1.json	1083	6c1e389cba86b137ca964beae7c054f6b15931fd680ba0a748129610d190ed6f
reports/v34/dev/trace_dev-26_r2.json	1083	eed6c951acd62cf69a3bdc9841d17265cc2f5581ba243b52da6cc291219dfd7c
reports/v34/dev/trace_dev-27_r0.json	1129	1ad8d9a7347e64be67bd8d8267411b308ed0d0cee422d5bb752c81f5270b79b2
reports/v34/dev/trace_dev-27_r1.json	1130	2697f217a8cea8a4510b56a03081c7f2e44ee12271547f41ae724d22b819a71d
reports/v34/dev/trace_dev-27_r2.json	1130	98d1a8a31200e49f3667270a02d9ce22f7757d1270b510a75a6f80c87181d759
reports/v34/dev/trace_dev-28_r0.json	1137	78ac835139325686c3e719d201b169be0659940bbc9d1bcb0e6a34d490de2026
reports/v34/dev/trace_dev-28_r1.json	1141	9e33beb2d074ad75c9d8c47750a828f4046b86143a66b4d487a4387eae0f1375
reports/v34/dev/trace_dev-28_r2.json	1141	8fed881e830ac8d47cb966cba178f8f31ca0069310528faec102ffe5e52be4f2
reports/v34/dev/trace_dev-29_r0.json	1146	f8cb277e70b17d130a34297cb6e8ef27c3de2669cf31999c7409eba6ae3c9ecd
reports/v34/dev/trace_dev-29_r1.json	1168	e6216e3d6bcbe541c807de8270bff8c50abf859d6ec7a5f897248635c7fe3077
reports/v34/dev/trace_dev-29_r2.json	1145	4c8badff1a6350f97d1e8ebeb810d0fc74ce412dfef15b597a127ef4e15de738
reports/v34/dev/trace_dev-30_r0.json	1084	fe6b56a06c34ea7eb489f745955d2cd63d3fdc82cd790cc5bf6bd6780d415458
reports/v34/dev/trace_dev-30_r1.json	1084	3d32a46de6549fd6ef1f8862da01fe399805bc6d227dbf9f5fe01ae02c135bbd
reports/v34/dev/trace_dev-30_r2.json	1084	7dbbc5efae4b0db050040e28cdb49aeb51a65ddabd9f56f9da725335d095aa1e
reports/v34/dev/trace_dev-31_r0.json	1495	7aa536e099e5dd043becf5a5278766636be09a8a7797782f0bcc39206a36558a
reports/v34/dev/trace_dev-31_r1.json	1495	8057c7c9fd4b44a0ce80ac1d44d948e75b8ff93967d7f8015210c3ceb4892a95
reports/v34/dev/trace_dev-31_r2.json	1495	7a1c2630f3455c0bf23b2b47dd878107f4805f77e5ba6e4eab39aeb92239ade9
reports/v34/dev/trace_dev-32_r0.json	1484	cad6d3bd37d9752b9df249aca20712778ef85180873fece96fc9ed3f52de2e7d
reports/v34/dev/trace_dev-32_r1.json	1484	01af10d1a2ae302200e00965f6ab702bdcecebd7e1ec2a6ce517c1fdc057cfd6
reports/v34/dev/trace_dev-32_r2.json	1484	e6e6bb1c58230c1972002cf8be0adb2280c19bb3de64fad63e140fb9424b871f
reports/v34/dev/trace_dev-33_r0.json	1436	9b348c1e860578192c1f2c7c98167d0771e6d3aa17feb38e953c1cc46f8e4539
reports/v34/dev/trace_dev-33_r1.json	1436	eaa71cedaae3fbb535f83828129ca2c66e1bbce11ccc077bc7a2c1fb3a2ce02d
reports/v34/dev/trace_dev-33_r2.json	1436	cbbbda54d899a6a5de5affcbf31e26674dbfb3379485ba07351fb76ac66561a6
reports/v34/dev/trace_dev-34_r0.json	1529	fa9650850641063f26b6087acce1313f1a0d20c4394fd58b012a338f49466140
reports/v34/dev/trace_dev-34_r1.json	1529	1c453526bd6f60236b9cce28dd61dd38090e9c294f9ff82ca2cf5fff260d3649
reports/v34/dev/trace_dev-34_r2.json	1529	28f77854de42da7bd6fe9dae41729580d41f1a14965c375d864b72100b4551cb
reports/v34/dev/trace_dev-35_r0.json	1468	254582e5ea8463688ad0561ad24ab7df65f30943a02f6541e6e2bc585a48fc94
reports/v34/dev/trace_dev-35_r1.json	1468	cc2bfcfc7636e0711cb736eb4036273c7c51c50167706d9ead99bd23fbf6add9
reports/v34/dev/trace_dev-35_r2.json	1468	13605f0dac182020030dd934458a2c37880d5dc53c21ede9da42929738f47dd0
reports/v34/evidently_ground_truth.html	3655678	2fd3fb7e6818dc8430bab06fe54c40faa105027d96196fd0dbbf35c1cb9cd959
reports/v34/evidently_ground_truth.json	1313	444a68026a6d44a1f8e2b06dee1cda8fcf2edb67cfdc9ec77347e90be9b79f18
reports/v34/evidently_judge.html	3656765	f4a25accb95d8018f03a7114b5f56c17d435da3aa577ec5557fc6ab3f6fdfd39
reports/v34/evidently_judge.json	2649	2406170da8cb33df219d2128a860f42c0d2b1a156ec9c57f86d5cb1324ac22fc
reports/v34/gate.json	408	2a7ee870dabb309df59435565d6359ed206079fc0497033307a274b8e0a0d5f3
reports/v34/golden/evaluation_identity.json	96	fd73bd1ba1668fae6367fcc3c1a922885dffe91505a21c734269a17d6a7e4a44
reports/v34/golden/harness.json	45200	e6fb912b375e28109b9758688d4530009c56b4f62452cc4ce89b7ec1decece34
reports/v34/golden/harness.md	2622	8a483063fcfa185bc28ba8f6cfc98c199c2791cd76e203045df67b43c930e6d4
reports/v34/golden/trace_gold-01_r0.json	5855	40e31482d9f2a920078cab621c1bad32ae5e636295ca1e21d3719515d739c547
reports/v34/golden/trace_gold-01_r1.json	5835	9e25958c7308b6541f57f18abcb6654190fafbc7079fd65e20c9747b65686230
reports/v34/golden/trace_gold-01_r2.json	5855	9a05c5021bb9d1f65dbc3e1958ef089fea73545cdb50ba071bffc9ee3c1622a4
reports/v34/golden/trace_gold-02_r0.json	6248	288e07f571b2b2462a54b4e59a7c01e4e3924ccf459534e8f763e1a271247457
reports/v34/golden/trace_gold-02_r1.json	6249	b0c3e09eee907d0d1a3c8195d402e9c657a913cd4cc6021dbcfdedb6bb0d5780
reports/v34/golden/trace_gold-02_r2.json	6069	4a02eaf869f50d88065c9e3c6905841ed2ad6df6375826115e1c26f804d6be66
reports/v34/golden/trace_gold-03_r0.json	6085	7648fdbe745dc4958acc34bd4608e96f812ab4980d414abab84518d5657d3347
reports/v34/golden/trace_gold-03_r1.json	6084	49ab222d1be0c3b0f28333c3d500fa064743948d965e6f2480329eece7091fd9
reports/v34/golden/trace_gold-03_r2.json	6084	5798b41341dcc1adcc699426cbd57fc4d68caba6f794c07a31ca9e96f8869c1b
reports/v34/golden/trace_gold-04_r0.json	10994	9360bdadef611947bbbd45ba78187100e630ab9fef41d0659dedb0dcf718435c
reports/v34/golden/trace_gold-04_r1.json	11021	8a49b723a994baac1ca7748f692cc66bc3d434cf996c47edcbf8e0f20314b9f1
reports/v34/golden/trace_gold-04_r2.json	10994	95061c6034612711139af24c0cd911cbdb8a449c7e9286b590d29e7c5b391064
reports/v34/golden/trace_gold-05_r0.json	8128	2ec396d94407e7f05ae90cde0136561370ff47a566910fe5761653ef5508dfb0
reports/v34/golden/trace_gold-05_r1.json	8128	5ba9662d05e8e676ebbe8f01b3711370c2d732aabbe3ba79e53378fc46cb8c1e
reports/v34/golden/trace_gold-05_r2.json	8128	6ba8641ac25945e37f69b4426ee8040a2f9f1536501efadcb23d9521910d23a3
reports/v34/golden/trace_gold-06_r0.json	8265	3e492da0772e649b1050cc42fc712648dc3cebc5c223ae0be78f46aedf792293
reports/v34/golden/trace_gold-06_r1.json	8265	c8aa1761544c6718ca5ce15232ef409084d4aedc72cfaabbf391f7a1c9cd7f73
reports/v34/golden/trace_gold-06_r2.json	8266	492b21f6fe0c822ffcdd1b080069d60cb14f1dd20deb0fc3fb22b6c238f46a39
reports/v34/golden/trace_gold-07_r0.json	9619	72fde7e21734dc7ee95104b513827dd5bc50546c2462d714ea9367283618b279
reports/v34/golden/trace_gold-07_r1.json	7822	948b4b012ad7de800cd3603ebabf2fbd1619cf9a3f14aa43b6666e0f294c4668
reports/v34/golden/trace_gold-07_r2.json	9532	d5441393fcb3b776242bdb41e44a1afb0d58f1d955f3415929eba240c4e5051f
reports/v34/golden/trace_gold-08_r0.json	9120	c61b0d04c5bddae209870603e9624ab4a5f896237d3fb9cfc800d558798bb39f
reports/v34/golden/trace_gold-08_r1.json	9121	1ee62a994d36f78d36e0c84c847bdade6250088ededd5a76624f02d32bdcc26b
reports/v34/golden/trace_gold-08_r2.json	8153	e0f245c0a0b6f4e0aa36980af50eec7af088a6cef036fb1ffc57b06f20b61ee3
reports/v34/golden/trace_gold-09_r0.json	9041	e505c2b32ba8be32c68cfdc37c99d44705c49b07f50e2174bc59e70c31948a97
reports/v34/golden/trace_gold-09_r1.json	10623	6387b542d8bd11dc5448757f12b4ec1de4141dd7665e6918686750061538f97f
reports/v34/golden/trace_gold-09_r2.json	10790	520a4fc703bce28813878dbf5719c81ca3927ac28f284b7e96065519e6ac8f68
reports/v34/golden/trace_gold-10_r0.json	993	7f7a51a163e53805a37cefb92029ecae27aac1a140d2f15f146d441c48ab41fb
reports/v34/golden/trace_gold-10_r1.json	993	14d76c100b7cbbd5dab82c372fda09281873adfb8c307e7a5f041cb6a72d8a1e
reports/v34/golden/trace_gold-10_r2.json	994	63dabece531dd0f24262db4beeae4ebd88184c572a5412a940c5bc26156bdd47
reports/v34/golden/trace_gold-11_r0.json	1150	2eb9641af49f73f925408e2deb8aed9fa5bf232c8a8f8e96a068f82151287a34
reports/v34/golden/trace_gold-11_r1.json	1151	423fa3b970dfaae3f953289f3f9ef609fbe002023efd8c3148e62f491add8f76
reports/v34/golden/trace_gold-11_r2.json	1151	3a03bd34bc29b389dc99cdaba8857cbd63fe69d5f8e4d1c5c78f718aff79aaa1
reports/v34/golden/trace_gold-12_r0.json	1074	5c04f381700a378269c544da1166c86b4ea6836d6cdda9b8d41f7d86b8170144
reports/v34/golden/trace_gold-12_r1.json	1074	c86ab4d13c32c0845fd2abf018b2df8d29df3b39f6660c32512d8e3f8f241621
reports/v34/golden/trace_gold-12_r2.json	1074	305b03a591a45979610d48273f91cd744db060eaaf00a4ba29a9bd4f9ac65607
reports/v34/golden/trace_gold-13_r0.json	1085	accdf0c0dfce2e1777ae6befda882d7b3b1d553971c4a138788778b30019c814
reports/v34/golden/trace_gold-13_r1.json	1085	18a872175861335056e2057dd885d700c2eb9761a50dcbf895bd5e9e50cff61c
reports/v34/golden/trace_gold-13_r2.json	1085	02be17f76c17a759b85743cde09cd10c1c273b44dce6d44741bd5eceb3b36bd7
reports/v34/golden/trace_gold-14_r0.json	1209	2ab1fe35f493a7996b166422cf574d4616ee5ab4ad80660c015775b4179862ad
reports/v34/golden/trace_gold-14_r1.json	1133	5c02c6cae94d1b053c43e53f38db3f233d1dcf49ad72b848ad12c1f6abf57ecc
reports/v34/golden/trace_gold-14_r2.json	1209	0e514354a3a0c91119bffc21c763da478f0e20ab662be5244b77fea3bcc259bd
reports/v34/golden/trace_gold-15_r0.json	1171	559fc3f0bf18043fe02efca2673ada15e49743fbc0670a81d938a47071b270cd
reports/v34/golden/trace_gold-15_r1.json	1171	4a895c348dc95d0efbd969f6499eaacd599c88be721f06227fb7688b85ae8cc4
reports/v34/golden/trace_gold-15_r2.json	1171	094bcd0efd028c7b09f0aa72939a344ad4d2cb86022f03be40a6959bbf1fe77b
reports/v34/golden/trace_gold-16_r0.json	1591	89c4691f34a720e8976990b2f25c88c772c03468f261defa7af8dab21b3ba9da
reports/v34/golden/trace_gold-16_r1.json	1593	0afa5b1ea48fe4cfbcf0f153d548574b81fd1e3f4f343c786452cbb48413cefd
reports/v34/golden/trace_gold-16_r2.json	1521	6d1104bfd5db52208ca3f4c06be74226bf56cff297739b82b993499c3b4d394f
reports/v34/golden/trace_gold-17_r0.json	1545	c2c8d6f9ffad4b15feb448b06e9ec1cbc4fa5c32e6ab47c2931029fcc954c08d
reports/v34/golden/trace_gold-17_r1.json	1546	c275edf83fb37161b9877ec0c33c9081c6c413c3189399569c8d8389ed631958
reports/v34/golden/trace_gold-17_r2.json	1546	40eb8ac93ab897fc3699615acd4d045448f4d84092ecec192a355337f7f66b05
reports/v34/golden/trace_gold-18_r0.json	1558	812bd81bfe0300e4f8999fcbf970bbbab230b8cfd59b23f94767bea71d717cb4
reports/v34/golden/trace_gold-18_r1.json	1557	ec724b649f48a4883e8dc89111c30d0435c925c1bdaade71cdc0bce92f8addea
reports/v34/golden/trace_gold-18_r2.json	1558	503fac5759a002745b0b3cf3849ee50ccec585a1153b8cb40bbc93bc16efd91c
reports/v34/judge_verdicts.csv	72138	165f3d8be8f29e28daf9540332a0a3302b7924753f15d6db5c738be50beb63ed
reports/v34/metrics.json	692	fdee2e0fa541c61cc2fe976a1e519f331a2dec7695f79efd40c41467946a0fce
reports/v34/runtime/system_prompt.txt	3728	ddb812cba0d47f2b6947ca1639e90c351f25ea150742f2ed97f51ba899c4efbc
reports/v34/runtime/tools.json	2587	5a3bb424fb3c739e51f8dc462de9eb448589f170692b78ad4b90ffb63293fcc2
reports/v4/dev/.rows/dev-01_r0.json	4517	58145350e1e7343080958b45bbaf495c0db5ca435e9157a41fd73e64c1bf0d20
reports/v4/dev/.rows/dev-01_r1.json	4517	433dc11c765b8d18a1c5792aa68ddfbe24aa6e7561585e715e2d206076e71604
reports/v4/dev/.rows/dev-01_r2.json	4523	ca0909ebc93542b80972e6f1c0d64ffa322e3f698c53ab3136b6341eb0ce41d3
reports/v4/dev/.rows/dev-02_r0.json	1351	82ea80c142cb3d76cd5a01cd5868462858f30c7713276f252898e154f3ae35d9
reports/v4/dev/.rows/dev-02_r1.json	1353	d169de43bdc80c07f0a4f8b47e06dff880ee30ea72c6efb83c68e74e8f4768ab
reports/v4/dev/.rows/dev-02_r2.json	1353	94ee16eba75e4b20213956ce5ad9c48243afffa7d08ee50d25e4176c22c6ada5
reports/v4/dev/.rows/dev-03_r0.json	4383	9c117a8d6f540257f35c63a5b6c6092ae00dec10c085c6eae92f9e5be94fb313
reports/v4/dev/.rows/dev-03_r1.json	4385	1d0b773a3e14ccaca14ad74a55c47826d6bf465fcacde0870813101b0861d135
reports/v4/dev/.rows/dev-03_r2.json	4413	e2e6611c6176325ae169798bd0279cf7e53f4f15670b9a03923cca51faf4a619
reports/v4/dev/.rows/dev-04_r0.json	1329	959ca110e2bec6f823a93c161d6c79a707803209f1c26291e7ba88d1886d561a
reports/v4/dev/.rows/dev-04_r1.json	1329	3e2435f9b08f93dd6aeaae3f6923335b7263b8b6206d846a48c1ab2218295d26
reports/v4/dev/.rows/dev-04_r2.json	1331	9a018ab6fdf1629e8b0f6c1bdd1e4bd539a8aaab878d37f3b2159261c6c963a5
reports/v4/dev/.rows/dev-05_r0.json	4394	35d5d32f515cc34ef095b95c61792a74bc323b948592de31b056c4edcb4a6b7c
reports/v4/dev/.rows/dev-05_r1.json	4394	a84c1ea3874bc1918bffd668082ea1218c1deb3913a437f49b725f01e0a6792a
reports/v4/dev/.rows/dev-05_r2.json	4461	2431c63f170a9cf3237f0bb1bab5a4945bff57a57e3dc6e4cb3e8082c5becdcc
reports/v4/dev/.rows/dev-06_r0.json	5759	50ac58ed3bc6a5eb7971af8a05bf906d4eeedf21fac65d0508fd72103b46eec8
reports/v4/dev/.rows/dev-06_r1.json	4826	883835f7172313b71a0f6dfcbc83630ab15fbb3aa73f7f9641b994c02b9a3347
reports/v4/dev/.rows/dev-06_r2.json	5735	353addf1264ad0f16ecb4da283a89f391716473b861e112681c75ae492adfd1a
reports/v4/dev/.rows/dev-07_r0.json	1578	f785a774a08de2baf9b6ad31c540b837c54446604d7dec285406337842abea67
reports/v4/dev/.rows/dev-07_r1.json	1665	7b4ca3ba32c55d0e0466b06860d5296cc67c2be8999b0e9d7f1b7f3e654a43b7
reports/v4/dev/.rows/dev-07_r2.json	1632	663740334d2536cb2a9706af48b55d9074083280a2deb5804c62b1167fe164a8
reports/v4/dev/.rows/dev-08_r0.json	1588	bd5aa98c6f2cfc5016ff2460e1301b06541629f44a5f5885f00027e4e72b509c
reports/v4/dev/.rows/dev-08_r1.json	1588	90699ff713240700eb2d591cccceb2208e7cb2f8e6d19ff67dc1c833680f17b2
reports/v4/dev/.rows/dev-08_r2.json	1588	11cbdafaef52d31eba2d4c7cda6a7adf171f58b8e881831699ea5ab366896712
reports/v4/dev/.rows/dev-09_r0.json	1456	6a6db0431539e89454e276f1fc5093d9044a30929364a9bca44effee795ca0b2
reports/v4/dev/.rows/dev-09_r1.json	1558	9e43a14abd18e18d8a92a1b1008796a97a032bd09dcb6982d859e45bf7457d13
reports/v4/dev/.rows/dev-09_r2.json	1456	d80e15db1dd0df71a67bb8fd15c0bf30fff2cb13405603ad4d22c6a6c2a659f7
reports/v4/dev/.rows/dev-10_r0.json	1728	51356da112e678399edd2c6891805991bb46f7ed33e4f0150fb193269581ce5a
reports/v4/dev/.rows/dev-10_r1.json	1731	b731d61727ba22a07ce83bb9faa298ecd117f92185bde01034ad4eb2b37e03ab
reports/v4/dev/.rows/dev-10_r2.json	1662	8103707ce94a6a62513aab9ecc7aa2697a3b24f5469d3635911d6456067991b5
reports/v4/dev/.rows/dev-11_r0.json	4663	f7dbd0af9faf236d9b39754d955dc965fe0a1c226a259a341f2bb6beadcee7ee
reports/v4/dev/.rows/dev-11_r1.json	4674	f3c43763875ec4f97f9ba56dedbdadb06f0ac21768a832a18cfb60756af29366
reports/v4/dev/.rows/dev-11_r2.json	4742	a168979f754d10fc8ea20b1d6b5e6155138a91cb8c6c6a8582ba5882f5043ae4
reports/v4/dev/.rows/dev-12_r0.json	1563	68c0cfb265300d878238d3dc3603cb4d4a38309ef8c615b9ad809fb78e45557e
reports/v4/dev/.rows/dev-12_r1.json	1563	f2c15846a0008b61793dd9051da8e03f983b852c82c6972c0d14080dc0b55c82
reports/v4/dev/.rows/dev-12_r2.json	1563	a57147b66bf6719a791ff9ea05c2f3d0aaf87e0ee6f5b2441eb277d28c6ec44d
reports/v4/dev/.rows/dev-13_r0.json	1463	61b9bf123c57522562d88c1822320961e8415b7788644b52ecc1685856a1dc6c
reports/v4/dev/.rows/dev-13_r1.json	1463	18e8963c80945732866bb7e84cdd7544c9b5fda37f75dada4166796a38c8d07a
reports/v4/dev/.rows/dev-13_r2.json	1463	00b67445aa0e0be2af04d7fbc923c9126c62448dd6ab370b27e9a4785f8115c2
reports/v4/dev/.rows/dev-14_r0.json	4568	f73c72352c657753107436f2b76edadd3aa9fbc91d3535d722ead6d4f2461468
reports/v4/dev/.rows/dev-14_r1.json	4735	66ccbaaf50e46a98780427f3094a88e4e7bd79ca6ddd20c3f03dd3d0fcb6116a
reports/v4/dev/.rows/dev-14_r2.json	5175	bbb0b912a1aedc496767f7fb9fcdba4534af3637b42f262c08f6c60466fef2ca
reports/v4/dev/.rows/dev-15_r0.json	1402	6b350eec4fd79f7b700b4cb1bbc666c2176cba6252a4c3d848078a11289b7d2e
reports/v4/dev/.rows/dev-15_r1.json	1754	dec777a8d8b6bcee40cc8e3e58c46e4cc74ba6cec3d47bb73996a8ce0554ffd8
reports/v4/dev/.rows/dev-15_r2.json	1756	d0b474c09ba7b56dbcded5bf3f474a05157267198f4f05a70614f4542f478003
reports/v4/dev/.rows/dev-16_r0.json	1316	355165ad434dfd266d0d1e3740b33c46491310e78a354d91ef66252f9f851b2c
reports/v4/dev/.rows/dev-16_r1.json	1314	b9b32ff75fe9da67f54ea030b629fd7f6425710aef19d9eeb2e3a2d8547e2b2e
reports/v4/dev/.rows/dev-16_r2.json	1316	72946a2df37c44f250e5647e225475a963ee8926c9275b68c9331f25012c2ddf
reports/v4/dev/.rows/dev-17_r0.json	1321	7b46707418d643c517d056e160ceb4d2fcacf5671d1b80558967c14c979a54bf
reports/v4/dev/.rows/dev-17_r1.json	1323	634fbb5b9db7e47e17116f4e35d6d94a3c2a32453e04997b9469a0eeca244b1b
reports/v4/dev/.rows/dev-17_r2.json	1321	0f3642c31d4b3fdf2f3209fa3a53039efb790680abbc445208a5fb1f9faf1dfd
reports/v4/dev/.rows/dev-18_r0.json	1352	44edef99547887f583409454a968b0fdb6db4d8d660b30fdef2d1127c16db92b
reports/v4/dev/.rows/dev-18_r1.json	1349	950099da2e7994b39e49127199ff877ec86b17d86e68cc22ee75ed3baefd8d4e
reports/v4/dev/.rows/dev-18_r2.json	1349	5b34e6432f9601bf8b66eaf564324c4ec91ade5b8365c2e8cf939e3a4eb1bc9f
reports/v4/dev/.rows/dev-19_r0.json	1317	a3dbba97e610565b3cd945afbb3c3644b6b99c2f3aa19e19efdc4e23a7847d0f
reports/v4/dev/.rows/dev-19_r1.json	1317	273771bb1b30900b3fcc87680001848cf668d8807ba9d8ee3608ac8085d22d95
reports/v4/dev/.rows/dev-19_r2.json	1319	26bcd8dfe1f8d361df2a793b3c216ddb3da2c8fd730ae94a7fde388aea3b2981
reports/v4/dev/.rows/dev-20_r0.json	1434	0176cb5df55b3799c07ac1cd8d193d0ff94f3540d70e2c76b294c09ac78e626b
reports/v4/dev/.rows/dev-20_r1.json	1431	05b68bb1030cfb60435b2dcaf01b25ae749bccc5a5b386d260ad266bf6307863
reports/v4/dev/.rows/dev-20_r2.json	1434	ed74a5e1ce9723232cd2b8f8abc82f8c2824ff20c41b52935db50e28c425fb42
reports/v4/dev/.rows/dev-21_r0.json	4145	12f6d8586f24a9e5315be9c197d2e1f4073c429d74e312551e8bb068a723145f
reports/v4/dev/.rows/dev-21_r1.json	4145	8bef696c559035df8d16115ea2fae33389b3891e4927ce17bb8fc29455b03a96
reports/v4/dev/.rows/dev-21_r2.json	4018	581a30eb6bc5fb58527741f9a289c79b86ca7eb8ce4772de2dc73d5d166a44b1
reports/v4/dev/.rows/dev-22_r0.json	1243	e88e38ec946fb281af78ebec488e61cd7658363005cb91381ee62c1750d277f3
reports/v4/dev/.rows/dev-22_r1.json	1243	06555171594559f076626f341f47261b2350bb5eabdbd40ebdf7f370d54ae49c
reports/v4/dev/.rows/dev-22_r2.json	1245	2e08f1f91567510aa97e770ad0b81d993ddde28d3085b4f93dbdd5893f20a349
reports/v4/dev/.rows/dev-23_r0.json	3772	1c02d873ff9894b9df6b2efe7e56bb73b1fa45eb41f6658b61c63982aeb445dd
reports/v4/dev/.rows/dev-23_r1.json	3845	8ba6cb4dad677d68e72cd0b272f9f0c6e1a692bc01a87668d70c9ac1fc28838f
reports/v4/dev/.rows/dev-23_r2.json	1262	6d9f3b1fb373767a00e6cca2d8fcc416542a43a1687bfabe4e35b048583db8da
reports/v4/dev/.rows/dev-24_r0.json	1233	048c8dbe3b8ed4808fb6f7092ab895faaf6969a68297e335432f4767808a73a2
reports/v4/dev/.rows/dev-24_r1.json	1233	96fc4f69cf27af954f2b35bd2feae819483708bff6018540c55209e5155651d7
reports/v4/dev/.rows/dev-24_r2.json	1235	7bfc12e4b708df30c9b6aeb60762b01a532aecec76c8af80db7eb8a048a7fad4
reports/v4/dev/.rows/dev-25_r0.json	1310	0e8c71531901109730d9948e58369ce16786204d573196873235cc7d4f43e696
reports/v4/dev/.rows/dev-25_r1.json	1310	2bcb2ff8387d2f90a4f30e4fa8a83da653e59e595ba7164e6decb9c572e83ee1
reports/v4/dev/.rows/dev-25_r2.json	1310	727bd6a1adb2e9a88e9a7d125b60cd13deccdbed481ad470128c983be895c701
reports/v4/dev/.rows/dev-26_r0.json	1446	ac9dd29a1a567b0192b6441ba7ab0671669d6695e2ba660e425201dae7aee747
reports/v4/dev/.rows/dev-26_r1.json	1446	978d0ba9de441c2e3c7c1de17a57de883f74f6f233b9c3ad6e894a1685675587
reports/v4/dev/.rows/dev-26_r2.json	1452	8f3bb5395d8c28471b0e0d40a5247c67f13c16b2d92686cad7ca77ac60029da9
reports/v4/dev/.rows/dev-27_r0.json	1380	1f363012ff2372bc914d55fb3f310ec08abcb08b17517c6cd51336aba93903d0
reports/v4/dev/.rows/dev-27_r1.json	1378	1a2593fead0a90d2cd7ab984881966803aa24cf6ad8c4ba498dc9fdba2651f8b
reports/v4/dev/.rows/dev-27_r2.json	1380	046aef0385dd48c3ad7eb919e40ea8a50836b06d8df3afa60f596a3c69b1a5bf
reports/v4/dev/.rows/dev-28_r0.json	1416	122fa3acb81ebfe2ca8bc7bba98a7b7754c6526246272ad98b0f8c5775ae8322
reports/v4/dev/.rows/dev-28_r1.json	1416	2a4ad578ce59aa69a23db4fd9d629b1faf87c2d3ebe323f50fef2badc7ac6a01
reports/v4/dev/.rows/dev-28_r2.json	1416	c5af508dcd0330fe6b20981c03918642a6ccfc135acca052f3b6f853ed15c046
reports/v4/dev/.rows/dev-29_r0.json	1630	fabeabd5bc5f86ba937ff3f7fed0f1a07c9024caab7cf667bfcc767245350c3c
reports/v4/dev/.rows/dev-29_r1.json	1597	86e58846e2fe31e533a58c3dabd1aaf414c4d1d509b58e7b1578c394e59489c8
reports/v4/dev/.rows/dev-29_r2.json	1597	7ae294d90a19f23aab558b15e6fe1060c41137af3743e2511d31347f6dc60c15
reports/v4/dev/.rows/dev-30_r0.json	1364	363bd84319582e54c9f0e91410919e39458c9477fc83c5a9d4f022b12e76186c
reports/v4/dev/.rows/dev-30_r1.json	1366	3fcf092111aa7fdf001ca3d64237c4eef2e78ed47083532f43a101922604b427
reports/v4/dev/.rows/dev-30_r2.json	1366	97cf852ffc089cc4f034e72694ac8a8c633baa98d6909baacb51f564dbaf5053
reports/v4/dev/.rows/dev-31_r0.json	1318	9b718101830e265e06c96c035dc0e3cd9ef7cb891d0c0a2015aea982bdc3c29d
reports/v4/dev/.rows/dev-31_r1.json	1318	8a9255ccf5247d396d72794b8224034dd0e6d0d3ee766e3c89d7e72bb09cfb72
reports/v4/dev/.rows/dev-31_r2.json	1318	7932728b6d9d2587d567e1b92185a00c931d4463259554f24dbf6c9fa28cb096
reports/v4/dev/.rows/dev-32_r0.json	3158	92ccc4695865fe16e95f7da769ee9b4c0ecb376fea17690772cf1e2c42cbbc04
reports/v4/dev/.rows/dev-32_r1.json	3156	96936936f6abf61a94c95f6a651a38cea173abf8fd5c6bd954ac311aed31cf09
reports/v4/dev/.rows/dev-32_r2.json	3154	27b13db364bbcc639a584683de87cf7da9a6c80c90ed4ced2ba0130998d33ea5
reports/v4/dev/.rows/dev-33_r0.json	1409	e7746cdaddcceb942456ccf1419c093c31d9535d6850c3fc00f8fb0230d816bc
reports/v4/dev/.rows/dev-33_r1.json	1409	46d231b52dde57d2c1232f3a2504f5e868680c0e391d55cee71826f60917a2d1
reports/v4/dev/.rows/dev-33_r2.json	1409	36feef210b1a9c0c162574c8e2148cac0d7b0406c83cbab8abb396ff9a532942
reports/v4/dev/.rows/dev-34_r0.json	1352	5fda44576985ef1ee656568d2dba8f049500b6dca3bab73ebefbdf6de223a878
reports/v4/dev/.rows/dev-34_r1.json	1352	30329ac00a5ba0cab39fc29477e7f2ee28bd7952c634cad0389990a57917fca8
reports/v4/dev/.rows/dev-34_r2.json	1352	70e71090088ad8034899e0e0acfd4e3b98c59d71ae73c7dab49e486d2f448b11
reports/v4/dev/.rows/dev-35_r0.json	3030	4f58b4c45ceb6dfa8061095562040b6ac533e652b9dc7593894fe0859dbabc52
reports/v4/dev/.rows/dev-35_r1.json	1389	a1361c8f3217c9970342d726afa3c0e20719bb36de90c0f9efdd764a508f318e
reports/v4/dev/.rows/dev-35_r2.json	3030	e31d2fd070e9e18e922f9ebfae0584ed66f2ec6339efeeb795259937eecf3e4a
reports/v4/dev/evaluation_identity.json	96	9d92a534a6ee86f2ae3107916e62a7eda4aa0396883312c9fddc9e2af68e1ae4
reports/v4/dev/harness.json	73896	2ecfce12bc1fd4f5dbe9b4b53cdd9ea2988a9d8220678f76270566d729aed073
reports/v4/dev/harness.md	5040	5db24b056a9d67f03c4e931ce2d90b2b62519bd5ab57421bba378b3f6367fd5f
reports/v4/dev/trace_dev-01_r0.json	4593	9a6fb96300e310395dd9bf0b1452f2d007ff4079434b598df5e5f0cdb7f56e71
reports/v4/dev/trace_dev-01_r1.json	4593	2665d44d41c7ec39801b3424009f71a7f8c71b456e1e5ad7d5f40606a16e06c1
reports/v4/dev/trace_dev-01_r2.json	4598	5c8574e1f4a9f863684af40eae0b6e7b42c1581904d43ed7733b6d15816e5ce2
reports/v4/dev/trace_dev-02_r0.json	920	dc5598b2645bfb0a3da7520da605dfa7373d3801c8dc9d6e389da992b652fc2c
reports/v4/dev/trace_dev-02_r1.json	921	5c1dfa624b094d9c307d9a2781b44b1e54129b25a5af635f6a36eb0343bd0d4e
reports/v4/dev/trace_dev-02_r2.json	921	c7b0558c6a7bce18a02f8e52e2e404664bb2127c7c4408dd2a7a32e535e0973f
reports/v4/dev/trace_dev-03_r0.json	4521	61d285e8bb0383cb253ac991a246aadbdab5f17d3f8c04b4d67c5bc3e26e67ba
reports/v4/dev/trace_dev-03_r1.json	4522	000e911b064f0c4dea72f8cf086f03830bf1cb588ee8c85dcf95a03ac9b4db57
reports/v4/dev/trace_dev-03_r2.json	4550	91240fab87f4e36f44e8d99ab4a752c4bfc85f128ae482929d66b0f31a7df7aa
reports/v4/dev/trace_dev-04_r0.json	925	195c3e42cea246f2c77651c1902f8372f840244dcee036548d7dd84c98ae81d3
reports/v4/dev/trace_dev-04_r1.json	925	353414a9c9fe86505655bf74079aa0b124cabe18c9694363688d06947173e992
reports/v4/dev/trace_dev-04_r2.json	926	27091f4363d4972293a3684b88c73d0f26309dcb82eaa27ee07b5819522e5fd8
reports/v4/dev/trace_dev-05_r0.json	4448	5c576e99a37abfdcebf72d9b0d7e80ba8152dfd766578c2675c5908aa55c2f13
reports/v4/dev/trace_dev-05_r1.json	4448	f33961385947ac338770898fa567bf8889c10700787057b18b0268e2513c27b2
reports/v4/dev/trace_dev-05_r2.json	4582	e63bf0e1ece28e4ef57c135feaacc2feb62dd46d3dce9715b0b661a1fade05be
reports/v4/dev/trace_dev-06_r0.json	5805	e3f1de99fafe8555e26e164896edac2fcac2caf568513d42743424b99b823fcc
reports/v4/dev/trace_dev-06_r1.json	4751	5d2a84d19a6414fa3388230a3af598afd5a4aa275af07a3628edb619cdf7c60b
reports/v4/dev/trace_dev-06_r2.json	5783	480b7df3283db397c521360b9d0b9afaac5a0744ce87e9434d421346118c16aa
reports/v4/dev/trace_dev-07_r0.json	1066	59c94375456d7f8491ad1d820c6be1f15aa835ea6facd331855f82c12bcbc42c
reports/v4/dev/trace_dev-07_r1.json	1124	65acb77386075278d5b48151505726e0db808ec77cdefc23bf7fba07ae61a3c1
reports/v4/dev/trace_dev-07_r2.json	1102	725ed9f265c7e690d24979cf397e8e02685349a061bdf328a1bddb9f17fad4d9
reports/v4/dev/trace_dev-08_r0.json	1043	52a89aff6a8cecacb9a4176d7af49cf36d4377a3584f8f818183d0c842a9e417
reports/v4/dev/trace_dev-08_r1.json	1043	f35e24fb04f6e4579692cfdecc6423e225261e9ce5d0493b4f5376afcbf0e3d9
reports/v4/dev/trace_dev-08_r2.json	1043	9e4273f459cacab49930cdbadbc94b8be905dbbe8a8da3d29cb1d7b93f9cb67b
reports/v4/dev/trace_dev-09_r0.json	987	6d83e7b6f72a2c2855de01937e5f40d6812a6c86ebe5e690d1a0851d8de6f165
reports/v4/dev/trace_dev-09_r1.json	1055	69097e6bc43c5facf52bd51b828f42157c9bca67d6777bfd45a8bcc69b73bb11
reports/v4/dev/trace_dev-09_r2.json	987	f76e98c567ceb2a571aae3cc463358dec6a121cf10ab0964193cd3a71832517c
reports/v4/dev/trace_dev-10_r0.json	1153	e1ac053ca0be9dfb1da84a39e8b8398e166101c5f6a4269f763eff6e0916e608
reports/v4/dev/trace_dev-10_r1.json	1155	82a9aef57cd04db80cbbc301835cbc4ae963336fe9f5b1fb12087e08f360e945
reports/v4/dev/trace_dev-10_r2.json	1109	00ac7c6ce782cc7ee7ca0cc44856477ef440dbf35505049c319c84ee6f6889b5
reports/v4/dev/trace_dev-11_r0.json	4686	07631d0ca62499e2e511e0ff3376d8e63e0444ada91445741596701165f94331
reports/v4/dev/trace_dev-11_r1.json	4697	4cbb6e29766af5f682dee5172fc9480882f01cdb9cc3acfbeb906f5564869989
reports/v4/dev/trace_dev-11_r2.json	4748	3d1958883503115b93f464d6ba6f94f957beded841f9850f9e4aa802348f8172
reports/v4/dev/trace_dev-12_r0.json	1059	c3f3572b57d97d0ee9508d0ea58dd0056678b2a9143f5f2dffbbeef55ad90733
reports/v4/dev/trace_dev-12_r1.json	1059	31e53d600a4390abfdc175c971f9a5b81dd32261f1cac75939dd56e8da15ea60
reports/v4/dev/trace_dev-12_r2.json	1059	d3cfc7bfd74ce1e1f07e9761fa5f52fca5de21b6b6f674ab3ea1d83d760895ca
reports/v4/dev/trace_dev-13_r0.json	978	32ddfd0b1fd9d6b7adf749ce0f31a19dfbdbf9fb653cb16465d15458ec480187
reports/v4/dev/trace_dev-13_r1.json	978	ab07c872137b1ee9d822c01c4caab18af0cd99dd72d392ed6e66c65e5cab1861
reports/v4/dev/trace_dev-13_r2.json	978	efdee50a1886639ea3802b0557c366abd70931c6c997dc074a02cd5d5d6029bb
reports/v4/dev/trace_dev-14_r0.json	4583	8bb49b29601af7ed6768e629b7c22bddea0f7664ab7603562e701d7e8ad7b3c0
reports/v4/dev/trace_dev-14_r1.json	4716	9b019f6c5669c2abfce3dee2570a529f60b11822e48193d621ac39469f5a433d
reports/v4/dev/trace_dev-14_r2.json	5062	03b4ba4ce51df51ec391c045ce591b3d93c80bd7a30bad8d19713d90a23ca8fc
reports/v4/dev/trace_dev-15_r0.json	941	94f4a02ac5d1c2f69133e74219987693259f233f516c6991af22622c44ceb219
reports/v4/dev/trace_dev-15_r1.json	1176	9d1097a9d59c95667038389bdf33927e237e1da423634e6c8c860ca83c537ea1
reports/v4/dev/trace_dev-15_r2.json	1177	ba793ec92455c92a94391f89316641c13eceb5f88b34804a0a6e1a3e05e32e21
reports/v4/dev/trace_dev-16_r0.json	928	68ff3227528e3b8cac10ceb7a6780a60300d0ec68c843dbd8091669f14a245ea
reports/v4/dev/trace_dev-16_r1.json	927	22e5a53422f7918f192be89b0a1bd2150ee0fcaa123e6a56f491ecdf5f461b13
reports/v4/dev/trace_dev-16_r2.json	928	fa080914ecdb3ed1a36c5fe7902c392de7603c4690574e050c0974edcb8f7d0c
reports/v4/dev/trace_dev-17_r0.json	930	b6f1b6a7d2dd1bbe01db8719862c34611bb213a62a8f564fe7db2260c5c8c810
reports/v4/dev/trace_dev-17_r1.json	931	33f1ac4aee0f7c2e59a7edea7b43248ca277108807df2dd2a8b5497aaae9b96a
reports/v4/dev/trace_dev-17_r2.json	930	6413486907ec69c1508fc89d5689df0fff087c57c3b61d155993f961f0a6b3ca
reports/v4/dev/trace_dev-18_r0.json	940	9a8f5aacb6f2da071aeffdba95036eaaf4c04aeb357e6a9fa8bb661d279fa7f3
reports/v4/dev/trace_dev-18_r1.json	938	62f33c6d5707f304902901ed6eb2c3fa7ff337b789514713023dcbdbcf915fe8
reports/v4/dev/trace_dev-18_r2.json	938	91ed1a228d2b8553729c5cda132a109ebf7f00b713df29ec773ff8b3b19f570a
reports/v4/dev/trace_dev-19_r0.json	932	6291d4e47495ab6b4ab1ce37c7e0dd5d58e60ccfb1bf04a920a2211724d13ae9
reports/v4/dev/trace_dev-19_r1.json	932	d96f1653b91867bd2ca2bf3c1156758c506b4773667cf29ad20f05e72aa2db48
reports/v4/dev/trace_dev-19_r2.json	933	506bd5a74f0a40ae17709bc6c42fccdf2c1b427abd756732826823be9714aed3
reports/v4/dev/trace_dev-20_r0.json	992	313165f6316fec082459f060deecc9ad4136b175686cc0f60666fe72a30cfb75
reports/v4/dev/trace_dev-20_r1.json	990	4136ae7c48ae66b73eae9ef7cea8bd4f91bec6a3ec306482ce7ecadc1cc03040
reports/v4/dev/trace_dev-20_r2.json	992	fe51170cb6b6b1ecd269349477794f0a227be149e1a3a92e50cdd599a8e0125c
reports/v4/dev/trace_dev-21_r0.json	4285	42497fc7536f67d0f7995b75aab86ada041ee23c75877b47184b281f7742f2c6
reports/v4/dev/trace_dev-21_r1.json	4285	2aae6305c89d25b4af8ebcfe9a582ef85af37346ab43eb26b984288c2f75d836
reports/v4/dev/trace_dev-21_r2.json	4157	923a848146866ef9ae3c78e9ab7916420d52cd13849921d23064cbeaee5b3d29
reports/v4/dev/trace_dev-22_r0.json	896	8f3cd76e1c7871fa93f9815cfe19a4ea2e2635abd96866661da44f80577eb9b6
reports/v4/dev/trace_dev-22_r1.json	896	b1b7308ed1498647f35c86c5cc539b4a40e3e46a09fe8c9c5f314b0cac9744c7
reports/v4/dev/trace_dev-22_r2.json	897	9a65100bd59927107f5d003ea4879d717280554b7bf06a39262c0a8aea120b04
reports/v4/dev/trace_dev-23_r0.json	3925	18824e0cf38ec157fd7da793cd77fd22f018444c663d8fbf8e3e60d48601420e
reports/v4/dev/trace_dev-23_r1.json	3998	7d6b7ae49df68afc81ac5355bb17b618171c2ea682e6c72e8609610491b1af6a
reports/v4/dev/trace_dev-23_r2.json	902	e66e7a2da20e0007e32bdf24d8a38662fe08c89203a139e9c43e8c7f54a15be1
reports/v4/dev/trace_dev-24_r0.json	876	67f0f27e688cfb49bbbe05d1eea576c20f62d50cbb0d9977a00f8c5ed3a9ccac
reports/v4/dev/trace_dev-24_r1.json	876	71c42c69e3962eb3dceb8df293a2de2ed85e63e02c2bc82857e71b4f1dcf318e
reports/v4/dev/trace_dev-24_r2.json	877	e91a4779453063529d17498a4e13bcce1d61c9fd18abcccff29622c7760d0347
reports/v4/dev/trace_dev-25_r0.json	930	737eb8c1461e4f1d6d8604367a6b986e9ff3eb4f6d259585b86ce7937cb26bd0
reports/v4/dev/trace_dev-25_r1.json	930	f603223c9c8e4345500b51e69ed46f0a8daddcb5e0fd636dd6d3c1698def89b7
reports/v4/dev/trace_dev-25_r2.json	930	2397f7b37d51a577f0eeb21c6f6d17a689b58878187fe66c86a224fb514bd64c
reports/v4/dev/trace_dev-26_r0.json	1018	fb6f419585e63ac820fee78f87148d88d62893bc2af34af27e9bd107308050d4
reports/v4/dev/trace_dev-26_r1.json	1018	3a4c875caf31a988b05641be8b13de370d6e9e319872437590a91c849535c3c1
reports/v4/dev/trace_dev-26_r2.json	1022	93727dd8a95fd73b155d894464c23cee8c6d18707a455d143804adafca96b741
reports/v4/dev/trace_dev-27_r0.json	946	530cd3dc97bf6a71211ff2dfdd0a403e393828911baa308219355c8cca833276
reports/v4/dev/trace_dev-27_r1.json	945	952a1fa542f4c317f3c26b6d347c36be67537de4090db79aedfaa6d60e7e8f63
reports/v4/dev/trace_dev-27_r2.json	946	c40e47cd2c8b53ee730939583d268fb993bc045f6cd070f5c5c1c18a0a94809f
reports/v4/dev/trace_dev-28_r0.json	974	986aadb36362f5cd984bd1bf95cd5e59ccd078b0fb837ab5ec5274a30c5ebbab
reports/v4/dev/trace_dev-28_r1.json	974	fe0558fedc81bd927fe895d5ea01d1aad827660b259563d3d4ca6e75a7adbeda
reports/v4/dev/trace_dev-28_r2.json	974	fc881427090d507ef1cca8bb40e3bc655f533c1f6913e0cd996f1c970425e1b7
reports/v4/dev/trace_dev-29_r0.json	1104	ede93f89d3b69937542b2cfb63e208c65fb56637f92d5bd3f48a51cdd2c9c242
reports/v4/dev/trace_dev-29_r1.json	1082	d66826d6ea5487ff438c3f85d5b888ba28917d649d12ea635ca11fe3b1586cad
reports/v4/dev/trace_dev-29_r2.json	1082	7ea4f3dcf9ef5f2a3c7fd039ba778499aab9fc08d90000576510eed52199c1e0
reports/v4/dev/trace_dev-30_r0.json	951	6337f63d31cb127825cb95851e9136f2b9b0af9d3df042127415ae3e607fc5d8
reports/v4/dev/trace_dev-30_r1.json	952	c1909289056f789f48357f6c434fbf5b8814dfdb31532933c977b763350262ce
reports/v4/dev/trace_dev-30_r2.json	952	6fd0804f53386d4dfd3cf99029d59d126fddf33686efb66689aa58a3ca6e25fb
reports/v4/dev/trace_dev-31_r0.json	922	eddb871ed98904b24e932b369de8142e6e2fe5d56f78cb7672a176cbad9f968c
reports/v4/dev/trace_dev-31_r1.json	922	53be4c7e3d539b1e8ca87f5ca85de6222b6d61ce9bc154fa02092f2c49298937
reports/v4/dev/trace_dev-31_r2.json	922	ae32b10baaa48f9e0b62be22ee0d2ec2db8e9810456e52529b1dd712993c2020
reports/v4/dev/trace_dev-32_r0.json	3325	0be24980a07401490de58a489838751bfe5e84a1fb0e73f3dbc88de67c5df1d0
reports/v4/dev/trace_dev-32_r1.json	3324	c123650afb9c7353acd0583ce018a8fa3a2b11e306d6d6aa3dbdd5261fea8feb
reports/v4/dev/trace_dev-32_r2.json	3323	2285526d3057c813bd632c0c46a22f0818275045b3eb63b6b6bd9a1cdf07f60b
reports/v4/dev/trace_dev-33_r0.json	981	45db090847d2acc4c0736fafe859f61f93ecbb31bd4054be7f773a4c0e82c255
reports/v4/dev/trace_dev-33_r1.json	981	4b9e4a2e741c3ab0b59ac829658f8ab3538414fa1a0c8a5436de3154fdc1de8b
reports/v4/dev/trace_dev-33_r2.json	981	9ee705906d0f15760eb82809e4091ff12a846d6978e84e4eb4f2d8a7d612277c
reports/v4/dev/trace_dev-34_r0.json	939	ebc12d6141748aae7f20e787ac4db9f76f6ff5679989a3cb2564e4266d5eed0a
reports/v4/dev/trace_dev-34_r1.json	939	7f584751fb8f6ebbbdf987062bf281c43f7c9bca839995ab7d72ee116bbe9529
reports/v4/dev/trace_dev-34_r2.json	939	5a074827fd426f54b4e4616a4935464436168a628f04f2067f07e20ed64bc4fc
reports/v4/dev/trace_dev-35_r0.json	3204	ef2db95b28fa64137b78ed011afc21c069e05732ce913c7406304b4538bd1f9b
reports/v4/dev/trace_dev-35_r1.json	960	4c7c47b8aff2c00aa1e8d7763da8f8e864eec67137cb3f0ffce7365e2c011fe2
reports/v4/dev/trace_dev-35_r2.json	3204	c18b4885f2e8878b6fc673d8d525b5ac5c836e823cad31d951b111512806dd3a
reports/v4/evidently_ground_truth.html	3655674	f86cf905e9c63172f4068ee2fb14813830177c407bed9478290615c14c44f6a5
reports/v4/evidently_ground_truth.json	1324	8fd5deb3ec7255ba3d4db08aab2741e18d3222c2c4ca5494ad7d042a0aceedb6
reports/v4/evidently_judge.html	3656757	c38e5b32cf3ae1c4fa4a881e76c5f8d5756e4343bc129561f1ffaae81a48c7e9
reports/v4/evidently_judge.json	2642	39cd751d20f981fd5e62221c28cc53020845eaca786c0b6577b1a1cf6ec6a9d2
reports/v4/gate.json	370	752ca85165e8226924c266b511beee8ab27196ffa6cf1eefb82366ea536756b8
reports/v4/golden/.rows/gold-01_r0.json	4751	f4d8ec9bcb8a55ffd45e5b82c65a78d1f354487f6b6855fca4d494d42331e2ed
reports/v4/golden/.rows/gold-01_r1.json	4757	a939465ff597ee5b2cabc834c40ce888aea8138656946f346127357bf82d263f
reports/v4/golden/.rows/gold-01_r2.json	4831	730ce0e213a08257ff7cb62ef04b17088a7e24e1aabdc74be44584961b0d677d
reports/v4/golden/.rows/gold-02_r0.json	4470	b11e1c91f8c6eaa22e7bd3e4bb5d1db83571ccbd3f9d0c49156d713b6a557d47
reports/v4/golden/.rows/gold-02_r1.json	4496	1e8d3c3e5033c15b345eff3dc34a738805701059953094ddee094a6538dd5032
reports/v4/golden/.rows/gold-02_r2.json	4494	98f44e27859ca3214396f2d5191d45dfdf214dd523646368549994631a2d724b
reports/v4/golden/.rows/gold-03_r0.json	5375	2866acfcf2130730454bccd92e1ca9553ed7a6bba24314d2a03e01cbc6b3bc92
reports/v4/golden/.rows/gold-03_r1.json	5509	0329447c9a2142f4bb31545fecd49f63f3058505e6bd7ae154d2754074f52e39
reports/v4/golden/.rows/gold-03_r2.json	5519	bd6ddb94124af83b05040fda5ee824edaa8bd091c60e666c36393a4bd68b7b6d
reports/v4/golden/.rows/gold-04_r0.json	6586	206566524d117c4383461ab7b9dffab1adb8eecf472ad9b19378a7b197268464
reports/v4/golden/.rows/gold-04_r1.json	5900	eb3969a06ed417cd5875b278b211ee313c9258551ea7928576720eccef9fb22f
reports/v4/golden/.rows/gold-04_r2.json	5355	acdc8f4bedaf104f88318a08d3979d710d7dbfb0f2b1a59a25588bc79bcca6d0
reports/v4/golden/.rows/gold-05_r0.json	1534	e704385223cd18adb73bac183f5d691a64d8e9795813e5f2afbafe834851a144
reports/v4/golden/.rows/gold-05_r1.json	1679	bcc723f7a98072df95207121af2e8860c4ee1278210cbf5281fd7acb26b6d30f
reports/v4/golden/.rows/gold-05_r2.json	1534	19e8d34479a032e5e01b06d002f7a8e89644ea89d5cfc7c013fc1c1e4e0181ce
reports/v4/golden/.rows/gold-06_r0.json	1844	ec93a72f2ad6d5f97227287406d2a350615a2ed9f00bf65e51e24fa74405a3f7
reports/v4/golden/.rows/gold-06_r1.json	1842	49ff6719f79575cbee8dffe9a9107c3b71b468fbccef32e11715a0f3f0eec0fc
reports/v4/golden/.rows/gold-06_r2.json	1842	fbd1d0968dedbb18c3fe7f27bdcbee75e9402871ae031000dde38bbca4bca875
reports/v4/golden/.rows/gold-07_r0.json	5265	a5ae6da451279648ab7f328439e889a3d362c8e6853b18d998a9a49817b3788d
reports/v4/golden/.rows/gold-07_r1.json	5101	109a067a4a7ce6b32cb88016bbf5781bc6dd56750cc98d7823281b1e4201bf66
reports/v4/golden/.rows/gold-07_r2.json	5265	512b25d5f3f77001eef147400a96cfe2bbd616ddb75b816e8590efaf79610ea1
reports/v4/golden/.rows/gold-08_r0.json	1537	66b36a9d1847a39acdbf6cc2f7c8034c80fa1a6eaff3e0b7f24698aa2257ac61
reports/v4/golden/.rows/gold-08_r1.json	1667	b9d6a608146b67e6f3ec5b7b7e51e716b03b56713932d6b4f3f5e8f4962e1381
reports/v4/golden/.rows/gold-08_r2.json	1667	0c45c32e02a7540898901bf305c7e473ba2bc1fb524497b56a2bbbfb0086f9ac
reports/v4/golden/.rows/gold-09_r0.json	1568	f2c03a87b37ebe320f2f0e6eaa65c5df608d81ec010da2f7d7da6224c3436371
reports/v4/golden/.rows/gold-09_r1.json	1568	43d53d3bb8dd3f53a2ea1d3e040bf235d93c8c88d55877ac3a3ee6d0374e86aa
reports/v4/golden/.rows/gold-09_r2.json	1568	56a5b9faa5beb0d1395cf3155fe06f511b94ee982e8bbe3b9a11aa21ff4eb83b
reports/v4/golden/.rows/gold-10_r0.json	1377	72b06b825f3cee14859a6dac4658a08622f5dff2f0ea31aa2e23e718f9946d4d
reports/v4/golden/.rows/gold-10_r1.json	1375	fcd242438331eb60ab3cd67b44b6eaeb5966f4b69b89ebc835911751481df6d1
reports/v4/golden/.rows/gold-10_r2.json	1377	2633d9fc74bb190e210fadb33bb9a55a805f37876ea5e8a78f09622a006101be
reports/v4/golden/.rows/gold-11_r0.json	1413	ed3e00c2750b81e13a262e98826b6e4b3472da2a4fc538271f83d9c1b1b32f30
reports/v4/golden/.rows/gold-11_r1.json	1411	ae4cbab288ab6975f417fa1b71f73275f4f05192d88aa7a33f04696ddcd6fb06
reports/v4/golden/.rows/gold-11_r2.json	1413	542aa2e16d172e5d1909cfe00e8ef0901eaf092cf546a15c5f81d3ceb6b6c519
reports/v4/golden/.rows/gold-12_r0.json	1395	56eccd98fff695b0240026a533b14b48bc0647adfc354e0a27e992e59997bbf7
reports/v4/golden/.rows/gold-12_r1.json	1395	d8be81d713aa47529704a08a4663273ecd2c4a15bbef35d200b83bead4893a91
reports/v4/golden/.rows/gold-12_r2.json	1395	c6e2b81505ec73ec2d01b60d214466048be36b194529e2b0bef35f191dce792d
reports/v4/golden/.rows/gold-13_r0.json	1383	7e4284051e24024ff785ac4f31142ad34a59bea49b75635d14acc0b5cf60e29c
reports/v4/golden/.rows/gold-13_r1.json	1383	7d692d722f6781cdae17a764b796c3bc62ee1f9473f371e1af27f83bd8daf7f8
reports/v4/golden/.rows/gold-13_r2.json	1383	6a12553c487c31e6b2b14600428c1fc2bf73955d0a680ba2e148c1de9b454e6e
reports/v4/golden/.rows/gold-14_r0.json	1384	b45379b1227952322a2ef0db8b861c86a615ccb343e56fb420716b5bea25758e
reports/v4/golden/.rows/gold-14_r1.json	1384	bc4ee2df6376adb3d6b5a1f7f17f8f56c6e98ff46303866dfde3ae71e9ad5bf2
reports/v4/golden/.rows/gold-14_r2.json	1384	22ce8708c5f66cd836a75daae7e124f015b89d376cf4ee1e9cbbb7b69c8f994f
reports/v4/golden/.rows/gold-15_r0.json	1572	71b47076eecfcbe72e0f8d4680b8329943f9b4526d164a95269dbe84a68c61f0
reports/v4/golden/.rows/gold-15_r1.json	1572	41d7513d076d1d3bee2b2cd9ca920a2d18d05bd4e091e648eef4465e321fb58b
reports/v4/golden/.rows/gold-15_r2.json	1572	fbadb37658d8ea50a05706847574624d1678a77b7d79108d3103af8376c25f67
reports/v4/golden/.rows/gold-16_r0.json	3136	146793b3b32941bc53962a15b55184e123bae50766a7c8d243f28bd18ec90e05
reports/v4/golden/.rows/gold-16_r1.json	3136	d710193a8cafcd02cb534ded6e139bed51ac6ae236fb1ae95b3bbacd781b0517
reports/v4/golden/.rows/gold-16_r2.json	3136	9183cb9ae3662a26d7f5c8a0d6572ae8abcf80e27c189839859e06787bba8cc6
reports/v4/golden/.rows/gold-17_r0.json	3274	2ff1550adcd47a804a1285b599f138b01e7789967945ecb7d5ad8ac3c7fb71ea
reports/v4/golden/.rows/gold-17_r1.json	3211	5d040623555fde669f54f237abfb99bac7463069a304b0439d4098123f9d8198
reports/v4/golden/.rows/gold-17_r2.json	3274	00ccef0ff2ef44197e7d3c892c94cfaa7f1e96f2e176cb966d6fc70926768ee0
reports/v4/golden/.rows/gold-18_r0.json	3238	902bd1f45cd1dacba49a5471eed3377e23ff1ce41943f943e556f93a7f8ef571
reports/v4/golden/.rows/gold-18_r1.json	3254	a20c79078aede8c8a367415893fb55de61db405306f47b21a0d481821a350f54
reports/v4/golden/.rows/gold-18_r2.json	3169	374a8dfc623e72f3a927381fe84e595b19df0e4e05fb2b4106ab848f93a23215
reports/v4/golden/evaluation_identity.json	96	ecf80431feca86dd02130d1efd69f9a32824b8386a4dabb2f68c5cc66586656a
reports/v4/golden/harness.json	40611	5adba7a07f7bdee413e73c75ecc4662db8cf3c2eceb511398df8c1a00d45f398
reports/v4/golden/harness.md	2822	0d7e72956f046292d0ac9302ed9f89fba6c7a18bf12d153f2ed5fc8e5c31b37a
reports/v4/golden/trace_gold-01_r0.json	4795	18568eee5da28996ee1d6646afcffade5b4363d2d5fd38e79a98e4ccef2f3410
reports/v4/golden/trace_gold-01_r1.json	4801	b5387169025770d7e774c2d6730e4a3bba279e04e8375e21958c3e6ae7611141
reports/v4/golden/trace_gold-01_r2.json	4849	239b883887a3d1ea200348e0f0027911b4f102912650fe155c05832105e434d4
reports/v4/golden/trace_gold-02_r0.json	4545	7b94e9523f06e6651c2ede8d6ff1810215609ed6d2ab3a4154673a687d1e1281
reports/v4/golden/trace_gold-02_r1.json	4571	ede3c14d569a6076caf84c9cfcc0e0673abdc30e442d52921270d241433f23fa
reports/v4/golden/trace_gold-02_r2.json	4570	f871810d571ff52cd83e97b9d89ca820ff582ff6aeddefd903a820fc5515e503
reports/v4/golden/trace_gold-03_r0.json	5700	8ba9340ef2737f5c22cc09d4be16e91d8a49e3793ae70de9645b80f4081983cd
reports/v4/golden/trace_gold-03_r1.json	5834	d1c49974d961600b5bfd6f8433384f5d822952876594e55e9a9b53b9c611997e
reports/v4/golden/trace_gold-03_r2.json	5828	5e94ab4debcce55b71554d2e577ade4fb06166589c2ea032557157d00f54050f
reports/v4/golden/trace_gold-04_r0.json	6617	66ec664ca6ac0f72b2f6955e29f600fa564a2b5b74ef9d8d24cbb9cdcc742649
reports/v4/golden/trace_gold-04_r1.json	6166	001b932e41308e43626efb345d14ad2e4e5ef3deb2e12ebf1dc069d030cf85e8
reports/v4/golden/trace_gold-04_r2.json	5153	693a5ed3c947bf565a4e9f478a4b1a556093b564b4240c30a7eb713c8af47227
reports/v4/golden/trace_gold-05_r0.json	1026	8ae0e06beef79dda6102590f58bdbb409566501ac1bb8206a98dbab6f8243a39
reports/v4/golden/trace_gold-05_r1.json	1123	9ae373b03c02e49a0e3646150e97d69745ef24e1d5c258ce03777abcc82ed35b
reports/v4/golden/trace_gold-05_r2.json	1026	1a37a5d17afacf6541580a5ce2baa945f4e89b5b02e942a8c77bd9e8fa04f752
reports/v4/golden/trace_gold-06_r0.json	1203	3f3f70efdbfd5481cc1bf56604c01ed633d3dd799735c43797d8ada99f5973ee
reports/v4/golden/trace_gold-06_r1.json	1202	8b2d6777f202e8343306b58a0406938074bb2f0acb79e107a5c990e71ca964ca
reports/v4/golden/trace_gold-06_r2.json	1202	0e0f2f69ebf2dbcb690a085a11b4dcb89f0cec77a3cd1f4c0a90faee155e205b
reports/v4/golden/trace_gold-07_r0.json	5156	2ffc826bc9f24f5b70432d303c299f301a81e9762d3978cfd0f72fed48e6a0aa
reports/v4/golden/trace_gold-07_r1.json	4992	bee9697f608d98393212c110d80216a136ac478afe3b8d5f6e0a2fc7f3e334fc
reports/v4/golden/trace_gold-07_r2.json	5156	d40e77e0ecb852f90957cea929f460aac2ac906f2cb50df64dd5d1255cf00daa
reports/v4/golden/trace_gold-08_r0.json	1031	a689de2b02b697c9065ee3fe73c28d40c40cc19c1a9eddc605dad83e3274289f
reports/v4/golden/trace_gold-08_r1.json	1118	d80f9be623c1b5b0210bf5605a5e22165ed7262b77954b8ab21b843836bf951e
reports/v4/golden/trace_gold-08_r2.json	1118	3e9601f099954bcde42f220f8f12602548b36543f12233a26e9622df4ed3ecd0
reports/v4/golden/trace_gold-09_r0.json	1041	3deb09479560ddb15b28f428e9b1f053af121ea8cace042dc77df2f47cfb8714
reports/v4/golden/trace_gold-09_r1.json	1041	6dca035f89c2f04dec6639d8b4555ba28dffb07402236440e8ddb52aeeedbec5
reports/v4/golden/trace_gold-09_r2.json	1041	8640ca7d80f763156ed4ab04cfeccf90f3cd87a1bf86d945a7fb62d729b7a07d
reports/v4/golden/trace_gold-10_r0.json	958	3a8445a12e5272ebafb8db890efbe66ef4c22b1c1aa30f7df701de6fb357c805
reports/v4/golden/trace_gold-10_r1.json	957	caa3921be95516f49de30143d7c9c8759aaf854031d83813f9eec00a91fa4a37
reports/v4/golden/trace_gold-10_r2.json	958	481bedd134403a9bd89faa20dc3fcc6014270915d65bfa92f596355688d57df7
reports/v4/golden/trace_gold-11_r0.json	970	241b5a85a23c44429248658c050bdae54a2f745c9d973223c2bf4cd0fbca4af0
reports/v4/golden/trace_gold-11_r1.json	969	9b59e93a4fb4e9e1a9983d8a9d1f206168bd3d1666675a99277db278e7966faa
reports/v4/golden/trace_gold-11_r2.json	970	f1381c5ef4c61aa592c5690588758a8fc2d0e406f2eedbc048a2ac386f267117
reports/v4/golden/trace_gold-12_r0.json	975	72872e391bd9e10d852a41060571b7851bd49e0994529def782777198cdd6c11
reports/v4/golden/trace_gold-12_r1.json	975	bb346f254c3f674da294da0f924b3996a5b65b9e7853ede016e80148eda091e7
reports/v4/golden/trace_gold-12_r2.json	975	659dc8cc3d5ecc2094982d7629a088a272f63c9713e9738eb890d6b4eef959bd
reports/v4/golden/trace_gold-13_r0.json	972	878773b0e4fc2f4c34c7fd90ca768b6a7df832a3740ba7c038cd9683d2e3bebb
reports/v4/golden/trace_gold-13_r1.json	972	46f4be7176846c7a7b1d75f82331c3fb9a28a1aab1ff8090eadab099f3b83e72
reports/v4/golden/trace_gold-13_r2.json	972	30c9df115f191b25da68ac2ae22628b5ee5ab0406fd3e8520975bb025240373d
reports/v4/golden/trace_gold-14_r0.json	966	9ffeaa08309595a578841198d2b5a9690a3f716a57d2437dcaa1fa4011cdf1af
reports/v4/golden/trace_gold-14_r1.json	966	9794512450df14800e8e447f003eb77f9a6cc90ed6cfb8188800eef962640c4a
reports/v4/golden/trace_gold-14_r2.json	966	6f29ac07b2a736892c05d5720255aad421417e6a87d94b4d3d9d17a3d4abbc46
reports/v4/golden/trace_gold-15_r0.json	1060	1ff8c339c0f55be137c21f10c45d5d71b17a8ce0c7a6c6fd11a0774251b5fc63
reports/v4/golden/trace_gold-15_r1.json	1060	56ffdb8690bf3e471241163acf5ecd76e4c2c70cde5a8808e835f062ce4c97d9
reports/v4/golden/trace_gold-15_r2.json	1060	2fc77ecf8bf73daea127b2f608f1b0af1c9ba2b22f53aabc1ab51f8141bc02eb
reports/v4/golden/trace_gold-16_r0.json	3286	776f2810eb9fd6de6ed1c94bdea3bdda9c7647bfbec9aadcc8a9f5c6f162f0b1
reports/v4/golden/trace_gold-16_r1.json	3286	0334e30d048dca25221eaf48e394ba5b84e1930d3fa307d25d4155c72b6fee37
reports/v4/golden/trace_gold-16_r2.json	3286	59d67a5359ecf49b3bfb57478274a2e9b270a5769e9909b7b0e034da21cfa823
reports/v4/golden/trace_gold-17_r0.json	3411	ba1529b593b60e0051aca24a7f1f4c0c2c2c52ab64a6695523b90e6a39d9576e
reports/v4/golden/trace_gold-17_r1.json	3347	61745ee282ba7c639c6efc1d2b70e4af6b669b2a5b11e099753ee982b3706d58
reports/v4/golden/trace_gold-17_r2.json	3411	3144d675f9cba73f376d853832176f46956e964efc0cdf6915f2df20ae5c1990
reports/v4/golden/trace_gold-18_r0.json	3380	cbbfb424da544a09b1663ff159b5a3050354ecfedc5a5a5fa2fca00fad674a67
reports/v4/golden/trace_gold-18_r1.json	3395	b806b82251dff461a95b1fe082be18579346bc18ff0dd624d4b7b9b82a69694a
reports/v4/golden/trace_gold-18_r2.json	3310	19418b25099a4f8e02c57263e3f9c6839a0f20ddc0661c38b496cd23e8cc4128
reports/v4/judge_verdicts.csv	61768	7fd223386b81bf3532a2b6877a177bfba06d4b685f577ca698769742ed79cefb
reports/v4/metrics.json	658	f0e64de143f934bb321f1cb9cc65787bd1909467286bf69a2c99989419421b2f
reports/v5/dev/.rows/dev-01_r0.json	4499	fc8ef51aa468db93e5708f0b4c387a25e65eee21df788b37d53640ac584a6b98
reports/v5/dev/.rows/dev-01_r1.json	4519	1d23bc2b0bad4922844fa82d5f5393a5126f4407825903ccc47c17f6812f12a7
reports/v5/dev/.rows/dev-01_r2.json	4501	db3afc30053befe9cbc778f728abf5edda7138b299ccffca94957dd112c0ee73
reports/v5/dev/.rows/dev-02_r0.json	4514	a75eb446017ae04d5f7ea662918ddc83a7fdadf55b0ab4ea8068e0a351111f70
reports/v5/dev/.rows/dev-02_r1.json	4492	145070ac2e0ba71c94cbdc493224dc056e9ded1c909743d3ab2fa58e338e283a
reports/v5/dev/.rows/dev-02_r2.json	4512	9b3348a1aff5e2e67e68135c26239f508b3dc12d53baa7d285e3a7b1546a3d85
reports/v5/dev/.rows/dev-03_r0.json	4353	43fe1c0761bc8823f0c735ab7681e3d131615b5d6532b7528d7ce9117bd9d0f7
reports/v5/dev/.rows/dev-03_r1.json	4353	f26b95b2464781a7ac0d9167568603e7ad7e1a8f22a662250fdabd28e6f2ad58
reports/v5/dev/.rows/dev-03_r2.json	5402	7087219af482064f699ea2b62b7402f66f24381360450ad685cb116c621cafa1
reports/v5/dev/.rows/dev-04_r0.json	4380	f04698568b4b1aa5c7336cbe3d51a175d445854162a6fc69e1c635fffd079cc1
reports/v5/dev/.rows/dev-04_r1.json	4400	9d0bc14f2db021455e4874db3e33890f4046adde8474e82db2ec88387e905506
reports/v5/dev/.rows/dev-04_r2.json	4374	616b918e98838a81ca7a332b1d22d49768898f01b65da3545bfbb85d01479c1b
reports/v5/dev/.rows/dev-05_r0.json	4490	14f6d4179c18843448a538aefb3202120a5eacfeb37520c5ff516291c4b282f9
reports/v5/dev/.rows/dev-05_r1.json	4490	050fbb31820c8910ed1985e5dd1a56ca2aad8458793cce15d89b08abeb6394ae
reports/v5/dev/.rows/dev-05_r2.json	4482	82ff28ce32330e88d00426ab7d540573676f115194bdec8af182e166171e27c5
reports/v5/dev/.rows/dev-06_r0.json	5543	37a03324a6886e5747db940833a87f74e07cefa1456efff40be9a9b0ea540ce2
reports/v5/dev/.rows/dev-06_r1.json	5795	98ffff64a52a71f6cdc626d2f503475cb127183ea92eb8aee8d31d76909ee214
reports/v5/dev/.rows/dev-06_r2.json	5729	26630596716db9fdc9c5e0d1a7372149231a26524baba99cf77840bcdd754e72
reports/v5/dev/.rows/dev-07_r0.json	5762	12179074572197d96bcee5299114ed5e66b7a271e823b8862d12adaf4884fc1c
reports/v5/dev/.rows/dev-07_r1.json	6130	b8bb925445d680c4fd407dd3d032b8c79ae9c7ecc4859c6e602419c2a34d9257
reports/v5/dev/.rows/dev-07_r2.json	6587	705f738d95c64c96b6a4e25bd933fa48ca3faa9ebb076e19a079165306889c4d
reports/v5/dev/.rows/dev-08_r0.json	6086	3e36a70740304de56e8757134c7e645aa0f2f5a62606a479d1ef814b5e90b31b
reports/v5/dev/.rows/dev-08_r1.json	6082	e1b227b87b37ef5702df27e9d93e02de640bb8ba0f982407dbe39389eaa7d598
reports/v5/dev/.rows/dev-08_r2.json	5987	06ffac068da2a05b2d66a310be053b3f823548912934e3dc88568841b5624d43
reports/v5/dev/.rows/dev-09_r0.json	1561	f62108cdc46573445d34bf7f4007ed3771ffaae738bd92ea80e6209193f14a51
reports/v5/dev/.rows/dev-09_r1.json	1561	b5049fb7b5c72a0489e12625d236e5adaca297139adebeb1673e4f4adcdd0e8a
reports/v5/dev/.rows/dev-09_r2.json	1561	085a68c7cccea66f0edc93d8ed64667c1da88163a10de73bb5d2239d2f2147d2
reports/v5/dev/.rows/dev-10_r0.json	6519	6dad442e09b72a87d882b56691a61dca1f1fff678d27a2d934123e16252537f4
reports/v5/dev/.rows/dev-10_r1.json	6509	b15036de8bae49e58ffd1871858b868aa648b3b64fb3844b311fdb45f3b7371d
reports/v5/dev/.rows/dev-10_r2.json	6424	071a80d2239970ea1cbb7d1606b9156951c53a19d91ce54a9d7472b66f413f28
reports/v5/dev/.rows/dev-11_r0.json	5683	073bda67c9d27b014fb7fc56fbfb2388d149dfa72d0fb88a58b3ebbf2656d15e
reports/v5/dev/.rows/dev-11_r1.json	5695	4682fd2d0d2061b4c79890074e3747f20041421f376787f20036a4d50df32949
reports/v5/dev/.rows/dev-11_r2.json	5716	7be4a2bcdd35c539fae45eda3abd3f3a692e7a10e462deb8cb656ee86c1b45e1
reports/v5/dev/.rows/dev-12_r0.json	4798	0689b0cf56b2296a16f6638ef7161147299e8cf0c10ec859bb7a5bd968697834
reports/v5/dev/.rows/dev-12_r1.json	4798	abd3e2fdb1b554c2ec530d9e7e9951f719fe55f959607b3fa26e773ae4e62035
reports/v5/dev/.rows/dev-12_r2.json	4910	2b43f96f3a370cd50f9faa60dd9dacf9977d5fd13c623c767dee21813ba0e0cb
reports/v5/dev/.rows/dev-13_r0.json	1436	fa2970702a61b9678fb95788355031867ac6a8ca240d98d181f901f90c94d50f
reports/v5/dev/.rows/dev-13_r1.json	1436	2551fefc57416e09581951eef222d918651f1329d5d9195d2b4c50364028d435
reports/v5/dev/.rows/dev-13_r2.json	1438	8e9aee7e36cacf3675ea468474627d929de5b31afc34ea52ebe2626cc3f57e1a
reports/v5/dev/.rows/dev-14_r0.json	4897	5de74bdac3e20a55c88ff1031b8484f1fadd806e5d7d88c379f9095fb50b3a45
reports/v5/dev/.rows/dev-14_r1.json	4897	7a2e192801708d3f503c6e4fa5b583928cbdd263775921bcb4e8bb9246340230
reports/v5/dev/.rows/dev-14_r2.json	4897	6566af91c0ca405c3d5a7a1424bb7a0f827df41fd51db915018ed5e4c09a23aa
reports/v5/dev/.rows/dev-15_r0.json	1447	d850eb053a5ab0434b672dfbbfe5f1cfdd25336817530b31d18cb419b77e4cf8
reports/v5/dev/.rows/dev-15_r1.json	1449	1081913957af702683d78c726cfaa6bf8e3e69ff25637162547316380aa4136d
reports/v5/dev/.rows/dev-15_r2.json	1447	ac51e42f7531505948365cd959c9848fcf30dea3edb15851293f8310fa8ebd78
reports/v5/dev/.rows/dev-16_r0.json	1322	6280a910691b2f92832db532780499914879273c4daa22c4111bf022ecbf7f6b
reports/v5/dev/.rows/dev-16_r1.json	1324	6f505bdffea870f3bd6bcb5b28fc78144d6316edfc46ac79dbb2d2eb6c0038ec
reports/v5/dev/.rows/dev-16_r2.json	1322	78879ff37688329d6ffebff96a418766fbde20085a450d2d1f9d3de08efa3148
reports/v5/dev/.rows/dev-17_r0.json	6362	ed7e9af41c7ed0a1f79ba33018a87c57ae4a3d66295da777392a84e4287a38ae
reports/v5/dev/.rows/dev-17_r1.json	1327	7953004989ef9702a47f08bab236dd4dbd7b84cb81f4289ffbdbddc5959746ee
reports/v5/dev/.rows/dev-17_r2.json	6318	0df7eab771aa7b01b5abde3097ce0881338128b6154c2a8cc4b7858d1fd56145
reports/v5/dev/.rows/dev-18_r0.json	1341	46e115d78f256ac862df1d248f249b8c3e55f8dd04f8e9307433d24e7a691212
reports/v5/dev/.rows/dev-18_r1.json	1343	d390fa1e90eb719724b3b368fee82d2331fbfb50ea655c41ce4e5cd6bc6ffb35
reports/v5/dev/.rows/dev-18_r2.json	1343	ae7f1fcf321a2e3326e829c7a389fc0d6a4f08b29788034720cd29da11f81e14
reports/v5/dev/.rows/dev-19_r0.json	1323	cbb68922079fc6c1e0eb82128d8ffeae695d99a9d77058e0e9b8bc1cb674bb37
reports/v5/dev/.rows/dev-19_r1.json	1323	b8396759f80af91ab516404850883ce1f274a23ebc70afb56679ee19d8b1b84d
reports/v5/dev/.rows/dev-19_r2.json	1323	071e589f6cf226e5714d8997b205be44c56a8532ea5269603d95e24c9e3b3154
reports/v5/dev/.rows/dev-20_r0.json	1354	4fc088fb7388e573c997af893e64a860443754028d974f0ceec11cd667e4f06f
reports/v5/dev/.rows/dev-20_r1.json	1356	a139840f870d4f4995fc4fbbc0eca7ed0fca4c8072de8b5586cc9f8884a06963
reports/v5/dev/.rows/dev-20_r2.json	1354	82c58b2bcae43fb9092299bcb64fec51d5e9873fab837a973f37237512740253
reports/v5/dev/.rows/dev-21_r0.json	1331	da1d89e081485275a1e2fabcc25545855a836febdddfe921984c120e00205a04
reports/v5/dev/.rows/dev-21_r1.json	1331	cc067928de0eb2077817b0d295275140d983783de4f6d1fb19edc6d20a00fbdc
reports/v5/dev/.rows/dev-21_r2.json	1329	78d62eee243eb1d61eab1632b15656ce6c81b213f60a647188fbe00d0ec66f43
reports/v5/dev/.rows/dev-22_r0.json	1343	663a653253fa5166abda3fdf54c5755d7eb8eea5e5a709d37cfc4c76e98a775f
reports/v5/dev/.rows/dev-22_r1.json	1341	d272537af92fd68cfe4f613ba673567c9385e38f9702caa9daf9f828650b0933
reports/v5/dev/.rows/dev-22_r2.json	1343	15d099c9975fc9ef3098833146c8b81deaf768b8deed209045b0ed58d097d751
reports/v5/dev/.rows/dev-23_r0.json	1311	662686f2868ee8b69783f18cbce64ef201c44ab6d01176fb0a0f7f514abd51df
reports/v5/dev/.rows/dev-23_r1.json	1313	56c52e8632d6800a406363b112babf264eaacfc6dff9776f9c21bfe4a54daad1
reports/v5/dev/.rows/dev-23_r2.json	1313	d3d5970f7bef7fb89c8bf4d139aaa2d48e3e245d513ebe7b0d5e9109a4ee7f2a
reports/v5/dev/.rows/dev-24_r0.json	1307	778d8e70bc0723c55567cdea84439737dc08fc24751c78bfd67c1353056ac77d
reports/v5/dev/.rows/dev-24_r1.json	1307	aa3a36d60ffd35fd5fd6a31e005f00cb6430c93030fc9003234ada9b5da87adf
reports/v5/dev/.rows/dev-24_r2.json	1309	3ee1a89bc288672807af25e9b974d461418d696bcc7fbd68d76816561ee7cd23
reports/v5/dev/.rows/dev-25_r0.json	1412	f5a3e0015b469c6116682863bd5d87fcb3988062425f42469dee64f15b561437
reports/v5/dev/.rows/dev-25_r1.json	1412	86361102f9b25b2ad98756f92935fb86f5ca9622905ac6dab68108b56a867f49
reports/v5/dev/.rows/dev-25_r2.json	1412	b1b142b5bc4b8deef2cc64c3fd183b8defd9f07199fb722f0a0998100eb9b554
reports/v5/dev/.rows/dev-26_r0.json	1329	6868ae1b5d3049a81066cac3aeb4bd533aa28e2022fef88058c6dfdc416bc94b
reports/v5/dev/.rows/dev-26_r1.json	1331	af1b3685b336e0012874eab6c19358ce2107c518b613e4521cb56da1ba3c65f4
reports/v5/dev/.rows/dev-26_r2.json	1331	4ebe9d5a2f3d6a36d27cc1eb9543d12c730e9816b3fd094cec724ed139249920
reports/v5/dev/.rows/dev-27_r0.json	1384	7a405e9e7e9321951573ee236a3998a6d47276502799096d80aaee31ac2ebe5e
reports/v5/dev/.rows/dev-27_r1.json	1386	9142f27fa9cc6580f3e8eddc70fd4a9c9dcc1cac21ccc8fb65b25c70863c1774
reports/v5/dev/.rows/dev-27_r2.json	1384	bcb2f61da51b1f694660e88e20d06bd0b1d8429e46e7315b1d1d3ff4bfdc69bc
reports/v5/dev/.rows/dev-28_r0.json	1422	e23747f85bdaf8fb4a6790521c94e0a5b5d119c84aa0869b1b5d81fef2694a2e
reports/v5/dev/.rows/dev-28_r1.json	1424	2e77e5292f66ace336a024bcca8042c7777ca87727c1166e3183a60dac2437f6
reports/v5/dev/.rows/dev-28_r2.json	1424	ed28b3d73d8495050b21f9cbb991adb45771f73dd81b0e72588762c9fa239fbf
reports/v5/dev/.rows/dev-29_r0.json	1480	bfb54f11d9ccf4ce8b834416daa34fedb1d854d686bc09924d5308bb5e1d42e5
reports/v5/dev/.rows/dev-29_r1.json	1480	cc8696d3a3940a441a5d420094fb99c3da8e96abfd8d29dd59169de1cd084f23
reports/v5/dev/.rows/dev-29_r2.json	1480	6a41e51adc5bb870c1e3c91508c49a71e18c9513d02c8a1fb9e85dc873fe151d
reports/v5/dev/.rows/dev-30_r0.json	1370	51a48cb6ce6002379c9de5e19a594b2e650975e64c29b20d9f107a08332bd5bd
reports/v5/dev/.rows/dev-30_r1.json	1370	aa438762194863d4d58e779d40fb542f0401801bdd4f6efe09cbd640a214db2d
reports/v5/dev/.rows/dev-30_r2.json	1370	1190b2eaca4c948f353cd215ef9c848415c157cdb42959fe386cc549060e3e8a
reports/v5/dev/.rows/dev-31_r0.json	2786	de346eafadcad8325105d3f78c8dfdedf3ef510bc48e58d27892fb4ff3ec87d6
reports/v5/dev/.rows/dev-31_r1.json	2784	fefebffea20dcde49d92b1dc5e0ed71c6a2d94dda40c3a166ac2017ad9a05f2d
reports/v5/dev/.rows/dev-31_r2.json	2736	2b4253d0523ba56cb9f5bf930926c24066ed83fb7de18e64c53c14947e19aedf
reports/v5/dev/.rows/dev-32_r0.json	2788	ed546757ad9610ebd8720de9eb0b221467b572269d19ed186e9d6f45c281a972
reports/v5/dev/.rows/dev-32_r1.json	2788	9bb2e29615aaedca95b8e96b9e4885d32796585e743a6f7f1d9d63216f6fe996
reports/v5/dev/.rows/dev-32_r2.json	2788	1c3ffd21cc37e57f44f1d46a4a97873680d1bd7f2b8197056e3bb8d679d678b6
reports/v5/dev/.rows/dev-33_r0.json	1448	c2bccba1eca0abc6a5866262495a18b0d47ce32e393861f37ccdef39d7bb750c
reports/v5/dev/.rows/dev-33_r1.json	1448	657c0d1db282441fb40c69a8c5b2be4fc6ef971ab7ab7599a4bd83a5e9308e5e
reports/v5/dev/.rows/dev-33_r2.json	1448	9a6d70fab94755fc76213d7e087078cc0bb53c4959f0fa7fce2c6956a59247b4
reports/v5/dev/.rows/dev-34_r0.json	3082	ca524c25682eddcad815eb5d9ea2ced9ecbcba59091bceb67c9a8d09b6805001
reports/v5/dev/.rows/dev-34_r1.json	3108	77521792ac2ac27c93830a4bbb8d50789bb94f0380ff9658e7923d78fa01bd44
reports/v5/dev/.rows/dev-34_r2.json	3074	7ff562f4c0785b3ed87f56a063537c754d1b473ef0a71b91cb95c750b4e3dade
reports/v5/dev/.rows/dev-35_r0.json	2934	436a0d0b394d28af1ac761f48af394d09c10d38186039b8332d96a40dc831ed1
reports/v5/dev/.rows/dev-35_r1.json	2938	18a4b722edcee0b27020f16577c688db76599f52d4480ce14ece65698ee8d9b2
reports/v5/dev/.rows/dev-35_r2.json	2914	99f4a90e874a4043d66ac5002c33c21e817517ae843c72ba004b991d15e06160
reports/v5/dev/evaluation_identity.json	96	7b0fb3afa36d9a05fb3148d010543e9791bbe07feda39fe99f35a2cd126ffb67
reports/v5/dev/harness.json	74263	a9b49ce67556553806318e876e6ad84200d7c0fe0773d1ca2f58c6f9e0b35274
reports/v5/dev/harness.md	4917	66246af8fb5bd716705f5158c0010e391fd8d3140828c0a9b0d81645596258f9
reports/v5/dev/trace_dev-01_r0.json	4575	75fc37caa716b0e5b30a15f920196f906bf72166b5b56956fed4f3adf466b049
reports/v5/dev/trace_dev-01_r1.json	4594	4cf03b9ce421d17627c9261ccbd31e677b7f0e96120539b509dd3ef8ba31e1af
reports/v5/dev/trace_dev-01_r2.json	4576	c0b4ff0b5c132a1d42ca6c91cee53799269c70181097e2ef4d03dfae8eec9f41
reports/v5/dev/trace_dev-02_r0.json	4492	e5a2de6d8875bd4f7e1a4af7013ded5e52db615910c8a338872a64ff30ff37cc
reports/v5/dev/trace_dev-02_r1.json	4471	caa6c4b9dc253cd219c409051e5cd584380c2678363f3836905c3dea799bf0f8
reports/v5/dev/trace_dev-02_r2.json	4491	e7dbd34817d1ce59593cbafc019d43dd124b2aa8987fa95548767047d71aaf88
reports/v5/dev/trace_dev-03_r0.json	4491	34404d85481eb2a747a22415c149804c6a22a1613b58a6faaedee49262eb54d2
reports/v5/dev/trace_dev-03_r1.json	4491	5cb54a4cd69008e6bf086a56d8d71193f76c7c9efeb995dc29825a767cc29c3e
reports/v5/dev/trace_dev-03_r2.json	5679	60176bba5de02c69f6a5f09c1dcd292db6a2f6a94e8565e9a02df74f7d049d26
reports/v5/dev/trace_dev-04_r0.json	4449	e6093d20a5d93128d3dd9e305e78f1c4e7d93461b4a6cd113ea3e38c7c26ac34
reports/v5/dev/trace_dev-04_r1.json	4470	b536d3684e80d1c15619a5c71331c9f4214980ea71ef3ec4078d141674e194f2
reports/v5/dev/trace_dev-04_r2.json	4443	b976c7c2cbb69a075d816fa3d191ea951d22bb18a0e028e49a929d2fd585dfc9
reports/v5/dev/trace_dev-05_r0.json	4611	17cb84378624f139e877e6956be4ba8fb88925dec30d26a92c9089c451c7bfa8
reports/v5/dev/trace_dev-05_r1.json	4611	1761f7386a0dd44301125a5bd45d1ac668876f1f6b870497d9d1c2d095d55cba
reports/v5/dev/trace_dev-05_r2.json	4603	11531f8be5d86169c75998304efc84289035716587659de1285bcccd4458d29e
reports/v5/dev/trace_dev-06_r0.json	5839	3e18492c54b888ecc60bb636e0483994c04ac03346a02071886ac3603292aa97
reports/v5/dev/trace_dev-06_r1.json	5841	28b48516073f5d7f49f8f8dbe9407811b077ea2b3cf0433dd0286c35db81314e
reports/v5/dev/trace_dev-06_r2.json	5775	6c6be0d5fa19bc11a31da57e13ae53132a7eeb633e4941f3bbdf87d671db970f
reports/v5/dev/trace_dev-07_r0.json	6115	3d81f563760e5d8f75698cec5ae044779f380433022a2f8953ae50a369c17cfa
reports/v5/dev/trace_dev-07_r1.json	6309	875a67142d81b856d6b81a076763300536c5d09c8c9bc93831cf376e3003f3bd
reports/v5/dev/trace_dev-07_r2.json	7056	987b2bb93bbf59732c0ae49e0844cb33fc0a84a145ffc561311521ebcd731f44
reports/v5/dev/trace_dev-08_r0.json	6456	6308ce87612fab69509d1a70e1780194bb74d934445ce66be9ae20da5f132a27
reports/v5/dev/trace_dev-08_r1.json	6454	63b8ec48b7228d3f49f8e13c0236b5cd2ca510c039dedd0d5dfb19530206ba5e
reports/v5/dev/trace_dev-08_r2.json	6038	90aae2d60a8feb6f4a42f66ad495f5681a5d2322b88221a827e3128bd2c4cb98
reports/v5/dev/trace_dev-09_r0.json	1057	4a913beb51400ee924319e10e6e9cc2065551a811792e3a61a96816fa7e4f1b5
reports/v5/dev/trace_dev-09_r1.json	1057	77e7162c0291315518197afdd0aeb2fada77361ba507722d2fd6e60755c788eb
reports/v5/dev/trace_dev-09_r2.json	1057	6b6bb8a64189747a6d659cf69acad6198bd6f3ff565fd42c50fc11a1f2116520
reports/v5/dev/trace_dev-10_r0.json	6538	2abdb07c19142133e4243b88a68b7084fa86e2411fe31ec702dd7179ad36c743
reports/v5/dev/trace_dev-10_r1.json	6885	a8f3e0a1503cee484799a78ebab4ec69a285b6bbdfcf1197753f587abeb775e9
reports/v5/dev/trace_dev-10_r2.json	6470	1f46de08be06adc2b12be440de8ddb7496875fdcdd6da85f719d1ea8dfa72e9b
reports/v5/dev/trace_dev-11_r0.json	5805	c602d6290d0d816a914e3177123e480a4bddac76ba80da0d7f7eb8f7e0f97893
reports/v5/dev/trace_dev-11_r1.json	5817	82e8d4d6252558ecc1ad4a81e3d16aaab943b2da0e40b4b39ae0a578d8bd9abc
reports/v5/dev/trace_dev-11_r2.json	5831	5b83bd46cb96063815555b55a4d17aea5e7b42ed55158310f6ed4d2e9902d743
reports/v5/dev/trace_dev-12_r0.json	4698	681db2aade1fc26ff76fe91c849edcd939cced39711300aded1221dd6b2e8483
reports/v5/dev/trace_dev-12_r1.json	4698	a9e427c0127627a3017536f09f34503976ee3084d1811bc4978f8c445dcbddfb
reports/v5/dev/trace_dev-12_r2.json	4810	8e27e463d154e0a5c2ec62a603c341e4c8316c4d428c6743490e822a1fe58619
reports/v5/dev/trace_dev-13_r0.json	960	74c50cdb76164eb757effdbc27ac2fdfd1a9d8468ae85761060120ef1c769973
reports/v5/dev/trace_dev-13_r1.json	960	060be24f32407829061442058ced93bbd25e545d765334aa57207664cad2d135
reports/v5/dev/trace_dev-13_r2.json	961	7002cec1352bb550a90e7ce4a34737615c70ba7e8788d97cb5aa182e7d62a6a3
reports/v5/dev/trace_dev-14_r0.json	4932	efdb0c4cb4ef728c69cbf42af978c53a813a209188ee241ffd86897ac37899e9
reports/v5/dev/trace_dev-14_r1.json	4932	f038b24d48257f21af14a5f7b14bb465e5557f1cd678815dc81c1314dfc13116
reports/v5/dev/trace_dev-14_r2.json	4932	e0ff392f04ed20b94543939bfd4e339b4dc1d3fba6230b1c296143d18607bf32
reports/v5/dev/trace_dev-15_r0.json	971	1e7e4e7e9485ba87ffdaa2ed5344a43c9f624d6691e213d59bbc54c075eaee38
reports/v5/dev/trace_dev-15_r1.json	972	8f14d9aa8cf0b74fb185f3b018de8f1c417544cd92d86b9bf9db2e3eccea1a3a
reports/v5/dev/trace_dev-15_r2.json	971	3cd70f5183397a7021e39a3a8b77510aee3e8639501ebc53e4df2e8846342c64
reports/v5/dev/trace_dev-16_r0.json	932	0598f826c690a78d6a18587d99155964bf494c71b9fd1f05bc98fce0b29ab804
reports/v5/dev/trace_dev-16_r1.json	933	21f849e205a4736d3c589de76b1571e1ffe27352609d098773da93c453c13169
reports/v5/dev/trace_dev-16_r2.json	932	c6851fa80660da2161bc6bf50c76b950ac759027fbc3772fb97dfa830fef3d0a
reports/v5/dev/trace_dev-17_r0.json	6949	930a82ec4d1693424975db9b271eca75b5fafe456911a5a44e3edb89ef654dae
reports/v5/dev/trace_dev-17_r1.json	934	67d787b309c768a99a76dc8ae29fbc382095a5f931aa437632d82c744b0d2308
reports/v5/dev/trace_dev-17_r2.json	6905	55a9120bd35bb9c3983078241788bae1fa7ee047da2064b1d561292da5a9f9fd
reports/v5/dev/trace_dev-18_r0.json	940	0990e9344f9805d857120389f86d3941d54344a123dabf9dffcbd9e01551f593
reports/v5/dev/trace_dev-18_r1.json	941	9fb9f8a2f3473f12dbc5d6d6a3d7c8232fba15e5d3d66024bc8487415017fbfd
reports/v5/dev/trace_dev-18_r2.json	941	d7e792d99f200430a33992949ce4b112007042348647d3215cbc19707cae621a
reports/v5/dev/trace_dev-19_r0.json	936	1edd2439d595d357dbb333f1b3e9bc36ccdb538762250f131769a51bdbc7ed5c
reports/v5/dev/trace_dev-19_r1.json	936	6b4903b7b12696f554b3c61915618965aad805b489fa670d0a746f28e67f6243
reports/v5/dev/trace_dev-19_r2.json	936	f5b26744333620f02c4754cd32ba51ffb40446bf2257acca23a3e5855899dc68
reports/v5/dev/trace_dev-20_r0.json	946	3f3b705a9a9259f7e848ae063b07f23b2e84ee9ff70a3d45c5bb620b320e217b
reports/v5/dev/trace_dev-20_r1.json	947	d10a6c42e49260d0c373c5babcb628172156163aa3a64d3aeb307f4f72712096
reports/v5/dev/trace_dev-20_r2.json	946	357608b611879dcbf9eeb95d6f8be17bf76edb5568de71e8d400af116fde2b78
reports/v5/dev/trace_dev-21_r0.json	943	8038c2b4b712887f1e53137d43e420b233998e6b1efa84f1ca86b407ee0fc17a
reports/v5/dev/trace_dev-21_r1.json	943	60a194df1e24c6eb23742988d710b029b30f8661be977b18ed38535bf72b6f17
reports/v5/dev/trace_dev-21_r2.json	942	76dd5e7de6ddffc5bb1ac35e883798b79fa7e031eba9a173fdca9f354c917077
reports/v5/dev/trace_dev-22_r0.json	955	b562e9a433d7860fb9e2fded66b808ac814fe9901ad59cf1dd1359b96cd2c528
reports/v5/dev/trace_dev-22_r1.json	954	638e8d016cc68ac5d8f607e40344da5695a40a38d1479a14e5ad798842dc47f7
reports/v5/dev/trace_dev-22_r2.json	955	7c228efb5fdfe466bb9736aca8afb4599d87bbcba788d18508a204ae58dd3f78
reports/v5/dev/trace_dev-23_r0.json	935	c3fc1772c1d6c08f0e0f73ab7c680d171f685b0b75f03573d7f1ef2ce1fcf8c5
reports/v5/dev/trace_dev-23_r1.json	936	3328cbc8d44e668c79691a0ecfe292adcacf0e859135fbc23a5912974a607324
reports/v5/dev/trace_dev-23_r2.json	936	6e444f0a53b48cf9a568361e1be4b17341057d43de3fa9a33e42c3798685098f
reports/v5/dev/trace_dev-24_r0.json	918	e34d27bf585ec4844ac6b4f4f044119cd029fb0dbad16cbe091361d5a13fe3a6
reports/v5/dev/trace_dev-24_r1.json	918	25b8fb63f089c2f7a30a7d0dabcdddb7f830f1caf4598e0d7446594dbc2b38fd
reports/v5/dev/trace_dev-24_r2.json	919	1fb087cd9feb4432dd368343d1866b8e3b5247e0811d1653dc588c9e5a15afaa
reports/v5/dev/trace_dev-25_r0.json	998	41f354812a83417b6d372f6417398117f73eab2323e81390fd1e07d299d07d6e
reports/v5/dev/trace_dev-25_r1.json	998	811660b34a7ab49c10cda42fbc7c78a4b57c681433bb32a840845a94eef951e2
reports/v5/dev/trace_dev-25_r2.json	998	6e3f9bfaeeb9f2333b8e4518c2c38334d587ac791557438a382cb44bd8f71a4b
reports/v5/dev/trace_dev-26_r0.json	940	e95cd60f17ecbbd3decb4c180d0db783d88f626394fd48fd43dd5e65f120e187
reports/v5/dev/trace_dev-26_r1.json	941	dcac1bcad439c4ce4e8fb875132dbdde178ed463eca8dae03de427c78b51e9de
reports/v5/dev/trace_dev-26_r2.json	941	d88f1b851d22008335502b29970f35225130f70b38fc755433546817479ca836
reports/v5/dev/trace_dev-27_r0.json	949	b7aebb148fda07b86dba898e102aaa943b943d39d9fcf12b568c1db485b11992
reports/v5/dev/trace_dev-27_r1.json	950	5a4a968e88442c1e190847b93cab756506be8680203af759acf01bfa6331598e
reports/v5/dev/trace_dev-27_r2.json	949	06e37fccfd33d6ab5e482e65717ef09dbd9639a81dbfe0f85633e48aaf0824de
reports/v5/dev/trace_dev-28_r0.json	978	645a1190ac9295510b8bcaec49051dd5ccda7ae828c880b67b1a3baff918b33b
reports/v5/dev/trace_dev-28_r1.json	979	daeab4a2bb5f0d54aa6ad3460b12f176e942a52109ce902d59e2c50f262db425
reports/v5/dev/trace_dev-28_r2.json	979	cbe96fd03cc526045d0ab96d8431a0dba5115f9207e8476b57b3344cfe4823cc
reports/v5/dev/trace_dev-29_r0.json	1011	fc3577f5b31f0337fcbc98c9f69fbf54bcf1e41b363139c159cedef44e9b2dbc
reports/v5/dev/trace_dev-29_r1.json	1011	572edb3ffc44853c8999df02fd0fa0e909fe24bcbc14a49aabf9b4f1c00e18a1
reports/v5/dev/trace_dev-29_r2.json	1011	a1c34224ed64377c12ac28a41d7abab308e158fea86bb8d443080696b9b1df46
reports/v5/dev/trace_dev-30_r0.json	955	2930ccf049d0a56908eb6a9a2b3fdfe98555a14400b791477910a7ba3f129233
reports/v5/dev/trace_dev-30_r1.json	955	e473ca8c423c82441ea32d481375cc37b4c5208f1cd7ab5b6aaf1e73d0173d25
reports/v5/dev/trace_dev-30_r2.json	955	5206ac5a0fb24d73af8e67e6b0468a5e06867bc3ada8eef0ba12efe58419cc14
reports/v5/dev/trace_dev-31_r0.json	2967	d71dc67f78e138750bc911f007524f788f60b0ef3f8b89f3d25f17ed72c55f5f
reports/v5/dev/trace_dev-31_r1.json	2966	8576140b1474c8e515be2356dd8d80138a81d3f3c2bc3f711528b89244146cde
reports/v5/dev/trace_dev-31_r2.json	2917	855b59e90c4bf90168c4ce8a79583f97340cfbaf4c9de552b5b36df010522131
reports/v5/dev/trace_dev-32_r0.json	2956	5db8c1cc35fcaf818690b9269a09ab22d9c97ffe495488aed84e3bfd6620c5ea
reports/v5/dev/trace_dev-32_r1.json	2956	aa9d9f10ef45d3f5d4a8b67127640b547ea380f01b000748b7f9463ed7ef9078
reports/v5/dev/trace_dev-32_r2.json	2956	d881e87f114013020e36874bb77986d524d2b3e5295a701f0b583ac6784145c3
reports/v5/dev/trace_dev-33_r0.json	1007	a4a045920e5de1293b04831173c224448d34c7e673ee5c8ca836e1bcfd5d55a1
reports/v5/dev/trace_dev-33_r1.json	1007	c1114311118704a839069440a357bb3f3e69cdbbdd429bee91cd2f62697f770c
reports/v5/dev/trace_dev-33_r2.json	1007	a9183314990efed3292ee12c4e9d54dc4077c9043d4aed5188839d6c91fdd049
reports/v5/dev/trace_dev-34_r0.json	3248	4816334e20107faa65a92e102712c836a02240765d17f459a85cdb14bba8758a
reports/v5/dev/trace_dev-34_r1.json	3273	e1181279dfb5759d5a7da7b2619aea3524ffa4c0ef159775c46e1f544998ec80
reports/v5/dev/trace_dev-34_r2.json	3240	4b52b5931698604321df8f104143eccd8486f992f5b369ef5e9318592f4a0ab3
reports/v5/dev/trace_dev-35_r0.json	3107	238ef1c13ce72f729e68125c33578672e7fc86e7853232141f2201650c677f8e
reports/v5/dev/trace_dev-35_r1.json	3112	b2f8582be9582b24665d7efd95a39b64d212565d49def250d68a03169b82721c
reports/v5/dev/trace_dev-35_r2.json	3088	6b443652e327a8e7224ee430a85f737103e9eef8b2f0ce5306679fef2fd0e53a
reports/v5/evidently_ground_truth.html	3655674	f39676893b394f611c819c466883fed3901dc181c02dd75267f709a068140b50
reports/v5/evidently_ground_truth.json	1324	638f3efcd0db2b3ce746498b4c475a1fc3b3afbf4eed9c0b486c879b33736736
reports/v5/evidently_judge.html	3656757	1baf216fc70e3a8de8cf87159a7637a488793af55e9c364e87b1ebabc3f47ca8
reports/v5/evidently_judge.json	2626	b14402badeca1092523ad27275adf8a9a2893b3632d62011c1e87da079886358
reports/v5/gate.json	370	90d7824ccbf3785b7dc27b6aa864a35fd8fd3df818998300738da81dbf5083bc
reports/v5/golden/.rows/gold-01_r0.json	4707	bdfa12427e6ae55c46bef83803849c40fd403fd57c9b2df39e2a794cfc92726f
reports/v5/golden/.rows/gold-01_r1.json	5521	e495f7b91b0d2d0c5468bd1fe68d974a75a5956ac6acd81156b07d4776f16d34
reports/v5/golden/.rows/gold-01_r2.json	5520	caf5c483e878b5ce01aa7aabdb05dd17853de7a961f6d7d224705a2e0e844af7
reports/v5/golden/.rows/gold-02_r0.json	4378	3fbf024103cb8aac0dde421f062d6bae290964d1fc25f69a72c7fffd78bf1446
reports/v5/golden/.rows/gold-02_r1.json	5200	44881447e05acebd24aafe6e9f4bd7af95663611ef3630bab71357faa779e00d
reports/v5/golden/.rows/gold-02_r2.json	4475	d9f1b2366ecdd85e6325a68b884515f61440f6b1284207bcbcb4c195c840da28
reports/v5/golden/.rows/gold-03_r0.json	5834	49fb42df0086aa709bbe42438e65e4fe481f6059af1b77718ef90dc996424670
reports/v5/golden/.rows/gold-03_r1.json	5561	74362856525a696190cedbd99e88150fbb27d901adb3a29b2a75c0b91f72d5fb
reports/v5/golden/.rows/gold-03_r2.json	5561	e6676ed28d104cc1ea6b4d8f3faaddaaf8826b9ccc1b68ba1215f055554915b3
reports/v5/golden/.rows/gold-04_r0.json	6057	de21afeac9a55ce38ed8c3703732a3bf5d4ac295925d96acb821db234710cde0
reports/v5/golden/.rows/gold-04_r1.json	6219	7143ced1e767b5f9ea1662e518094308b2afd6fc413f8e5379d52a476a7465c2
reports/v5/golden/.rows/gold-04_r2.json	6262	f89a39d9213ac068125a806ecbc149bccf0af325bb82fe50d56a8503ae8a3758
reports/v5/golden/.rows/gold-05_r0.json	5817	91fde7579540c13351d0a341294482262cb241901f0a5779764de84f218ec3cb
reports/v5/golden/.rows/gold-05_r1.json	6781	b2ea46cc24b39601e4d0e76afe4f0d2b43d3703e5d22d1b7a78b4ef0710768df
reports/v5/golden/.rows/gold-05_r2.json	5833	591dbe6a5f2d4a3e43a9e00b759f122f19188d466ea662e41024e984898870da
reports/v5/golden/.rows/gold-06_r0.json	6883	b67ba568d7dc9d38c0e9d63c16947b2085944f0dbf3bcd7598dc862c3093ab36
reports/v5/golden/.rows/gold-06_r1.json	5910	b96a7e920a3f4664f79e0dbcc46bcde8b039d092c24099e0e1757ee8fde2bb7f
reports/v5/golden/.rows/gold-06_r2.json	6132	fcd63a1d79cd8676d60efdce45abd76cf031eb9c306a1cfaccab69e28b47a8cf
reports/v5/golden/.rows/gold-07_r0.json	4767	671e15945ae927ec2f79b08c4e71b54e4b2a05998a94f9f53bcca243d07523f6
reports/v5/golden/.rows/gold-07_r1.json	5000	ecbe6cf16e8d3d57a1c7508c6ee8f260872f460f5e48d2c395921bc5f8ce3195
reports/v5/golden/.rows/gold-07_r2.json	4957	d729f59771c4b2a0b6b7e0807c6785df2e2b0f34f494533ac239d25e9ef4ea57
reports/v5/golden/.rows/gold-08_r0.json	4888	2203f9e76e243fbb1184efdc52fd55b12447595740a1e17758126b7f3ea48530
reports/v5/golden/.rows/gold-08_r1.json	4602	bbba93dc0607157a40268d18dba6db3bb177666c24115a0219dfcd7de297bc50
reports/v5/golden/.rows/gold-08_r2.json	4695	0ae8f49689483bf18a85d47c5ee069114cc11906739d511620205d48bdf950c6
reports/v5/golden/.rows/gold-09_r0.json	5442	3233ee30d28c62d02e6a0442eeb429bcc2e9f780ccab7eacc9ab5ba93ea0391a
reports/v5/golden/.rows/gold-09_r1.json	5418	b1fc0bf5ba86d55b3b5282736fc58842abfeef65389f8691a1e1dc68005d2814
reports/v5/golden/.rows/gold-09_r2.json	6685	8566ceb74167d36210f7684b83edcaac48d750fdb59ed7ed5a68f6d4132e1b6f
reports/v5/golden/.rows/gold-10_r0.json	1383	37cee012f744694ae3dfdc23a6cdfd61afbcff69589daa118d7329d4c49808de
reports/v5/golden/.rows/gold-10_r1.json	1385	b3f2db26c0b4d1218593da34f1c59bcc35b8ad7005e6d1f1e11b556cf8d1705e
reports/v5/golden/.rows/gold-10_r2.json	1383	723bb2aa2f1bd2c076977d57bb124e761c76a1555245658e0922145b53979ff3
reports/v5/golden/.rows/gold-11_r0.json	1402	39545c0ea26323790c1e9591a578af0c3654dc2d47002f21ae649a8f48d8b31f
reports/v5/golden/.rows/gold-11_r1.json	1402	fd119233c0df679a115dcc8358c02350128b024a414c730915314c9e53b8dd13
reports/v5/golden/.rows/gold-11_r2.json	1404	b66d8bff54e674c33dcdb0a001ba7ec415f0ee2b682977ff0598b14477136908
reports/v5/golden/.rows/gold-12_r0.json	1401	d3f24750691dc3f0e270a710792b58c569626d3e553c63fe37add7174b69c176
reports/v5/golden/.rows/gold-12_r1.json	1485	1559c7bd9c3223f68a38454269d8aabe099579371881c00462893b3110259e20
reports/v5/golden/.rows/gold-12_r2.json	1401	34a0df9906b03e188aa472b1b7001973b56c5a124f52e99aa7e2b2b367973210
reports/v5/golden/.rows/gold-13_r0.json	1392	f859a16bcae80703378486652ccc3d9b9a3d4b9442d7ce6d2888b4706a50b2b1
reports/v5/golden/.rows/gold-13_r1.json	1392	d831c9ab2266f607e8e95b753b796bb58927e303b650717183b95ea0ab6920c6
reports/v5/golden/.rows/gold-13_r2.json	1392	fe2d3f73bec6fb52fdd9d91de14fd604788814e6a451537d264c2ed3a712f5ed
reports/v5/golden/.rows/gold-14_r0.json	1390	a77045c662b7b31397feb252335b455d2c7ce77f876928919ae327bd392abb01
reports/v5/golden/.rows/gold-14_r1.json	1392	0ed419bf1468f34b07f6f241a245a14430e1fca5b488875ad86ba3f34220b1b6
reports/v5/golden/.rows/gold-14_r2.json	1392	cfc6c2ce1e95cf9a6c33beb765299638fac3429aab192918bb5a860d24cb160b
reports/v5/golden/.rows/gold-15_r0.json	1483	4a534b680aca2d47a46d5815375c11ee773298dc73736f1dc7ba5cb37fa36e59
reports/v5/golden/.rows/gold-15_r1.json	1483	9916af385bcfcd21d01e4aa97bfd4e2e3d8efa2319dc564c095e994600ebaedb
reports/v5/golden/.rows/gold-15_r2.json	1483	bbcba5536600f98d7b175eb97f8aed1d3777bceb2c5c02c0e0ea1dcdfea3633a
reports/v5/golden/.rows/gold-16_r0.json	3057	e3c0caf8010b1542bcc06d07872bbff10aeb0f600ddb7c40bc3b7db7d18aebdd
reports/v5/golden/.rows/gold-16_r1.json	3057	8f17820a7fd88fb34cfda5e8912af365c8c1edca278f4fda8f8c66e71789da94
reports/v5/golden/.rows/gold-16_r2.json	3059	e8a783bac39bbeb74c9373f9d9bb7f896b381da68de6d72471d6035af35b0589
reports/v5/golden/.rows/gold-17_r0.json	3163	05b0f91740e01ab168fae0d1a204e69b1cd25bcf5015a311b065a0995615f019
reports/v5/golden/.rows/gold-17_r1.json	3173	c85b58eb79b3d14a9fd84a8dca1307c8683e6811e442d3aa3e875c11965b61fe
reports/v5/golden/.rows/gold-17_r2.json	3229	5e4ef34b2b4f4f15d69aa3293945330abdf640aec991080f58b3c3885d547133
reports/v5/golden/.rows/gold-18_r0.json	3236	b04a4bba3efa4bf340ad157b6c2ab996b4285a38c5d8012019165bd04df153f8
reports/v5/golden/.rows/gold-18_r1.json	3252	152788d1bc648499b14344408eb2cce550f2a363b3ac5515d00d829eedf90be0
reports/v5/golden/.rows/gold-18_r2.json	3327	0cd94c771327b812a565cf9882063ea38719a0ba4e262e112294ada569c5e519
reports/v5/golden/evaluation_identity.json	96	3c9b4d56007bdc12c476b22345d0608bcf54305b4bbc3c5606a0a1acb158d346
reports/v5/golden/harness.json	41469	8242f820fbaf0a917ab36d963221e4fed72928971b526facd493442055d8b7bb
reports/v5/golden/harness.md	2772	0424928d12bcffeaa5148f410292f4924b4b6c42362289d3ab3789a43af7866e
reports/v5/golden/trace_gold-01_r0.json	4723	272e6bfef75fa5ef38198a25cef477f0a3a83a08eaaeaa4f5cc1cdb6fd607895
reports/v5/golden/trace_gold-01_r1.json	5728	f209b890c898147dbdb53b2c9067e3dcef29ca037475390441199a137a9fbd6a
reports/v5/golden/trace_gold-01_r2.json	5709	cb5c11ea2773fb8d973ec4aa48c35f4ca9795c487939094f11ad690888805f89
reports/v5/golden/trace_gold-02_r0.json	4403	cf925fe003efa75a6b96c5c2a809c741dd81d2eaf690f7a1f1a1a8472c60bfb8
reports/v5/golden/trace_gold-02_r1.json	5428	035a3acd4bce5849aaf6bc151e8e87d04d30cd2ca70d146076241b6fca9f9630
reports/v5/golden/trace_gold-02_r2.json	4548	7c14cfa67d3eab959fd6bf37cc1b9dc1942d538c7782a6df3b4a44d222f8f8c3
reports/v5/golden/trace_gold-03_r0.json	6261	fbe06a4e966704ea01ee698e355ab637ef3f99e867e11d93d0382d4e4dc852f6
reports/v5/golden/trace_gold-03_r1.json	5886	1d4c3488f2a897e912c6c9a2117052bad4c4f28a832b957a5b429f45026a327a
reports/v5/golden/trace_gold-03_r2.json	5886	005e5759d63d89bed441d44b365a76fe68b84418c844498fbf05f90e1faeae01
reports/v5/golden/trace_gold-04_r0.json	6020	fcaca791238b3092e990be981a32d1792ee1791b83975709c282c63df207e131
reports/v5/golden/trace_gold-04_r1.json	6167	89bd6c709e203f5f37e53918155679bb82b66196c3413e81c9638398a434a546
reports/v5/golden/trace_gold-04_r2.json	6214	6a0f1be9f736b27bed3ce6c70281d0233f2b59537a6d98f3cd7164c8eced7332
reports/v5/golden/trace_gold-05_r0.json	6139	342df229d90eaf6d67c64af53bda5ae09ad0ae82a3838bae1b1c78a15d156123
reports/v5/golden/trace_gold-05_r1.json	7219	6ee9bd0b697fe1d57f992e55d31cd3a2b8e95a81803e4b12507b417d89cbbe6b
reports/v5/golden/trace_gold-05_r2.json	6155	279aa32563aace6806400215385f4ff1023aecb345248c7d6c934d1dc10aeba3
reports/v5/golden/trace_gold-06_r0.json	7145	e2d65023c8a232e7f91ccbe1dfe4578c5d52583d46d385dbbd589842ebf7add9
reports/v5/golden/trace_gold-06_r1.json	6011	ba387639d373d207becf9814ed11ba2c2cbf0a3abfca48d6b7509adb9491e8dd
reports/v5/golden/trace_gold-06_r2.json	6169	26b7014e88421377790753d92d6fe99478e62eb1d24704504e6242b320e74c3e
reports/v5/golden/trace_gold-07_r0.json	4669	0390507daf502339cc47687b85cb34104dfe581d5276f8e8decbe171306ca23d
reports/v5/golden/trace_gold-07_r1.json	4916	449719683939bd89221cfaede0435c1361391f1a1872b2aa9fbd6c016c8e6eb6
reports/v5/golden/trace_gold-07_r2.json	4887	40ae6af942ceae136870dc0846bfe41c625357605b7433de3d211b3ac06084f6
reports/v5/golden/trace_gold-08_r0.json	4761	03df35fbec7b5a735e0cc1eb923c6b60098600794257deefa5c9806426baa605
reports/v5/golden/trace_gold-08_r1.json	4518	cf4b5fb8b0b1b9207a9ad502b434459809a989b1e712e2ae479283a05a91c6fb
reports/v5/golden/trace_gold-08_r2.json	4613	d70dc7bdea915c3ba0c187a22790dc82f1288f41d75e1a0d19d249d113038077
reports/v5/golden/trace_gold-09_r0.json	5257	55b09a2dbe392dee73dd53a05f56570e5bbf5dc35fa10711276f618f66d645bf
reports/v5/golden/trace_gold-09_r1.json	5241	7a366500986a12b69e23b93cd8a76fb826718cf96e816fab36e02a0db2887b36
reports/v5/golden/trace_gold-09_r2.json	6527	080d7749b7713f9e6fc10c95c1e5216b76c30e88ff1b309b102691df4e3cb023
reports/v5/golden/trace_gold-10_r0.json	962	4b56ec1d778b4acde9a3f816dc7e7fea9edc030dff76090f600cf3ab224e302e
reports/v5/golden/trace_gold-10_r1.json	963	53618da13face3f6a72038ed718d1f04eafe1d245db41fb0e0d8992ea7fa052c
reports/v5/golden/trace_gold-10_r2.json	962	f8ad92db2d191d0984859d982ef4c72fc1d574fbc1fa3341a72f7ad7443a995d
reports/v5/golden/trace_gold-11_r0.json	970	356da40fa1fed1406590f85494b9c50a4416e6bc184d3092e5fc47a5072bfc64
reports/v5/golden/trace_gold-11_r1.json	970	98f35664b255463151c37745187b7ecd18a1c48d57c6800f35d167d9bf5ae59d
reports/v5/golden/trace_gold-11_r2.json	971	279e07acf1c524893d9b7ebe8d181db2fc65f00963b6c3c25c8f5edd2ec8cd04
reports/v5/golden/trace_gold-12_r0.json	979	be07b457509e88fe8697ca3cd49979df4941fe46b8d5a582d352b35487651b4f
reports/v5/golden/trace_gold-12_r1.json	1035	16f3a54e615ad5d880d3c273b7a95ed0cc169b039bd20d66ed56b23093d1b0a7
reports/v5/golden/trace_gold-12_r2.json	979	b5721773ceff0bc5aea68ad58e8fe181d03f666c9be9fe5df034fc8a2aeee584
reports/v5/golden/trace_gold-13_r0.json	978	6fa033c0f38ecc4d2ebca24031366dd8b7bc355c432d8d9a98559109d4bab064
reports/v5/golden/trace_gold-13_r1.json	978	a711aa9341ffbcacea302e14ac60f1829079749f2c308b7cf98e07a28424c2d6
reports/v5/golden/trace_gold-13_r2.json	978	7548730b2a888132787115edb98ec8c850fa4b10eb7e04c2f9345280adb4c41f
reports/v5/golden/trace_gold-14_r0.json	970	59d7d4ffc41f85317a1ff3efc37f5cf6b46fa454a8152f6bd38046f52c76e5b9
reports/v5/golden/trace_gold-14_r1.json	971	5beac4daea404cf28e9afaebfbedbc38e9b7c81f70c1aad4958da1708e41118a
reports/v5/golden/trace_gold-14_r2.json	971	e745d7c74176788a57f947d664c559604ad2d765a181503e3017a8f3b3788d6e
reports/v5/golden/trace_gold-15_r0.json	1008	66293c071bb247bd3f4a87cf8852d2176808ab9599ffe4dd5281baee376e6052
reports/v5/golden/trace_gold-15_r1.json	1008	4ce1ccc74cffa08b4683cbe7869a6dde8c2c54ba4095f7d6721af33d93c4b957
reports/v5/golden/trace_gold-15_r2.json	1008	4ea50449803c7dfe85e679513c93a18e1e26fac3b7cdf82da6719d7b1d1fcfb8
reports/v5/golden/trace_gold-16_r0.json	3208	402cdf541bf175447e2c9ebc02c8bdae9d25589dc2b801aabece395c4e064c46
reports/v5/golden/trace_gold-16_r1.json	3208	bb74a4a33b18aa09607b11c695b3436d87ca5f1668b6fd6d08bb99176175d27a
reports/v5/golden/trace_gold-16_r2.json	3209	2e556662132079cfcca18e964b40faddd8896756b3d68b0315ece3d34a8624d6
reports/v5/golden/trace_gold-17_r0.json	3299	931c3b53b995385309e9397437dead1746dc190c428807d9741a1d3dcc85c699
reports/v5/golden/trace_gold-17_r1.json	3310	b5ecfedbba4786390ebef2c39aa3d2699f99352c7e44056f651d6e2efa5d7f94
reports/v5/golden/trace_gold-17_r2.json	3366	fad95f4955d9c194a4f451e8fe1c9e9c70f836cf5d980d330da9551f27f4810a
reports/v5/golden/trace_gold-18_r0.json	3377	50e638c56955256be14355a23cd92f9e9d469e721d0c05a2f464b7dd703612a6
reports/v5/golden/trace_gold-18_r1.json	3394	4cd4407267cc0536ae7b384f8c669c4e1fdc4d5141a468313e47a04d778cf06f
reports/v5/golden/trace_gold-18_r2.json	3470	f02093245df3a42c3b8732034928b048e03fb9b19664ee25ecea731dd610fd41
reports/v5/judge_verdicts.csv	65918	d7f77ee66cf866dc1ff16add1cb294a229fab2d383efa7feae89ab278ab1cf2d
reports/v5/metrics.json	639	437875c4fce4aa2bb435d5019b42c9fecc43e335279af8e9ec89d464d54add90
reports/v6/dev/.rows/dev-01_r0.json	1577	15ca72a23e2060466a5fba79ea815429fee3ad0c9fa179a4a882aad7ab3f8925
reports/v6/dev/.rows/dev-01_r1.json	1577	d2a06504f7f351b385ac2ee6b16088e5851c3a93835da929d762e0aefaafd55e
reports/v6/dev/.rows/dev-01_r2.json	1577	16a86472d8511e582a20bb3e24ce0c417e9f00d1aa70bfe5fc48477c4b440049
reports/v6/dev/.rows/dev-02_r0.json	4494	23e2d76f4ae3a8a1a6464b9cc30eea66549ef1691f0aa25cabe73c65197c4fc2
reports/v6/dev/.rows/dev-02_r1.json	4478	b4a81c586c10ebc43f87dea52dd938a6442c35444c3154d59028630ea4c4f314
reports/v6/dev/.rows/dev-02_r2.json	4476	34e59b0b8aafa4f23ea5ebaa4897ecd7b5e1200acb31693d3be0b6e1f7e0ff0b
reports/v6/dev/.rows/dev-03_r0.json	1446	b14c231317e1278b3ed842629c39b48d2849a2e37e499ddaef437bb64d681a06
reports/v6/dev/.rows/dev-03_r1.json	1446	045fccacab3dafbeff9b94adc34aa7be5c7688a5bd5099810264dcc78b945788
reports/v6/dev/.rows/dev-03_r2.json	1446	1278decb0f498eccfba602b0bf1487baa2d21fab6416580eb01723f3dabcd4c2
reports/v6/dev/.rows/dev-04_r0.json	4240	ce8f01a77c3dc615109012392a70d669cc39bd7c4cf048cfd95f6ba9fd885e0a
reports/v6/dev/.rows/dev-04_r1.json	4246	d25d0491addb9e242a5a719712a2eabdcc75f58d8462d76a78dd91a19891e461
reports/v6/dev/.rows/dev-04_r2.json	4246	88b0c259deae2125c831c930e31112dd708a0b5ca538879861617ded9959e7cc
reports/v6/dev/.rows/dev-05_r0.json	4441	9c402e5f13fd63a8ef8d6a62a2443eb45c072364682eaa1323279a44eaf693eb
reports/v6/dev/.rows/dev-05_r1.json	4542	2f4ba1be3ad9a19710f45f3ee5ea46684b0f3528df8c7339c5b7913d343a94b7
reports/v6/dev/.rows/dev-05_r2.json	4445	d978bde9f98626d740295e9328d984edeb6f1e33b98a967a9cc0d00b6045ef8f
reports/v6/dev/.rows/dev-06_r0.json	5723	db3ba4b36e5318a92b68b47395d94014e9e47767104cdecfffd4be2d81baaff5
reports/v6/dev/.rows/dev-06_r1.json	6297	57bf0978c929eb926bfaccc15db9fd0181679612564abc8dbb2ab8a0b8b44bd5
reports/v6/dev/.rows/dev-06_r2.json	5765	a6c56628ccc376c74b499c0c04bf6a822eda68cc881a2af9e7da17548f201efd
reports/v6/dev/.rows/dev-07_r0.json	5972	9d0de6f1590b91d271ace0ab44b6450927c2f1dc358533096ee708d66d9a3418
reports/v6/dev/.rows/dev-07_r1.json	5974	88ed70fcc750f9964dd29523e8e5554987b41cc010e9c5646a719976500a0165
reports/v6/dev/.rows/dev-07_r2.json	6160	a03a6f2b5901563f51e0806254081a0a58443320436ab8d29d3cc1dcf522853f
reports/v6/dev/.rows/dev-08_r0.json	1967	166d672b1aae7008f8b48ed7ca8351701a77a4745cd350c0c7877e9b7e7f2d10
reports/v6/dev/.rows/dev-08_r1.json	1973	90b4df6ba815071bf041ce07ed74b1e411a8a5b89252d4a45b61b13c7b1acbb5
reports/v6/dev/.rows/dev-08_r2.json	1973	76da633bcacad9e7657920fcd6539c98caaf5770cad3ad5db08374acb2ca3159
reports/v6/dev/.rows/dev-09_r0.json	1422	8a7f59773f43863bf1ea7b53171b2eb61601c6b73686a0b278308393888f47d3
reports/v6/dev/.rows/dev-09_r1.json	1420	e28a5c9f89214b27119115e67b166a7b4456991231ed99e08cc01c7b287de825
reports/v6/dev/.rows/dev-09_r2.json	1420	b82c8409b8068ac240ccdd4c3b279ea669fea23da45fed07e81c565f24fba4ae
reports/v6/dev/.rows/dev-10_r0.json	1848	443b9c0693a7fdcffd0f36f8fbb2ddff09d1a463875ba45a7ffa340badda4381
reports/v6/dev/.rows/dev-10_r1.json	1713	6de1d5e9f7eee65c37963791629a9b4afe49a4bf2ac5439c8c08bd6c5641635d
reports/v6/dev/.rows/dev-10_r2.json	1702	07639fe18577c7bd1d138f0b54c7ec2b4de95f70499d862ab756b5115e98c9c8
reports/v6/dev/.rows/dev-11_r0.json	5828	e418a7fce3329fc4e642c06707e0b1ccd833a3d21ee79b63482607e29e4454ff
reports/v6/dev/.rows/dev-11_r1.json	5828	b0becf80eb54754ffb518a303d95412ed3755e1cd633747252435e158d38e7cf
reports/v6/dev/.rows/dev-11_r2.json	5882	2f07b51476083a440a7a70129400de69cae893ade588e68a94f346670df22b18
reports/v6/dev/.rows/dev-12_r0.json	1486	443b465b511c1ab601c1a7bfc5137ef08792ba087d2d14ecc47409f82ac505e5
reports/v6/dev/.rows/dev-12_r1.json	1488	091e6f3bcca2f4c15019bbd4193ee59e0865b11ba9e5c74cdb3aca35bedafcbe
reports/v6/dev/.rows/dev-12_r2.json	1488	638b77232d599baff34f9184386ea21624af85cca3affd2c9c6627ff8f294989
reports/v6/dev/.rows/dev-13_r0.json	1481	a3de4d930e6b620921bae0a7dbfb022c09c74d1d5990319193aaf5580edd1e0e
reports/v6/dev/.rows/dev-13_r1.json	1481	cba685abda44736976e48da0d2d0dddae99464583f0aaa2f11b71cee7d31dfdf
reports/v6/dev/.rows/dev-13_r2.json	1481	ca4d7f7b906052a05306524a596668be72d7687001f309c29c5f61bf41e70193
reports/v6/dev/.rows/dev-14_r0.json	4691	5de54e2cc8243ca8b789d6ea311ce0356adfaf02136235ca06454e861666fdc9
reports/v6/dev/.rows/dev-14_r1.json	5661	fd0610c3226388523bb6b614698861db47b142d609134aaa0721c4d5d467385f
reports/v6/dev/.rows/dev-14_r2.json	4636	0783ac9c910bc0005a8aaba01e5843cc943f28e2d6295c7b741cdc59d9ffde51
reports/v6/dev/.rows/dev-15_r0.json	1449	65a116e497b7420221cd1375462d110a42334a51e9339a05cda99028fef6f0df
reports/v6/dev/.rows/dev-15_r1.json	1447	c757b84a358df11f1ef3abd5077f899a64553dcacc3b87cdac15018193c6d605
reports/v6/dev/.rows/dev-15_r2.json	1449	98ad2cd0ca82b21c7f985d13de35b3e4aa08be7786342fadd1fce3268905d9be
reports/v6/dev/.rows/dev-16_r0.json	1322	c2378f3efa9d854fa5de126894c42a91d1a7c51a24658536dbae24bc8bd5fd3a
reports/v6/dev/.rows/dev-16_r1.json	1322	074355adfc16093f6e66efe6d6c8b4e82f1c9f9c76daaac28a69659afb99faf3
reports/v6/dev/.rows/dev-16_r2.json	1322	449b4fd4b717ad721f8d1ed7e9c710ed31bced383d5a3b294dc9babbf8e0fbbc
reports/v6/dev/.rows/dev-17_r0.json	5484	daea85a4e58ba3370f654fcdd3dd722656327825ffd66a68049ad78f4e42d73f
reports/v6/dev/.rows/dev-17_r1.json	5426	ed9be93521fd34946d840c4a306b63f37dfb13de6daa005057e98214895805b3
reports/v6/dev/.rows/dev-17_r2.json	5434	187ad7d56c0b18b4d491d7fafb4eaa039052e5344a13057568f27091bf4ac216
reports/v6/dev/.rows/dev-18_r0.json	1341	557a6490e95c146520513a91350f69fae1706101a9802d2a4369783634b3dfdf
reports/v6/dev/.rows/dev-18_r1.json	1343	f2aab3b0104a3f511c67bb24d3be2fe3f038b2b0c7a15f5027c100e5c7900b5f
reports/v6/dev/.rows/dev-18_r2.json	1341	42056aa6e9f55dd8ddc3248199c8d92df2f4be826d55c5d697a33ac28558c9f0
reports/v6/dev/.rows/dev-19_r0.json	1321	d4b082e31f2298e2bd0d0999902bfc2b67b5eca3d2d459093e51b0ded3b53586
reports/v6/dev/.rows/dev-19_r1.json	1323	6f46b39fe1c9f8cecc9be2ea3a4dd7a00eeaaea28dbe3e4edd71a57099d147a1
reports/v6/dev/.rows/dev-19_r2.json	1323	4298d40c6ab940d29daecbce2d43a9bc8dfe90a42c76d71b1881b958151fe0f0
reports/v6/dev/.rows/dev-20_r0.json	1354	c0b571aecccb819ae18d975fca7cb18dd20b2266d34ce0dd714433691a06c9d0
reports/v6/dev/.rows/dev-20_r1.json	1354	1c72627ad23f8cb71d66a0920e121c50d0fcbb3332e359016d40fd7385439d9e
reports/v6/dev/.rows/dev-20_r2.json	1354	bde92d6b478376bf3b3c3ce1e15d10baf1aafdcc03e7786d90b96bf26868c5e1
reports/v6/dev/.rows/dev-21_r0.json	2319	a50100458d4edec23d9db674f8a94caaa9dfa770870c740ce326e5971f7f212d
reports/v6/dev/.rows/dev-21_r1.json	4123	b6b12bb35a7776a40851701d6aafed59d933e409b4e3e57d3cc5ab9cbb51fee3
reports/v6/dev/.rows/dev-21_r2.json	2321	3db07c6d355f289804c32cae09875739965c25f916c91dc291f6bc15be543ca6
reports/v6/dev/.rows/dev-22_r0.json	1386	ee370dd7552683d508def6b98ecd462f59374cb6530db5b99b9149910383be4c
reports/v6/dev/.rows/dev-22_r1.json	1366	26626438c555f0bb7a4f9a04c866b44ebdb306ed48699d5216f3713792cea948
reports/v6/dev/.rows/dev-22_r2.json	1368	0b06be9159bad5837027315d3dc060179e12691de68181eb565cc3eb2b50205b
reports/v6/dev/.rows/dev-23_r0.json	3757	c5c9479bbd23b46ac7e0c360f71972aac7007c5071e37a9540d54c471dc8da92
reports/v6/dev/.rows/dev-23_r1.json	3757	87f78b7aebfea73335998a87ef3611b6026fdbfdb36783ea38dc246a727b3779
reports/v6/dev/.rows/dev-23_r2.json	3757	3f7ad458c96de74883e7fc7e8b5f2952d122a123ed3d10e2a2d546fd36ff4a44
reports/v6/dev/.rows/dev-24_r0.json	1307	a911637aa7b3417e70a56d7e87b48da4857ed6f51604e0746b37ffc50617986a
reports/v6/dev/.rows/dev-24_r1.json	1307	959e959ad1b8f54390cddbe743f486419c35ff9aa8d4722f97db2bec60a881f0
reports/v6/dev/.rows/dev-24_r2.json	1309	91bfe50a1f3d4ee565b333af274183ffbd99489df7d99cf648e5376fa56069fc
reports/v6/dev/.rows/dev-25_r0.json	1313	74f00397bf065c7d35573d87ba1bcfbc09403d3ef7b2e7560b2d891e7f2bf514
reports/v6/dev/.rows/dev-25_r1.json	1315	2d6bcdc7519f890d9ff2cdcc2ad48b69d974a067636b4596f33c27df5f42e435
reports/v6/dev/.rows/dev-25_r2.json	1313	12bca26c060fa248be41a5cfc16b53d65218df1f96c4f95fc26b7755fef48e99
reports/v6/dev/.rows/dev-26_r0.json	1329	219ceb2a817d46efcca4d320ca2123992a805c510919d785d98238d79e6ccbb2
reports/v6/dev/.rows/dev-26_r1.json	1331	b5188c14e290a5e7db04ef0a7993fe685c94bdc7935d6805e4079606054e9595
reports/v6/dev/.rows/dev-26_r2.json	1329	62811d51f7ac412fe615c928d1b70630ba45b0795167cc48405bda90d6a03505
reports/v6/dev/.rows/dev-27_r0.json	1386	672d518016b0e01bd47297b8c45e1a89c792ae15a9b7625095fb3ef0849c265d
reports/v6/dev/.rows/dev-27_r1.json	1386	2ca3b90338043690a94ef1436521ad36cedaa5388b54bc940dedbb716b538d4e
reports/v6/dev/.rows/dev-27_r2.json	1386	43fcc5fc1007f642cff224edfef9ad03f0c828b089883ca6a5b676d981b8135b
reports/v6/dev/.rows/dev-28_r0.json	1424	612cc8dc9c7167d14cbb70f12ade587fc14e1336a83467ae175b853b49015223
reports/v6/dev/.rows/dev-28_r1.json	1424	a1b7714778aa605acd2f915baa3ea9780b4c7a0dff1080142755f85bb1dc4337
reports/v6/dev/.rows/dev-28_r2.json	1424	4589cd4898c8cccb307caea0dc396e4698f1d016e15856dea585c68136de6f56
reports/v6/dev/.rows/dev-29_r0.json	1416	e3ee54eed0dcd8e040846c6d5a9b2478edc952cfa0c126acfa3f3b0b4c459478
reports/v6/dev/.rows/dev-29_r1.json	1416	4ce808804e364ec434bac383e564d3ee84fc98c5f942a59c4a6446ad27b50142
reports/v6/dev/.rows/dev-29_r2.json	1416	6ec2846e477b5b8f05864ff00a84d407b9be96737d8bca309501e2f3b95488e5
reports/v6/dev/.rows/dev-30_r0.json	1370	16bed682acf64b3b9493911822ce5011947ef1e7b1898da3386fc8e65f13e0b3
reports/v6/dev/.rows/dev-30_r1.json	1372	1aa31c18b60c7cdc9639b8e6b9035fa0cbd6c59bb3bd0df119e2cf40f6ed810b
reports/v6/dev/.rows/dev-30_r2.json	1372	bb2ace2f317705547a2e074a3ce2769f8b20e6b97ed85c0094e0e0c6e7eeda76
reports/v6/dev/.rows/dev-31_r0.json	1461	efff738c5b1d05261ebf99e20607adbfab47767707b24b81d92e530e07223a49
reports/v6/dev/.rows/dev-31_r1.json	1461	c4fd82a13d277731150939b669fad3ecf4464471e3a12e5c000d8d2860635f82
reports/v6/dev/.rows/dev-31_r2.json	1459	f31a4c209ce8c99008bc75b53d8882c1cf0ded83a3e434f5853b90e291eac506
reports/v6/dev/.rows/dev-32_r0.json	2838	003f3afcbef62f8210157be0df9e4e56989dd27cce41c0e76c8e70d7c07592cf
reports/v6/dev/.rows/dev-32_r1.json	2846	511e52f6dd3b0e0d4196455462f008fa45df1aa88708a62cf325e88f4d86e2e1
reports/v6/dev/.rows/dev-32_r2.json	2834	b6c59edbb8e31879f33251a924d6a87c1efe14feb976d91a0f36d62a187d553b
reports/v6/dev/.rows/dev-33_r0.json	1448	95461602d5a21f02afec7a46ddcf9796c1df96ba8eb5bd5450977782c1d60455
reports/v6/dev/.rows/dev-33_r1.json	1448	2863352200a33ddc03e4ee0fe2e718bd2388ef8220f2a38acf06eb073477ce96
reports/v6/dev/.rows/dev-33_r2.json	1448	0b1d3bb6d9f18f15158ff47814018d13e12be8830abc0852d5821426b7e085eb
reports/v6/dev/.rows/dev-34_r0.json	3076	cfcf37d848360b8efe90a626e99f43f87f23ce361e778729841a84af7f0fa962
reports/v6/dev/.rows/dev-34_r1.json	3098	61b13adda590c9d9f96e1f4534c4b3a3dca8f20385c4ed965dbb98915006df38
reports/v6/dev/.rows/dev-34_r2.json	3096	a7c132ac277917cd0f2c61e165d76c9838a624b3fa17f9a379827c349e65e4fc
reports/v6/dev/.rows/dev-35_r0.json	1342	c7fe3cac9a9cfccfcdaf0026209c1e985b0c831fbc2232b17312cf92019fb4c0
reports/v6/dev/.rows/dev-35_r1.json	1344	b6737a22eb0c0ebd9d1f3cd9e4c14a547993aea32095026e0f024f14d5ae8a41
reports/v6/dev/.rows/dev-35_r2.json	1344	a2d4e89de3bc7761c7b9c6c6f1f5c876a6508eb49699460664a1b04214f60f1d
reports/v6/dev/evaluation_identity.json	96	bb6db786df22bc497256506f9166f9ae22d2851953bfb12380749847d3ffaf06
reports/v6/dev/harness.json	74098	ee34f5f72ae8c517fbc2f4a32ab88b6d0105d117720b39d499a9e53e1bbc9650
reports/v6/dev/harness.md	5057	bbcd6abd358450e1095b2b6a5546218a453e801640cf3a08a664410c22e18fcf
reports/v6/dev/trace_dev-01_r0.json	1072	9b052ec04e56f5cc5df67d8aa057d562c1d1c0e0cd6fd592d3b2f9d660c798e8
reports/v6/dev/trace_dev-01_r1.json	1072	a6a001911608e28de21009a5105641616d8a29f825ed8cf0e11b081b5e3a5b4f
reports/v6/dev/trace_dev-01_r2.json	1072	019d491cffe341d5ffe6d96bf8198922e110031b1d75ef62e8ca095d004c7f8e
reports/v6/dev/trace_dev-02_r0.json	4472	f59fe84c6d418c4aa1a3ae81a36d3494f1b848b1578fb4be8364eb8238416ca0
reports/v6/dev/trace_dev-02_r1.json	4456	28c542b56a56e5323da40cc6fdc3bed44b06255a91dc1718177615555cd94d91
reports/v6/dev/trace_dev-02_r2.json	4455	acf1c42a754d393475d32ec4972d854d11b8c942c93920d1c8880c524e2bf8be
reports/v6/dev/trace_dev-03_r0.json	998	1528b70e1b17a64934559b84e7cef0243f9308cb6a20c3b99dd75fe65edd5edb
reports/v6/dev/trace_dev-03_r1.json	998	75ea35fc02a44dbb68e1998bd5c52ea94f0fab7abec1db01d585e6c0f5e3a3bc
reports/v6/dev/trace_dev-03_r2.json	998	b5dbe65a87e72f2c926c35b4568edfa38368d1c44f9bb36d3934c92b2286ba92
reports/v6/dev/trace_dev-04_r0.json	4354	829eb104106a8e564e14a7843c764adbcbcc64422548e35767042df4c27ebf32
reports/v6/dev/trace_dev-04_r1.json	4359	5e64c6e882980889d0978515dc88e0e4f5beb2a89576dfef1ec4b7ea3b28b7b1
reports/v6/dev/trace_dev-04_r2.json	4359	868f3ac1f21622777c0a09065de54cd094bb5e67e4511a0a1ea57bd77a7b9013
reports/v6/dev/trace_dev-05_r0.json	4507	2d6e5674d36f75e05ed39008ce35951581caf59a4bcb007937331fd0628b665f
reports/v6/dev/trace_dev-05_r1.json	4663	eb18c239454b66f4f6dc1653c1ea0a9671fe4e168938e2f5b8fff4d0a1df80f4
reports/v6/dev/trace_dev-05_r2.json	4509	a643b23c6a3a26bac1a817de8e1d53a034189f0645df89407d934535da3f5b01
reports/v6/dev/trace_dev-06_r0.json	5777	fdad43c9b92d52ed750295a7de93cd07e43e4fc1a4fd916e181407a0dabe594e
reports/v6/dev/trace_dev-06_r1.json	6798	96a1399febb3976d3252f7b7b768a2c5c4ab291588d85ddfe500b4b757455b40
reports/v6/dev/trace_dev-06_r2.json	5811	91c443dc9773b4ee2883175c390d9c44913f2f58c2d9efe8764f974d4ce9c4f7
reports/v6/dev/trace_dev-07_r0.json	6225	647d83fa49f72b307b7225c3c828f69b4ad419a86a5c54ce6ef31b6a89af594c
reports/v6/dev/trace_dev-07_r1.json	6226	851db4593e215bc8a5d6c7bc7128fdacdfde147e95a658fcbebde2a30bed0a32
reports/v6/dev/trace_dev-07_r2.json	6335	a9af555ed906a81c51fe5f88e2f9241487e0252edcd74b2268bcd0506a1488cf
reports/v6/dev/trace_dev-08_r0.json	1296	c004be628d249740ec104e72cfae2e433d2ee15dbece3145345fdcf5bfd4a7d0
reports/v6/dev/trace_dev-08_r1.json	1300	4fbb848fccf853057b4f775e5d505f7dc4e3c5d82f870a9463024160027d69b5
reports/v6/dev/trace_dev-08_r2.json	1300	dd9780a7c3ddb989e4c37aec0d9e52cdd6561de7577ab79cbecd852e1ae18f20
reports/v6/dev/trace_dev-09_r0.json	964	ad2aa4ad8d97f2b592f5498f5e14866e33bbce438f771f224abbae2f3e4636b6
reports/v6/dev/trace_dev-09_r1.json	963	0dde155eea4ececedc4e74259e70e3ee8f8cedb0f3cb93efa32fbefe0c2f67bb
reports/v6/dev/trace_dev-09_r2.json	963	2065065a6827040134eca2e657b7fa5974d2e784f7e6b29e6ce36f1ca3a906a2
reports/v6/dev/trace_dev-10_r0.json	1233	4ed3d69c9ee075e169f7f92d577f4c20c29139645b10b49db4c2d3914821d583
reports/v6/dev/trace_dev-10_r1.json	1143	495072a3288b5e15b089c299b7358cdfde764963fef9f4165acc90d15e9cd2f1
reports/v6/dev/trace_dev-10_r2.json	1136	7032cd2bc96a1ab349e2e2515dbeddfe227b546d4aedd6aec17a7ab482a77e54
reports/v6/dev/trace_dev-11_r0.json	5954	70efd5a098dc2bf564375f919d4b7d449e6f5efc4cddc50d6e00ff5be2425a1e
reports/v6/dev/trace_dev-11_r1.json	5954	8031e10d16f99ffeae1c2ca889465f41fe2647dfaf56d7412df407549d4f140f
reports/v6/dev/trace_dev-11_r2.json	5990	57b8a8097ee18b33ea242645bf7530cc51c7de5aebb650aa1dff271b6d3a71a6
reports/v6/dev/trace_dev-12_r0.json	1008	33d32dc060f58286d37ece9a746455ebc5a7e1348ef241369b5ff99f121592c9
reports/v6/dev/trace_dev-12_r1.json	1009	5a759bb2c659f7b9b854da85b33aca3f5c2dfa637d99d09e568a165ea5c4f700
reports/v6/dev/trace_dev-12_r2.json	1009	652b4f973403d336c690b652dbc87175317b10d359af025ef02bb4540a1b0a10
reports/v6/dev/trace_dev-13_r0.json	990	02920e248770c4fa13914cf0a6fe332c1769008a58ca392cd2c0c875dfad920c
reports/v6/dev/trace_dev-13_r1.json	990	12629f3ed68c6ffffdc6a2d142e8384a312998259c0afa81e2972328fd527965
reports/v6/dev/trace_dev-13_r2.json	990	1ba990b8d4a70cf4e345e668f7731cbb897934510a8b0d4d18a3f0a0f9945bb1
reports/v6/dev/trace_dev-14_r0.json	4688	140c620c5586fdf26eec3ed18ab687d3570995356f162848250d2e82cb9a1b7c
reports/v6/dev/trace_dev-14_r1.json	5961	5801442a0647127fb26f0272c05ed83666fec415666f56f1dc74107910496576
reports/v6/dev/trace_dev-14_r2.json	4647	72f651beb8a62d3355f45aa2eeec9ac6f74625a8f31d1b8d105289b58682068f
reports/v6/dev/trace_dev-15_r0.json	972	c4ba57ae68b9623d2e2ae09ce155ec175e8881be2e19d2aff3f5b49b96095229
reports/v6/dev/trace_dev-15_r1.json	971	eb5b6f43f21f79d1413a620368c5b23fecf5b0ea6b5c7b0b83938a32ad22939d
reports/v6/dev/trace_dev-15_r2.json	972	e274493e6a9856dd6368fcec1449e66f754c75da770d3321567fe0cbd8cab17e
reports/v6/dev/trace_dev-16_r0.json	932	56fd4ed572de287b40a9b327c00a645c587e921f91f96a991402ea3685d14605
reports/v6/dev/trace_dev-16_r1.json	932	74cc9703500ae0399b7bc67542c833866bba41e538bfa18a544bff9099983b08
reports/v6/dev/trace_dev-16_r2.json	932	8b1fba0b55ac52c3123d2e26de8904901e13555b7c04247e49f436870443be3e
reports/v6/dev/trace_dev-17_r0.json	5955	a0e3a8d569f063852a2627335cefe9670263bac14d0c487d2e4791dcafb9f3aa
reports/v6/dev/trace_dev-17_r1.json	5896	c1b7fea0858e81050b9c6f9d14aee7b916ca299f7b6589b3d11d53a4a31a36ac
reports/v6/dev/trace_dev-17_r2.json	5906	50c264465019fbceedf19bc85b7e0d96a4a1d5abae427a21dd548d1b9a1a342f
reports/v6/dev/trace_dev-18_r0.json	940	b11756e378dbb6f3adbefcc576dff678d69b204e97f5df5668f68d913b1d4d0d
reports/v6/dev/trace_dev-18_r1.json	941	92641352452247baefe5c94b19f6812ce9fb3cbe19f664ca7438186a3451d7af
reports/v6/dev/trace_dev-18_r2.json	940	c9d51e15ef6590ad87be66680dc205ca3b8ec65997fad4a1f2576d74d359d55a
reports/v6/dev/trace_dev-19_r0.json	935	a4b8a48d4adceacd6fcb09add228ad26f625986ad03e763e7531637d62a9ac50
reports/v6/dev/trace_dev-19_r1.json	936	1f0f8f430a57eb6d4eee43187f2b84ac0b99f15c26b883cc0288aeafaebd5233
reports/v6/dev/trace_dev-19_r2.json	936	fa250d438c884406b58a6d26c771c4549017e7bb2dae24377595b46aa11b03e7
reports/v6/dev/trace_dev-20_r0.json	946	e88cd58851575122b07b24b570aede7914a4b17d8eb23992533385f2f1cc4a90
reports/v6/dev/trace_dev-20_r1.json	946	29ec4986d2ece951b2736134e63d9d0d419a6a7f351abbdacb905817e22a00a5
reports/v6/dev/trace_dev-20_r2.json	946	7881dd6910b2800bd1bc6837594546dab5039170f5fcec8811463dd018b9f86f
reports/v6/dev/trace_dev-21_r0.json	2011	bced691e65083fab1f21fe5d330ee7485a902b796c89ba28596578419cdf7a7a
reports/v6/dev/trace_dev-21_r1.json	4263	5b3ba1b54648d9980f91a1b9bf3b62e6cebf0d63079efadc0d5c136aa9a6d314
reports/v6/dev/trace_dev-21_r2.json	2012	452d00ac2afc28f8a885e65a9f9501613dabe370ab6f535fe3f1931db7eefd7c
reports/v6/dev/trace_dev-22_r0.json	991	9bcc5ba2c1a443b6ecdfbdff32bd2c360e89c035de8e5f0a722622adf0dd53d1
reports/v6/dev/trace_dev-22_r1.json	978	f5bb056e9b89bd612b08c148e8859d39b3237a80f2fed47e8aab9132695fc03d
reports/v6/dev/trace_dev-22_r2.json	979	288f7be72673e746be370b598807ce651886bfee67e9e3eb87748c5e37441fd9
reports/v6/dev/trace_dev-23_r0.json	3910	31c5ae0fc5776ff5e47df6ffd36ab682e3d7dd2ee6c3527fcf5464a2a4da516c
reports/v6/dev/trace_dev-23_r1.json	3910	a977fc276ea122e7229dd9737bf5e9079f7d4ef4688e4b8fcc559b39b0e21b13
reports/v6/dev/trace_dev-23_r2.json	3910	6d09e05792ff9e73964eeb040eb331132b89af797db2ec098c81ed66c90707f3
reports/v6/dev/trace_dev-24_r0.json	918	4b867f40202e7dae498ad1d4b7450de79629427b1df16b2642f89492f7222e89
reports/v6/dev/trace_dev-24_r1.json	918	bf9be5c2d96fc90c11d7406911c48e6f361c720e745d2dc487865c87570c5530
reports/v6/dev/trace_dev-24_r2.json	919	76ce1fe9bc4c0825411bcdb159c9b1299c424fcc4fc8b9b8252dd1350bf2f11c
reports/v6/dev/trace_dev-25_r0.json	932	1acc33f2b994f40bc6fad23e82e87ad62535f11b729546a379dfdeac741862e8
reports/v6/dev/trace_dev-25_r1.json	933	1a450637a9c4f73e0d2c42023f70db8e761c1df2679e1d37e3c40fd1b910a897
reports/v6/dev/trace_dev-25_r2.json	932	20c6016e467aef539b0ce413c66fd05d23bd65eac0253ec372a1ac8c294ef837
reports/v6/dev/trace_dev-26_r0.json	940	1772a0a2c745e7ddd667d3ae961995aba48ab59a75ea8e166adbf9540291d583
reports/v6/dev/trace_dev-26_r1.json	941	999f0e35b68e9ffe94191a10cd9c9a09fa27185c7d0682e0c82d7af53164d98a
reports/v6/dev/trace_dev-26_r2.json	940	e30a86f04b92219466ac715bcb83ebf2a9abf86fba6a75dbaf919c722fdc09db
reports/v6/dev/trace_dev-27_r0.json	950	ea0450adbf82208e0c7f8d6c425f8d46f45b5034e7148dfa088d4c7cece15bdc
reports/v6/dev/trace_dev-27_r1.json	950	0e768231163816154934221cd3b07ec6bce6e88e1f632264b3fd2ef7970451b8
reports/v6/dev/trace_dev-27_r2.json	950	4c63702217584bb88eb080911ad4567480c04d0bbc7b0d58c362b3a23fa4598f
reports/v6/dev/trace_dev-28_r0.json	979	eb91030310af4ad5fa798019458e8763f409402c23458822a722f033fcbd814e
reports/v6/dev/trace_dev-28_r1.json	979	7649a994a5fa246054a6970b98d6b41b0605f178e108da704d4bd60092f881b5
reports/v6/dev/trace_dev-28_r2.json	979	c5efcd58078457e1981bc1d42333bf223701b799086243cb9055a59cdc898fea
reports/v6/dev/trace_dev-29_r0.json	968	fa8ce6c659a05d7fe510fd524c2861448b2e8c87ee5ae061b28136cfbac39127
reports/v6/dev/trace_dev-29_r1.json	968	9408184809f235de231749657ec2d09744d37d725f9b205a5f6287757cf1d6f0
reports/v6/dev/trace_dev-29_r2.json	968	ee62d2ae2032d8c9933aa60e9864adff93cbab548d9414467f7ad91c80779336
reports/v6/dev/trace_dev-30_r0.json	955	369eda8da29dd5a0d1dc631c98914ca94872be52d372c952aede9c289a26fd62
reports/v6/dev/trace_dev-30_r1.json	956	591644d57fd80e154dc4940852d918392f8e89a0c9bddd6706a5b59ac792fa9a
reports/v6/dev/trace_dev-30_r2.json	956	6cfb86f4931815f8b436bfb1a4ecede894e42de395dcc269143cbfb257450152
reports/v6/dev/trace_dev-31_r0.json	1010	e3dbe9e8f91c6f62100042ac226040596590917932e3b7570c18012351f92321
reports/v6/dev/trace_dev-31_r1.json	1010	c93587409e7964dc0651246db41e6611d52d72ee1485d970e967cea21eab144b
reports/v6/dev/trace_dev-31_r2.json	1009	b5208d50ccfe1b40eaa2b16bc15761328b82a5c5793cffd2af504998b8800ec7
reports/v6/dev/trace_dev-32_r0.json	3006	750b6bc26e0aa8719ed7ce6bae086895b51d5dbaf6c7561aa599cf7532e47f2a
reports/v6/dev/trace_dev-32_r1.json	3013	9a35bcd9d66267fd0c8b01efb9530e35ea84e30e6bf9e7206f3b8cd7fe2a65b8
reports/v6/dev/trace_dev-32_r2.json	3004	d2e694f985ce2545cb3465cb9aeab7866653708ab75a19bdfd7fa1382f27b044
reports/v6/dev/trace_dev-33_r0.json	1007	69b5b23ba6c02457ab1c573a6ddea1c5063892c326ebf372d13beaf4ff4f7850
reports/v6/dev/trace_dev-33_r1.json	1007	6fbad2e236cdffa5a9b9dbd468cdb020843704d247391a20e9d732385a43f2a7
reports/v6/dev/trace_dev-33_r2.json	1007	281e92d661f06a0eda83d0394cf25a51946d5392c9f687bfe44a73768fec2729
reports/v6/dev/trace_dev-34_r0.json	3241	c4b2aa6e6b4fd1d184a8a0c862b8d87e2e165eff58b315837c0a004ea1c332bc
reports/v6/dev/trace_dev-34_r1.json	3264	e9acc8f82ae60c52aafb6c21fea296b0cd79f320dcd569be8c1287bc99358541
reports/v6/dev/trace_dev-34_r2.json	3262	45a5af120dce3a2496545bd53edb8773f2c3c0eb6f40f4dda8191beaa153aabb
reports/v6/dev/trace_dev-35_r0.json	936	3b977628c54fe955699465fe49acd35fc2bb84e501cc1fc10b648cd57b1f9572
reports/v6/dev/trace_dev-35_r1.json	937	4ff14e6f9d24527db6c7f537f915ad65714c8bc87b764e4a7c48fe36748c06e4
reports/v6/dev/trace_dev-35_r2.json	937	080292bf70b5673b5943205efce51ef514b139a272c6da777b4de4c8a65d12e8
reports/v6/evidently_ground_truth.html	3655674	69b91b75b4be5dff79665d6f1d5c20255ceaf9d8c40f75eccbb2b41fa261d5a3
reports/v6/evidently_ground_truth.json	1324	5936946a8f372e5ebb84bf24923613d0a8a667568d36b79ab2b439e0693649d7
reports/v6/evidently_judge.html	3656757	a26b2ec61971c213394461ca827af35defeafed4cf579d8067fc07011083f333
reports/v6/evidently_judge.json	2641	129aca22f952360db6e3a7e5987702dc2618a3736f1daa5ab23451d4b92691ec
reports/v6/gate.json	370	7f47f63f5984258e11cbbf0c2dabaaba926ec084125380f7d30fb8b281999913
reports/v6/golden/.rows/gold-01_r0.json	5551	467e142240ce558974850856e8e68219c7b1aa96fc9d3a9a5b7339d869ef3b3d
reports/v6/golden/.rows/gold-01_r1.json	5551	9569b7a02eb862713204afcb25219966088716e18917fd32c5c7ff3d512797c2
reports/v6/golden/.rows/gold-01_r2.json	5555	8664fae74423de8dbb652bf437d9d1c832acbddf57175203922bd8c59ab8973b
reports/v6/golden/.rows/gold-02_r0.json	4476	c7569a05ca750175e2dffea9a88694c56e0d1152e90f48e5f250eb47c7f5956a
reports/v6/golden/.rows/gold-02_r1.json	4385	31878a77e2a977da440e22817c49cee47410dab4ca0c6b043539e564d980646d
reports/v6/golden/.rows/gold-02_r2.json	4474	d977098b372c989a9256d5fec1d4bdaf1a42e1d26b7fd445c623c079a64b0078
reports/v6/golden/.rows/gold-03_r0.json	6522	953ece4a83c94338e553fa1f4cfae15acecae4d4501709e90e4dce6271e389b4
reports/v6/golden/.rows/gold-03_r1.json	5963	0ef5a85965ca47d4257f0f01404997de28197263c03e385f1acce22363f0b436
reports/v6/golden/.rows/gold-03_r2.json	5989	a4243460257edabb0452b93c757f5edcac7291434cf11dc547c3005a040a6cb1
reports/v6/golden/.rows/gold-04_r0.json	6933	24368d6de7a333a3f84968178dba72fc4fb2531cfede7b71be4c8399fbad1814
reports/v6/golden/.rows/gold-04_r1.json	5469	e577fddbd57ef90a62247d2c9220a284dbfc231efc50f95cc8ab9cb2562dd8d1
reports/v6/golden/.rows/gold-04_r2.json	6834	365455d78c58a67d5419449e0609dbf0b30d16e45c16b107d12962d6fa0fbd6e
reports/v6/golden/.rows/gold-05_r0.json	6144	a51c241c42686343a20a93c395913715d0151367e5581893dd8e6b2a85365bbf
reports/v6/golden/.rows/gold-05_r1.json	5955	876c88346d618ff190ca91e92010d77c2075429a216ce480346b16d7f24b15b7
reports/v6/golden/.rows/gold-05_r2.json	5955	1f1a6fdc74348f0464b7203561f1abb084f49f0d412e5aa5b5330942ed8bcd6e
reports/v6/golden/.rows/gold-06_r0.json	5754	31b04a60b319c78938c2c56b16f011fd97a606852bb5f68c12fe9bf942faa85e
reports/v6/golden/.rows/gold-06_r1.json	6576	5bbab1513cb86959e5a2e0aff1263af9ef9e2af39a5b3afc6909db08084b5544
reports/v6/golden/.rows/gold-06_r2.json	6578	7c5eeddefbda9869622ccbf4fd0b3e40b88e8ef19716b7921f256032a9797848
reports/v6/golden/.rows/gold-07_r0.json	5622	730c7ca96483481e4280e35722b225875283f67ee34b72adf51f36de6e49a82d
reports/v6/golden/.rows/gold-07_r1.json	5758	30ba695c4ed045f04c4a1753de21a1903ce622c1bf51cd9c7eb9702efb774703
reports/v6/golden/.rows/gold-07_r2.json	5908	80cdeaab5067ffa4f284308506c9dd7c57dad74e86bce738a72e904c97f9b351
reports/v6/golden/.rows/gold-08_r0.json	5778	8990ed6b1e88d4911f8fedb52d91a363888beca4f6a4d7dcd44a947392d763b7
reports/v6/golden/.rows/gold-08_r1.json	6564	05b08a0801396a9e4dfbe25fc81d81e8d95011b7956e638353fb62ed4c230e47
reports/v6/golden/.rows/gold-08_r2.json	5892	12f07275eac177b69a48367e0ec52f9b264cebe24296e13315a8036a0585df3a
reports/v6/golden/.rows/gold-09_r0.json	1508	30b8a22ef244c9c619b17dc5e0b99413f09163a7fdab28d79b48ecf8312f8488
reports/v6/golden/.rows/gold-09_r1.json	1508	47df85a057818995154c81d07ee5b74697b23ba1834d211fa442d423ef1d1b02
reports/v6/golden/.rows/gold-09_r2.json	1508	dcea3db0c5bf616cdd7eb529ce7e6a551daa0e12b54c0c0fd9d9ee39ef34536d
reports/v6/golden/.rows/gold-10_r0.json	1385	9cc42f1daea32c0ce744476b763270d3a6c35fb6956d9232fc34f325abfb6b5c
reports/v6/golden/.rows/gold-10_r1.json	1383	308fa4670f69634ddb0e92c1f611fae73e022fc1840fc2430f7df660bbdaf810
reports/v6/golden/.rows/gold-10_r2.json	1385	84779ab8881c35bad4ab8790b608c91e4761887947a7f808bc001611987cab87
reports/v6/golden/.rows/gold-11_r0.json	1400	79cfdebc0a38b0f28ce2d5e604d0c6c80e5536635d61d30fbaf67582974cbef1
reports/v6/golden/.rows/gold-11_r1.json	1404	d16cf42ee675813c47585547b6d19ff5172c4919e28e79604899fe38b667d959
reports/v6/golden/.rows/gold-11_r2.json	1402	84b51941ae15a6b1cf0274da8af5c7a5307b5abdb01f8cb6b6495bf7c28d1443
reports/v6/golden/.rows/gold-12_r0.json	1719	5fa1739cd954316e819671c6ef189c317cbd6a4b4a335f6db580d4a371471c80
reports/v6/golden/.rows/gold-12_r1.json	1719	7e6944d383d2ad31cfa9e100383ac6159972b6c2cead18620d362ac777567db8
reports/v6/golden/.rows/gold-12_r2.json	1719	1201e45ec8aa5a7566824bd1696fc0b06367b98b8b5145c18fb73250d0e6a6da
reports/v6/golden/.rows/gold-13_r0.json	1389	66e62a1f2f0ad32a27d16dd3dc1ae5dbf3da63262ece46f72bc2dd93765b197c
reports/v6/golden/.rows/gold-13_r1.json	1389	772b144bf27e16bbf6985849f26fdcd801993898c10f29f27249a7f4033517e5
reports/v6/golden/.rows/gold-13_r2.json	1387	578bced54c6e09972429353eb94be6a84d5663a6d2a539c02d85df3088d740eb
reports/v6/golden/.rows/gold-14_r0.json	1392	27ff7575331be1c83d5f04c66bc9f70823719ff5555207688c3488e9bf6796a4
reports/v6/golden/.rows/gold-14_r1.json	1392	b69671a31124635a7e0f8d5e1b74f99a4027bec8367614f775cb8af10fa01bb6
reports/v6/golden/.rows/gold-14_r2.json	1390	0badb9af7c5ac33665806a4e0cfce864adb27e3b169652d09f5811390897d0b8
reports/v6/golden/.rows/gold-15_r0.json	1483	cbaf3b0e643bb9bfa653853548bb68d48943c53afde384a8400b2f8e9e9376d5
reports/v6/golden/.rows/gold-15_r1.json	1483	ba16d23efc368c7b646faceabcecb576d1b4dd2b4867288c6a1c5c23970ee8f1
reports/v6/golden/.rows/gold-15_r2.json	1483	aafb38cecfea5248de97560887246f3345966683f7e353215989314929838995
reports/v6/golden/.rows/gold-16_r0.json	3059	26e0d6711189938c7995967058e2cf2a8be21d239380cdcda4f2414c2ea679ad
reports/v6/golden/.rows/gold-16_r1.json	3059	d3f71c998b457a53b7cc585a5a46219fa462c810b3a8b142cdf85fbae556795b
reports/v6/golden/.rows/gold-16_r2.json	3059	69716138d2484e47f2a6b74f47880a6070ef88118c94294ddb88dbbc5fb317f8
reports/v6/golden/.rows/gold-17_r0.json	3290	94ee0f21c10111df295b881ae750ab1f01a592141552a110cc3c27a8308452f9
reports/v6/golden/.rows/gold-17_r1.json	3180	26b6034c3113b022ce88c006d48a26ff9f68859edcf05c9e56b8f65cb1c72e0e
reports/v6/golden/.rows/gold-17_r2.json	3254	7d046c26789ecd93e69887cd0de25e4ef1cab04e77f6146f40e8574ef8b0bb23
reports/v6/golden/.rows/gold-18_r0.json	3254	718bae4f28a6a6d51a93e0e241c13807e105c2c639b23da200d1ab7e87546524
reports/v6/golden/.rows/gold-18_r1.json	3182	db886f927e3faa3d6a1048c07d63626d5935cce4de560f32c592e229ba36a702
reports/v6/golden/.rows/gold-18_r2.json	3182	129b1f02c36012c8eb2587eb02eba16b1fd79ecd74123f7bebf05bb2d974aafb
reports/v6/golden/evaluation_identity.json	96	6742ea3baca65374347b5bb61107062844470ca569b3ff4f3eaa959608dc16e5
reports/v6/golden/harness.json	40565	7ac22e7b69dc2d68ae98f753322174320970f12c2a1f05ede485cfde25146293
reports/v6/golden/harness.md	2822	935777309f549583487a08e2fbee8df6f7d8d305ec707332ab893e64b0c54acd
reports/v6/golden/trace_gold-01_r0.json	5723	153f628e21b2387a1b500311aa8c7716e24184fc20c0fdd8d218147d188e7c23
reports/v6/golden/trace_gold-01_r1.json	5723	3ee0ba3fa32424fba362ccd648b10feed3125adfd2430f2a7183031174837461
reports/v6/golden/trace_gold-01_r2.json	5725	888ef0d05ec3743a7f7eb684e2f64c55a0e3bc11a50c004479555ab31a08e2f1
reports/v6/golden/trace_gold-02_r0.json	4544	a66cff4d348bba08b416d00442d3d4bf99cdc9703dcd7b49661dbe0c00c5f570
reports/v6/golden/trace_gold-02_r1.json	4403	596f97f8e98a24fe42ac6c77954fc41c694a397c279386f160f3f78fe6a78b2f
reports/v6/golden/trace_gold-02_r2.json	4541	4cfec4fb3acae9f55bbedb82df93a94eaab3f201e9f2b0e031bf0b28b97fb11a
reports/v6/golden/trace_gold-03_r0.json	6931	d4718a2a77d287336f9d973ede5a450b9551b411609d9485afade52b22719207
reports/v6/golden/trace_gold-03_r1.json	6390	d2c12298bf6f896272f95c157b06c65aaad1aa0da49587ab004f87c8e3b15a78
reports/v6/golden/trace_gold-03_r2.json	6415	c1f3a5e0ff366f19fe353cc1350869be97ede4ff0f49ce6bb512b01de73142c8
reports/v6/golden/trace_gold-04_r0.json	6906	69213ebdfb62adabb95276aeb79f238781cf735f600fd3e283a84bb5f8fe7a67
reports/v6/golden/trace_gold-04_r1.json	5685	3f58fed61a2567e06dc9bc10c024771d848c19aa703d2767da57f1eb4c0c68c3
reports/v6/golden/trace_gold-04_r2.json	6840	5ac7d0b760602971506efb7894fd8d80e8d81daaa701507e6ac5ea38657a22fa
reports/v6/golden/trace_gold-05_r0.json	6323	03656f52ba5b09338aa24943b7fc3efc99689df017b6b6a54a53c96fd8af91ff
reports/v6/golden/trace_gold-05_r1.json	6277	4e8a51701b76f3a080f4e53cac000196876732356f949a35ec1ceca4add43d3a
reports/v6/golden/trace_gold-05_r2.json	6277	9811e55ffc765e4bd443dc27fd4ebe3c257f99b67734345602613b11db111d50
reports/v6/golden/trace_gold-06_r0.json	5969	2ef6acd992b9be6ef1d6fe55431723591729d890a59786bab6405c8607d9c748
reports/v6/golden/trace_gold-06_r1.json	6848	e48f77c0b1cd937d1a6fccafa226a9bdbea8a38fbad45dbdf46822044cab2308
reports/v6/golden/trace_gold-06_r2.json	6849	cc394753493d904a4727d2c7a353f2ab4f6b6cc5e73ef2397820620781da12cd
reports/v6/golden/trace_gold-07_r0.json	5686	e38fc594f7f52b3b7d248fcabe2d43f12e4ebb28466e45fcb15e5bc584e1da79
reports/v6/golden/trace_gold-07_r1.json	5822	f6a1863591bc70dda593799fbb1aeafeed0b61e238bbe8e3a2b973b711e27b4b
reports/v6/golden/trace_gold-07_r2.json	5972	6563bfe805cff951798b4732a12217687d7dd0b4bd24ce68b9449f4667d7b6d7
reports/v6/golden/trace_gold-08_r0.json	6054	735261781e4cdbade086ca33a0abd3ade95e62a9cbe111c6260f38be882554ff
reports/v6/golden/trace_gold-08_r1.json	6623	6c04c571931511914a79cf35ef1248db3bb97fc1d7b65b4ec73398249e31edb5
reports/v6/golden/trace_gold-08_r2.json	6168	55319684781bc8ba61315404dda833a432302c1563b93881268e0a06df2d6f4c
reports/v6/golden/trace_gold-09_r0.json	1001	f598e2eea1d07be7a97a9fd376ffbd1d4c0d6d97d48f69735526c959f08c8641
reports/v6/golden/trace_gold-09_r1.json	1001	dfe94576703dd66389fcaf14ddfb5cc13f693fe5ac4cd38f25d64f0fa4c7e220
reports/v6/golden/trace_gold-09_r2.json	1001	49db2c94c03d277f3770c2ec9a2958d23905e854681e0c94df7cbdd06ff9bed8
reports/v6/golden/trace_gold-10_r0.json	963	50459dbbc88c3a279b04706d0bbd155f53be51452b4de592fa10f8446abdf2be
reports/v6/golden/trace_gold-10_r1.json	962	a8edceeb7f521222b565067192126fa849fc35efa33425a59e8b31546ce055d1
reports/v6/golden/trace_gold-10_r2.json	963	2a6c4fe0d357de089816a4686cb9b3c1416ec57d649726a031f78d801d9196d0
reports/v6/golden/trace_gold-11_r0.json	969	cbbd49784fda476dc2bdfd37a6ec76251cf20905f564f7d39f3b98c69c486d4c
reports/v6/golden/trace_gold-11_r1.json	971	76e3b6fc4b03f97c2f4f0b32780c4e1a5bfe4f2a1edeb147e0ebd7657382215b
reports/v6/golden/trace_gold-11_r2.json	970	9b2fab189ba68529d54de23ae53fa54efccbe02084dd701d64a3d0257108e8f5
reports/v6/golden/trace_gold-12_r0.json	1191	3e4a3c6e5871b39e238b90e87a9a26a71dbdf344b09b9132861fb5de4c085e6e
reports/v6/golden/trace_gold-12_r1.json	1191	c5b2860b60b7f64d3df7385abe88089a32954aea0f67746c96c6939ad7add1ac
reports/v6/golden/trace_gold-12_r2.json	1191	6660a43d7d38d360028301ca896ddc72f12ddd0e4935763715ecb4783748eb32
reports/v6/golden/trace_gold-13_r0.json	976	9c8261e80a50f8f513739d21965712cea81b85af1f687bf2b8e8d440ea19ddd7
reports/v6/golden/trace_gold-13_r1.json	976	702b81364348447ae73c5ed1819a1c7528d2b93d52b91947f3c8fef630dfef7a
reports/v6/golden/trace_gold-13_r2.json	975	15f95534790f4d0e9076915b172ffe65b169e61197bbf60e4994b326c1c6ee8f
reports/v6/golden/trace_gold-14_r0.json	971	5753d35e440a0ca629700742c3fc6333634a15100f5e30e556672a25dcbb5e2f
reports/v6/golden/trace_gold-14_r1.json	971	94961e6684074eac15e444dbfae98c9ba04c350052cb4ec7d961c9c890ad93e6
reports/v6/golden/trace_gold-14_r2.json	970	ab954aa8768e8e982b94cd03616806692c3d6005db0ba44aab633d471c316a46
reports/v6/golden/trace_gold-15_r0.json	1008	d1f7a50ebdbda5ada3427baf3c2246f7ecfd76031fd3bf1c28f750bf380f5a60
reports/v6/golden/trace_gold-15_r1.json	1008	50c622822c3e1f0a92833a7840156055c52a817f83225b907838535472abaab2
reports/v6/golden/trace_gold-15_r2.json	1008	abf79d468a46081c993a4ed7ac56198404cf2730b55d18b73bc43a7817e685d0
reports/v6/golden/trace_gold-16_r0.json	3210	31ada94174d339b266a4e4ce2b81c1d325790a0caeb41e1648f247948d052437
reports/v6/golden/trace_gold-16_r1.json	3210	5b2ba65a9a48551fb445aa6cdc3e312292d0645b049387f571d268770529a69a
reports/v6/golden/trace_gold-16_r2.json	3210	5de4c0f1038aff95b8008824e6bcdfcf90e41e2befce3ecd1f6f301e6cf3794f
reports/v6/golden/trace_gold-17_r0.json	3426	a04179af1b1a368f050745d0ea3e77e28edd3a80efa178b16c8a468dafe31f45
reports/v6/golden/trace_gold-17_r1.json	3316	853d2f5ca294ba290d08c0369f3b41c069d02d042bd17d0f5d25decdac969317
reports/v6/golden/trace_gold-17_r2.json	3392	4e3872258f7decf4f5495d1118ed076485f36f45ec6ccab7d1935c9d63e02215
reports/v6/golden/trace_gold-18_r0.json	3395	66fe774ece2fea8dc9fa0d0a3b8948c349952b5ea6ce0b6a8afc50c73d6c5a71
reports/v6/golden/trace_gold-18_r1.json	3292	4fef6080ba0cc631032d1f0afacf8e87991931eed071733b2e9ee4af07274a30
reports/v6/golden/trace_gold-18_r2.json	3292	510cb28401b4fa6b3e635dcf2b5823ae365e2ebbb61ab138fbeee3d17206c749
reports/v6/judge_verdicts.csv	64107	01228ba0361e5f06ddd4d6914ee48ed957de132a2c0e575040a112f764793705
reports/v6/metrics.json	656	cb753fdb6b382d1f3622592bb7e9056cbe66c14d7b024de616c2bc13dda6cb10
reports/v7/dev/.rows/dev-01_r0.json	1407	efbfee37e8c1c0381fb5b0a969579ed866f61a8f6b8d01f7de32ea7bfbbd5ab2
reports/v7/dev/.rows/dev-01_r1.json	1409	7ba5b1c99c6762645f7f0fb701df6e275544ea9f37d7915cefc0c0849d7266db
reports/v7/dev/.rows/dev-01_r2.json	1411	8e649ea44eb5e61b186d27b58bc83cfdad46c9decba999ec701345637493812c
reports/v7/dev/.rows/dev-02_r0.json	4494	ff695a9d08f047eecf9c81913fb29c8b8a0876630c32ca5dfa8ab94f5f5d1bfe
reports/v7/dev/.rows/dev-02_r1.json	4494	61718230ffa955c38ced79ef3e4f1f7b05b6b47585759194a7e076f2b92c9d5b
reports/v7/dev/.rows/dev-02_r2.json	4492	977b5ca27ac2f85e93a7882acb12da6af672ab85b5af7f63825e2806b80bc82c
reports/v7/dev/.rows/dev-03_r0.json	1368	90d82cd713c746a68af15d9492946bbb1838dcd8676cb32e4463d645dd864f6d
reports/v7/dev/.rows/dev-03_r1.json	1368	aef1efa5f9bb62b30205f72872a99f82a2c7ae7537e748054f6cea00c93ebdcc
reports/v7/dev/.rows/dev-03_r2.json	1370	b1151c7ec73d38cb7d3c0748a8312a66d5e63a5be0430fdea303485b30a8c281
reports/v7/dev/.rows/dev-04_r0.json	1398	04c7a4e74c17e617014b8c6d7ec74e1c0ae231db84f8763cce3c02487864c8ec
reports/v7/dev/.rows/dev-04_r1.json	1398	38a96938e98f74755df1311e0832bde1cb08a3321f7afb554a1cc84cd018eca8
reports/v7/dev/.rows/dev-04_r2.json	1398	d1ed54097de88e924c053bde2208dd2f8f3b9a6e3dc708a971ea9ae46762f8d4
reports/v7/dev/.rows/dev-05_r0.json	1372	d7d0a97b3633b14c4693c1cb9771c46544714e23dc5367a715ad21d7f8da37bb
reports/v7/dev/.rows/dev-05_r1.json	1376	97e3e148db406feb2646747e4f55e48c6763040bfbe36110e7520593af829f84
reports/v7/dev/.rows/dev-05_r2.json	1374	7a439973d04bfa1cac4e411daf5b63d8a15dfa0b9ecd26d4496e525d2990858d
reports/v7/dev/.rows/dev-06_r0.json	5521	9efb3391ae82f70a54de8a93cfca5042bfe5b67c4ed34fc0013de3254bbdfb0e
reports/v7/dev/.rows/dev-06_r1.json	5521	bcf267cad08b5df2ebd51e2f34f862e1265b42764eed71d5bb6fa9b8831de7a1
reports/v7/dev/.rows/dev-06_r2.json	6134	5d65f697d08e929f37ef8f4aef714d554f14fdc4b18b416209f8a7ccae4235af
reports/v7/dev/.rows/dev-07_r0.json	6156	2f37de78ebf4a70fd4d498155ea2097c6dab375f66fa6d5f571b55391c066e6f
reports/v7/dev/.rows/dev-07_r1.json	6114	bdb533467c012d7c8aedaaa0368cb43d23db8072455761cf2cc0233245aa4e24
reports/v7/dev/.rows/dev-07_r2.json	6001	21253207cc2a0050928688ad9587785448c19fb4660c57fa82cb1d16f96550bc
reports/v7/dev/.rows/dev-08_r0.json	6232	9a639bd2d562bebab851c3b47dd6b02591f95122ae006d0783c13205eb239f18
reports/v7/dev/.rows/dev-08_r1.json	6154	cb7038a06aabc0b8a517694796c61aa6b62c9a5e017fa0ffed7b03a6e8a1c4e1
reports/v7/dev/.rows/dev-08_r2.json	2677	2ea4e680e79359737f321aa0f5ad7295cb4eafdc1166fcd19679b7dd1e580280
reports/v7/dev/.rows/dev-09_r0.json	1603	c69a9cc9999ff73e6fec5be21962e5acaa6dd78aa43e42bedb8694589f55319f
reports/v7/dev/.rows/dev-09_r1.json	1603	54439a3fa0b6459a77d22eba32adc2055c0d2b69b1cc673d1fcca807a6054641
reports/v7/dev/.rows/dev-09_r2.json	1603	8b2c9f545c1cced5100d6bc48eee17affe6af70eba7216113c9273ac699469dc
reports/v7/dev/.rows/dev-10_r0.json	1702	6f1f1d08341d31702b2d66c2d7899744a1c8ca4bfb0dbbd935f19f909d7b0a4a
reports/v7/dev/.rows/dev-10_r1.json	1705	3d726613ec0a54ba5294fd00be78afac57ba15cd839c57aa0a54b9cddbf9f5bb
reports/v7/dev/.rows/dev-10_r2.json	1702	5425f98668e30e173e135ada3b1b4a5ce61a5b7bcf2947fe5b818ccdec06f209
reports/v7/dev/.rows/dev-11_r0.json	5714	c14f9791844d76bb6d5af284fb137c29011673c887ad7a092ba42bfbb23bee34
reports/v7/dev/.rows/dev-11_r1.json	5712	0a9de89be47879d5e8549af92d62bbc55934c8520f8a3e0869cdaac058755b5f
reports/v7/dev/.rows/dev-11_r2.json	5747	4c577b7838ce516c8c189c594e260c777521399f12ff5d875dc962f438c4feb0
reports/v7/dev/.rows/dev-12_r0.json	4542	fd85ca5a9b50b291eb76d4d9af16e39935711134e0a312261f80d35d94917644
reports/v7/dev/.rows/dev-12_r1.json	6217	ae8b0279dfc015c630c0400d9eb860982c041cd5d4bbc247c87d91dff33b3292
reports/v7/dev/.rows/dev-12_r2.json	5212	162763ac11b805d3c57b29f11370a64f197cf659bf361006e3ac0e97fe45c325
reports/v7/dev/.rows/dev-13_r0.json	1434	cb3c9fdd107f112126ba9a44160e7466cbd4f7dc4ca4096b617a024fa6a2d800
reports/v7/dev/.rows/dev-13_r1.json	1436	00ff25d013625453e1196c9000f35a0c1d88323676f28d1f602bc7e7a5b153ca
reports/v7/dev/.rows/dev-13_r2.json	1438	37c3a49da3821617124412f73580fbf11cb1ad8e420309db49780974a0ac4be8
reports/v7/dev/.rows/dev-14_r0.json	4901	826e57fcbaac7a273339de729669c6df76697d0340344587afa11433a3933bb5
reports/v7/dev/.rows/dev-14_r1.json	5171	def796a2fd24ff4e4a4f8f2cab214fa0006b38fad35bf455fcb0768b7fd90d85
reports/v7/dev/.rows/dev-14_r2.json	5431	3c94cd8592ae8205f5f964cb126b9d3ad0d4ac80b91e33e3b2dbb4f8a7884ba9
reports/v7/dev/.rows/dev-15_r0.json	1447	23ac8661d5dc45a3e559b7c66fd1f8998241f903f73d144daf60f7e4b9388246
reports/v7/dev/.rows/dev-15_r1.json	1445	9cc6838cc5a1c3d941c5e73396a6724666e99bf5edc31da2a9a46277320557a6
reports/v7/dev/.rows/dev-15_r2.json	1449	e092553ab62fb82acf9538976488f042a1b5133b552e75a9c84b902393e72b34
reports/v7/dev/.rows/dev-16_r0.json	1324	8e2871fbcef40c6091056bf12662da28cb7bdf1001c931c10d776231a228ad88
reports/v7/dev/.rows/dev-16_r1.json	1324	09b03e847480d4cd99d82c0f1e6d5774214b1f833a48751a5d6b363b9d5126e6
reports/v7/dev/.rows/dev-16_r2.json	1322	25104ac59774c21a4f093ba8e9b8cb5dd598fc29a94c0cd57fdb8f9504e4d19d
reports/v7/dev/.rows/dev-17_r0.json	1327	85ad2e6be6a3e6e9d7ddad81d2f5b1157493cde5bda52709cd7f138aad8798ce
reports/v7/dev/.rows/dev-17_r1.json	1327	3a1520bb0c3d386f2ae35e3864325e132a2558836b49fa3b1634daf50de27c14
reports/v7/dev/.rows/dev-17_r2.json	1329	5389dbb69473e2ca7242608f29dd8c6e9bc647c6343c80f11203e454be1b7f35
reports/v7/dev/.rows/dev-18_r0.json	1343	29173760717d5c9d1f4a5551bae3c7219f4426f69d5e32f621f4e22745b2e885
reports/v7/dev/.rows/dev-18_r1.json	1343	5b9b58f5ef80fc4208beb1e5b7a7d7121e259b63b64de35a53ffc08040ced31d
reports/v7/dev/.rows/dev-18_r2.json	1341	2cdf6b1f6055eb9ca898a8cfef77e2e6d5f707d3879e77f3d5bef26df11eeeeb
reports/v7/dev/.rows/dev-19_r0.json	1325	5ba5def0aefbd647227f24c4e7bd145192134544568b172d9937c92913d366a7
reports/v7/dev/.rows/dev-19_r1.json	1325	36547cf955e47849c4870a8fa1d6b43237422a31519f6e03c903f6bc3846506b
reports/v7/dev/.rows/dev-19_r2.json	1325	e22f567afa77245d692aba9a72291b554c2befc68188aa24ac1e86f0dcc15c04
reports/v7/dev/.rows/dev-20_r0.json	1356	ba753f27acf1ee964affaa32c0e644d4b9b1f077706539d69b87eb92c7644ee0
reports/v7/dev/.rows/dev-20_r1.json	1356	af25873232f17b6bfce0ba0c0062d581cad7262057a7e62cd9b69147a6a44e59
reports/v7/dev/.rows/dev-20_r2.json	1354	6f8748bb77ca996d9602aea5470a86e091a4269ce7b40ac3ca647b66422b1662
reports/v7/dev/.rows/dev-21_r0.json	1288	d3aab216663d62eeee1b1e1701e5124470ee7938f347d9426fb2da75b8f9bb61
reports/v7/dev/.rows/dev-21_r1.json	1288	6c3a67367ddd8f657dc0ee34f7a41502bbe5d3c079f99aa795c862c657a1a921
reports/v7/dev/.rows/dev-21_r2.json	1288	add51a423eac1ced5b8a5017d004ad701afb5d29add190952d1e3c94200b52f5
reports/v7/dev/.rows/dev-22_r0.json	1368	e170724155f621ee6f42086ac7a8069dfdb21340f6c369e1971688f801bed1ad
reports/v7/dev/.rows/dev-22_r1.json	1368	d6a3d733b2907c6d6ae3f892de9da2e649125cbc58aa2206db4c2de04edb6c4d
reports/v7/dev/.rows/dev-22_r2.json	1368	60403bfe9a5dbd9247b1d36f4d7cf41b399559e5a76b570197d743f3b02596b1
reports/v7/dev/.rows/dev-23_r0.json	1311	fe0dca9a16b32f663d2be8d8e21aa920e0ffb16f7b60cbad8ca4c7b1220d8c21
reports/v7/dev/.rows/dev-23_r1.json	1313	3d85488852e53b00bc05d493bbae5044a7806735973517a59c10fea8310dbd15
reports/v7/dev/.rows/dev-23_r2.json	1313	5ed498be346de8e64f1904aaf8be5be4471f9e62e1b04ac2bb6df044b68841d3
reports/v7/dev/.rows/dev-24_r0.json	1309	a77f436b4fd0830026db3ccd6612b19cec14376d86dda2effc286b50a34556a6
reports/v7/dev/.rows/dev-24_r1.json	1307	99f53fa09785c4cb3b27d8aff098ce79b8cee012e3fb4858c7f06cd296224249
reports/v7/dev/.rows/dev-24_r2.json	1309	4ffd316c3eb03bebbdc85f4e8ae97af76f5dfc169bf7298ea5c2c946d8ffdc7f
reports/v7/dev/.rows/dev-25_r0.json	1466	8e3131c53f43cfc9fa83b8306d3c8fef0cd9413f9485d0ac50149402612ff3be
reports/v7/dev/.rows/dev-25_r1.json	1457	c45403518182b74361a5c799908eca8bd00229ac15f74a93e0374709f82ab3f7
reports/v7/dev/.rows/dev-25_r2.json	1457	c1936dc78a4c407d86de3dfb4610200453d016ee1abc5f3f1266706dd0362637
reports/v7/dev/.rows/dev-26_r0.json	1329	29a3d2a3a9a1542457ea7cd300080fb343c5638d182ac8d3801fce89d47c8d3e
reports/v7/dev/.rows/dev-26_r1.json	1329	e8f3c35a479ccc3367b54a16d106dec2477395421f0ac39801e3638df037b5cc
reports/v7/dev/.rows/dev-26_r2.json	1327	6868277d65796c7672c3c094d97116187ea0271e66df631198bf36a441a711d1
reports/v7/dev/.rows/dev-27_r0.json	1384	47362126c0066c66813adb2eebadb59815aed0d94d64d83c375fc8547f9c20e5
reports/v7/dev/.rows/dev-27_r1.json	1386	b579ea831e2c422797d9fde3051711c9df3e70da4092ddfd542c2806aff46924
reports/v7/dev/.rows/dev-27_r2.json	1384	cb66ca7dc81bf1873413cb391e9d9f7addefdab120b4beb91904e96f25c82cac
reports/v7/dev/.rows/dev-28_r0.json	1422	f753a6c039940fc0181c960a8b99c0c980d7acfec9b639960c841c5cb820035f
reports/v7/dev/.rows/dev-28_r1.json	1424	1294e9cf2916b24d1d55d1285bdd0b4a2168173a132135113c589b4508f90f73
reports/v7/dev/.rows/dev-28_r2.json	1424	6899851bd40a1e770e44e0046435b4a16b54d3c043b6fbbdab5d8578471183d4
reports/v7/dev/.rows/dev-29_r0.json	1416	ec73b111a3684bf9487881bcdd5926bec92840644a5a56c4380aa3ae8495a509
reports/v7/dev/.rows/dev-29_r1.json	1416	4af384b18a2eec570936768c56ce47a8ec529508ddf05333b810f9511b8fbce6
reports/v7/dev/.rows/dev-29_r2.json	1414	a47a71aea78b7fb8726fbe1a1a39ccff905aa1ad639c6b123c7096bcb9e254a4
reports/v7/dev/.rows/dev-30_r0.json	1391	dd3d96866658365b89ea67ce9c7f8e1eaa380a30673776d04fe0f394d27a9882
reports/v7/dev/.rows/dev-30_r1.json	1391	841b071040631064f6a7660387e95d0c395617ab4bd4415402a8c207a42f5226
reports/v7/dev/.rows/dev-30_r2.json	1391	15a13be0631fb9b050d6e6068a85237e133188de8af855fce8538617b672c810
reports/v7/dev/.rows/dev-31_r0.json	1342	59ea50fdb11ff62173504a53bfe45fc0a5ff24f6a4da9709412f28f08a713e8a
reports/v7/dev/.rows/dev-31_r1.json	1342	ad7b6f9d7b9e0f98b8208fa8a820f4b7eb62e0db24c7a42b6fa8d49f35b80e88
reports/v7/dev/.rows/dev-31_r2.json	1344	4219406d05fde54f15a2fb25813704fdca4b893bc266793d96d9871c20844803
reports/v7/dev/.rows/dev-32_r0.json	3110	a3301292986246a0aa4c0be644cdda7d085141c7a173343820bac4bd874d13e1
reports/v7/dev/.rows/dev-32_r1.json	2840	881c2f0c560d8c63985c6b7370c10b092da448f601f49605d0e30545c8a2cfd1
reports/v7/dev/.rows/dev-32_r2.json	3066	47212fbefa82a976a687cac534151ab7ab5a6a75cac1bd9de3cdd6d3ee3fe524
reports/v7/dev/.rows/dev-33_r0.json	1446	2c076575444f23ce86be9103163754fcab09153acbdffe217407a95d872b14d8
reports/v7/dev/.rows/dev-33_r1.json	1448	6065808fbac3dee3a3b97e7a916c82c7af5b078b5c1ea8c7fed373073ebdf7a6
reports/v7/dev/.rows/dev-33_r2.json	1448	4cc51292145dd440e2909047e34953246055fd7e5e302dd5985a8645d39b7161
reports/v7/dev/.rows/dev-34_r0.json	1358	7b22dffcb7c511018f01f120c221e368c195345f2e61829c06c0531e1d5013f5
reports/v7/dev/.rows/dev-34_r1.json	1358	2f45a2d0323675a522919f11d18bbf405927df3d7b3e0589b24863fcafcd479b
reports/v7/dev/.rows/dev-34_r2.json	1356	79813d5c4dca6a403826cfd71f3ed1c08b4a22ff99b69e8bb100a99f9bfa947f
reports/v7/dev/.rows/dev-35_r0.json	1342	24e48b8eb9e1d9737f74649567d2670b1f8fa1ba0b63177b59dc7c76329f723b
reports/v7/dev/.rows/dev-35_r1.json	1342	169076be1f4cbfeb31fb2b59f5974da976a1bacfc36a8d977871c9d31c720354
reports/v7/dev/.rows/dev-35_r2.json	1342	80cbbf43a37486e9fa1b8b8a629021a825f772b400b0b090f9b7cae8c73cbe4f
reports/v7/dev/evaluation_identity.json	96	59f5531824cf5f9ead22cf468091e290506c1caf359d0dff08429611434b93c4
reports/v7/dev/harness.json	74340	03c04729fa1a2a8c037f418f50a2e9ecfbdbdf1a346e09777e3afb50802038ee
reports/v7/dev/harness.md	5007	db1b2ba2ba24669479aa7516871a6cdb59348a52e1995af56804a55963719502
reports/v7/dev/trace_dev-01_r0.json	959	7c15318fe8b3255597193533f7098638e9165507f8de44cf79a7d49d6c6790d9
reports/v7/dev/trace_dev-01_r1.json	960	4162c35ab09894a32d2da5f98e329fb2330e96275ab99e1370fc40e4af7ad67c
reports/v7/dev/trace_dev-01_r2.json	961	99fa0e71c8ff42aa0744f108a714651d78c9057d77c271d188a03e49f454d67e
reports/v7/dev/trace_dev-02_r0.json	4472	4b14118de79f685cf67ae12c2e79c9e37f781d72354a21b84454aa868ccf115d
reports/v7/dev/trace_dev-02_r1.json	4472	3f2409552c74b4c89a158b0d483dc759623b58fba632e76fe3b1cdc791cc48d1
reports/v7/dev/trace_dev-02_r2.json	4471	ac95d0059ab18df4e04c7c692ec60eb6e0a2db1c145bbca82ef8c21d6781602d
reports/v7/dev/trace_dev-03_r0.json	946	f0060f1183c70067576c11bd98840258178d8ea65541692134ab3d110accc713
reports/v7/dev/trace_dev-03_r1.json	946	ce92242cc7856ea4537fcea237ddc4a2376e5c2cd81061b0430ed61fcd6a2c3b
reports/v7/dev/trace_dev-03_r2.json	947	dff8cdf66e5a72e29641ee1def79392e5b953a1ad67a1b472b01052bacafcdf4
reports/v7/dev/trace_dev-04_r0.json	971	16df6348a07d50b3901ed1f6587a23ce7adaf8760fd72b2082f95817dd2e9ca8
reports/v7/dev/trace_dev-04_r1.json	971	d5c99dce60e450d3e2b4c23e29d417b295805c8b68c26a851dffca38c36584ab
reports/v7/dev/trace_dev-04_r2.json	971	531af9c568b5c2599ffb88a87fe7fdf4a7e1bc5ca0cb5dd86eed96b7aa4c530c
reports/v7/dev/trace_dev-05_r0.json	949	b882d1c87f373fa1ae6fbd337083e34a7f5fb88f217aeee6293559c6f2493394
reports/v7/dev/trace_dev-05_r1.json	951	9aab5fae161d348108ed8e62218463b1bd317eebe797ac32c734897b9a8b2d95
reports/v7/dev/trace_dev-05_r2.json	950	1b1f2df815d337b6259faba51817c24ca4bc557dffe0f6b609db992c9c1cd774
reports/v7/dev/trace_dev-06_r0.json	5766	2e90ca07ffda6a46be4b2a82e88cf1ca7c1eb703c9fb5020bdac80ce8deed099
reports/v7/dev/trace_dev-06_r1.json	5766	a07f1c61af75349522ffd5a70887782bc71ff5166d7c387a69ff948f4f78ac4f
reports/v7/dev/trace_dev-06_r2.json	6051	49cd2bcbd7caf67137f304fb99f00c15fa2393fcbb0bec42984d8ad5d0a8e765
reports/v7/dev/trace_dev-07_r0.json	6333	b7168abde14228655d886553525d354c463b70d8258612a6f9a1a414c3d712a4
reports/v7/dev/trace_dev-07_r1.json	6298	87c5a9df2f512dc3e390664929a6f88d0c6ca30fa7fab4d2128af9708fd4f82f
reports/v7/dev/trace_dev-07_r2.json	6351	75bb1c8bc1004f8a64167cfb13ee4b6c3cab653a0dece2e1f9cfdb5be5c35a29
reports/v7/dev/trace_dev-08_r0.json	6573	6eb37f69bfbc9cffcae9f92fb960bde36d677bf57b08e535c9c7299acdf21621
reports/v7/dev/trace_dev-08_r1.json	6507	79170199099f10719c4ef7cac95abf71239ed72a18c37c7863685e6a5bb8c38c
reports/v7/dev/trace_dev-08_r2.json	2237	434e7e2fa2df58023870fd364db01c7b2357a24466dfda9b73e8edd6def36798
reports/v7/dev/trace_dev-09_r0.json	1085	f90ceeb0c6cebb7b7e9c254029cc91f9f11ca1eae7aebbe96e0a0a6ce2707a42
reports/v7/dev/trace_dev-09_r1.json	1085	655167cc56b24059db1a77d43d453a09a45e87899ced0739f9db22a99cb60ef6
reports/v7/dev/trace_dev-09_r2.json	1085	6db44dea01b4d2e49cf549fdd6ccc3d65087f0f67c6c547f923098c29d1240d1
reports/v7/dev/trace_dev-10_r0.json	1136	d0cc482eefe35c52fc52b1e4ce610e0103890bd37cbb2d99a18495b640166759
reports/v7/dev/trace_dev-10_r1.json	1138	36c809d48341757f85eaed6c21e196527fd1002816dd365c0d15968cb4f32429
reports/v7/dev/trace_dev-10_r2.json	1136	391a3fcbe5fd93493fd70ca262d488127b91711e43bd4971e73e7aacab145437
reports/v7/dev/trace_dev-11_r0.json	5829	0d7a8297a5e929a472cd94c97557a621dc29f7ed9c30491c0c23fe6a3d55ffb6
reports/v7/dev/trace_dev-11_r1.json	5842	9e81bd3bb0bb5b2b6de4ae312b68f6ac69c7f0085bc0018197a17c3bf1a5c854
reports/v7/dev/trace_dev-11_r2.json	5865	99f98b6251e0f08896b664dea007d30b75fec89a8db7a47840f24fffc34c8913
reports/v7/dev/trace_dev-12_r0.json	4474	71a168a9c4ece70f7c3e6287c755c639cbe45fb1682c5d91b4d0f83c7f403800
reports/v7/dev/trace_dev-12_r1.json	6229	0b92c669b68346974efc33cad775a3091f0425af99b70ec3a11b2b7f28e65cb4
reports/v7/dev/trace_dev-12_r2.json	5054	ce6674dd8df625502c6c7b8430bf2f00d362fafd5a7bf64dd57263a64531906f
reports/v7/dev/trace_dev-13_r0.json	959	ee6ce73b9316550fc6ee1598dbf2e625d2937ef506f468466d5ca0434e171945
reports/v7/dev/trace_dev-13_r1.json	960	38e95384d86329ae188e0c58dcb5b12cbca1cbcaee651d126266b8119ef331ca
reports/v7/dev/trace_dev-13_r2.json	961	de7f10cac4c52616047a7c586f09e3c56b9190099ed5e425fe42f237babac168
reports/v7/dev/trace_dev-14_r0.json	4829	f8eb8d655311fc18c4ff7094e11fefc6db002d1ca844b84c7987392fc347308e
reports/v7/dev/trace_dev-14_r1.json	5055	4cebc09366e8d4fd7b26d85098b5f8dc3f06aefd40e7ba099d6a15b313f6a869
reports/v7/dev/trace_dev-14_r2.json	5605	1e7cc2465cea4b8c039662aa9a5cb1ae915071b67e29cd597bc5d26dd3334988
reports/v7/dev/trace_dev-15_r0.json	971	c6c492ac844edfc7104811bdcfba04673826350e00f441647c57791e0972ba8a
reports/v7/dev/trace_dev-15_r1.json	970	81210d19a906378f93c6f0c064014c094c3777c44034c8dd10756c01a7fbee79
reports/v7/dev/trace_dev-15_r2.json	972	ef5caba819e9ad58e97c318c6f58deaca22974111876d5f298d4f58526697ad8
reports/v7/dev/trace_dev-16_r0.json	933	898d5849d4ec1d8f56dbb00f3fa1d3550deb79e355288a2cfc99dd599df4d157
reports/v7/dev/trace_dev-16_r1.json	933	cad1229c251535263d1728b9dab90a67e4d523fad6266939a3c179146d0d06fb
reports/v7/dev/trace_dev-16_r2.json	932	f808fd7f8f687d1d9d5d45af3809bbfce094feb23ee2235b3608016d41c9c523
reports/v7/dev/trace_dev-17_r0.json	934	761e85eb4989ad98bb9e9299ee72c8a207393c60dec0ae76b0519f791f1bb2e5
reports/v7/dev/trace_dev-17_r1.json	934	aeb3c1847d9d952deeb83537aa804c2cd8579a0fa34a2a3304773368988119c8
reports/v7/dev/trace_dev-17_r2.json	935	a3f45f3a6f27338ab25588365e9e66b2404359d7e04ebe36ab545185ae62efd1
reports/v7/dev/trace_dev-18_r0.json	941	1384014b942ce5ba2913d4d50d4831cfdf595b0361cf7c13e82d803c79eebceb
reports/v7/dev/trace_dev-18_r1.json	941	5a3551270c143b339cf29274e57dce765448b67e156385e1fe4526bfad7bb8de
reports/v7/dev/trace_dev-18_r2.json	940	bb6afc67cd399ec633e9ae056c5c50251d24281937f22ba3605bb24df2df286a
reports/v7/dev/trace_dev-19_r0.json	937	43b552b90c67a4e4510dd9627231b1cbc75bca265d8e5c3c686e23c024a745a4
reports/v7/dev/trace_dev-19_r1.json	937	995775dd186e75638436327c9d535a36ef64f7c415be5b5b53a7e19dbcd3efb3
reports/v7/dev/trace_dev-19_r2.json	937	110d1c8f53a39ab6eec46790c1e42d02f2787ba2e6df2ba039ccde40e9c520ef
reports/v7/dev/trace_dev-20_r0.json	947	c2dd0a5cd65ca87be7ee59308b4db831d3c18b068e19b4ac7d3dfaf1f7bd8d8d
reports/v7/dev/trace_dev-20_r1.json	947	4ca3bd04a4307a9467b71adc6c41ee65be22d22ec75f6fdb5caf1f7193881c07
reports/v7/dev/trace_dev-20_r2.json	946	f3868cfc9e4435588143c873c3d957b8252027085ab38870c227039be3f55805
reports/v7/dev/trace_dev-21_r0.json	914	8e9f59d8503fb345fd8067b5ff14e3563234e0f037aa40b0dc9a107f636b4ca1
reports/v7/dev/trace_dev-21_r1.json	914	02b3454ca540320a26260646534c8f38f14ce3b39e8b412414955b3b5b850f30
reports/v7/dev/trace_dev-21_r2.json	914	c1601c5ba853cf1ab13ea709631c1e624841524d3860f660d45569f1e0f64b19
reports/v7/dev/trace_dev-22_r0.json	979	e2d39b20875ac8bf1a831593afbc62cc8a315ed32981f4f439540f831e742bd3
reports/v7/dev/trace_dev-22_r1.json	979	4365966b01782add65ea939270dca4fd0f06cb4c005b97b1be432eda4123058f
reports/v7/dev/trace_dev-22_r2.json	979	be3828da63e0f23863a7851237c33fa270d594e98700e254342eb33d0886eb87
reports/v7/dev/trace_dev-23_r0.json	935	258ded66f0b1ab8a6f707bfefe3bb88ac2c24955ff8bfcdbbe97036f5c6affcb
reports/v7/dev/trace_dev-23_r1.json	936	5bba1fed650d894a0d780527550d6322809a755511e98832318024380dca3576
reports/v7/dev/trace_dev-23_r2.json	936	c2ce4d64eec6f6908b5a798c06051077e31223395c7121aa146672f1ff837aff
reports/v7/dev/trace_dev-24_r0.json	919	64de9a34b29ffb306796e156f300544068828acd72de25aeff6fd41135beecc0
reports/v7/dev/trace_dev-24_r1.json	918	69774a1498d6e11dcf19b6be0919bd41e895380f32292d595bb461f18c159ba7
reports/v7/dev/trace_dev-24_r2.json	919	7fa3fe4c2795b5216bda5af5cd6acb2b878f21d234b416bbc413100f14bfc946
reports/v7/dev/trace_dev-25_r0.json	1034	a1fa22e1ad6e908367c3a1d64dc7f9ebb80c4b3278808cdcb789730b4c3254cd
reports/v7/dev/trace_dev-25_r1.json	1028	97d017de43d4e46387963f417424e21266a711182f4f23e16f9ed6da2fda617e
reports/v7/dev/trace_dev-25_r2.json	1028	fc0290f4d8a4b0ff5678ccbc7b7b396560cca992ac1fec8a653d3723539dd974
reports/v7/dev/trace_dev-26_r0.json	940	4dc4895c55cf0c74ebec2045c0be9d509ac9e645695703839f1b7f5ad87a74be
reports/v7/dev/trace_dev-26_r1.json	940	fedc11e5cd4a6a2b4bc0c6aae9a8abe7458952c6d9028f921c1d2b984eea6ae3
reports/v7/dev/trace_dev-26_r2.json	939	c9bd2e9f6835ebbccca37bd0c155a1b562a6c5d545516fe7c7e336dc75d1724b
reports/v7/dev/trace_dev-27_r0.json	949	cdcfd5e5865e2dc74c37893db3cd6dd658d7f0c698815a8617d53ea9504a54ec
reports/v7/dev/trace_dev-27_r1.json	950	5efe6a3144920c9b42fb270258248f0bea6118a35ca093d87f02a10001439afc
reports/v7/dev/trace_dev-27_r2.json	949	2ec1113ca4810251a25c2b92f27d0316085051a341353c9b65dd5330f0176c6f
reports/v7/dev/trace_dev-28_r0.json	978	09634d3e9fe29eaad29fcdc066c64e237aed417c1a6dd99c610f5e5345c4bd0f
reports/v7/dev/trace_dev-28_r1.json	979	4c7d30b21f5595dd97cf0e5062900bfabd9de65ff2690bc864a762ee0d8b2d35
reports/v7/dev/trace_dev-28_r2.json	979	740041f3ed37ba2bfb7b928d6eaad3cd1c17175a0bc7d9c7958982e26594b5ae
reports/v7/dev/trace_dev-29_r0.json	968	263c475bb9c6bb3410456c391a8c243dc222aa1187d1f5759acc949b8f45078f
reports/v7/dev/trace_dev-29_r1.json	968	3f1402836e7b0c4890a3f08cbc771f6f1b0354087bc3f25d5b52d252725e0872
reports/v7/dev/trace_dev-29_r2.json	967	732c2b3f80527f5d1344e9f6a707e0bd9c587589e3213e0de96619a00b84494f
reports/v7/dev/trace_dev-30_r0.json	969	f30f040040b8bff2566a2b9dde824ad4b4c1557d79e1b1f5e8195b972fe0e86d
reports/v7/dev/trace_dev-30_r1.json	969	3eed2aee304d8458d26c4b33711015cc00ec668e6c3d81bcfc6e914041cd0122
reports/v7/dev/trace_dev-30_r2.json	969	f5ec2944c2410df9e77878a900807309de8e5b4f5b18559e105aa3a0c533dee3
reports/v7/dev/trace_dev-31_r0.json	938	16ac82699f539e1a5279694926e224d7ddcd9d55d5206494ec3b47e38a00f235
reports/v7/dev/trace_dev-31_r1.json	938	a11af4680cff0f74321fc7f89099a70da04b183b082e6048de6a3d5cd9bbde75
reports/v7/dev/trace_dev-31_r2.json	939	58983073a4d76fc51f4b9b5f806d7a13cd10be75b064044f96bbe826e3097fa7
reports/v7/dev/trace_dev-32_r0.json	3277	968720dc66f5d6a94f38d0985e876041176dce67493d93e1068c723f537a1607
reports/v7/dev/trace_dev-32_r1.json	3007	4cca1c0cca327494a272525d3f112e06679ee3daa45fcee102485406cede87c7
reports/v7/dev/trace_dev-32_r2.json	3235	84e6f31604505e888067b076a17e266a22ec64d5a44453a58fbb910c4ce65229
reports/v7/dev/trace_dev-33_r0.json	1006	80f226d5bf851c804eb089e5cbcc72bb640bb48704ffabcfc2c270b13f46e039
reports/v7/dev/trace_dev-33_r1.json	1007	3051b6865248ad2355f8357f5afac863cb5ed1b74ecf7bf6326cdc4491d95e26
reports/v7/dev/trace_dev-33_r2.json	1007	6b6ad33f5f3fd301724426bf00eb81d621d4027d5ed81e1a33d635e4eaa38d47
reports/v7/dev/trace_dev-34_r0.json	943	6ca7b9762f9928d1a35a8adaedbce098a34233433457f3698bc0037e3a5d2eb5
reports/v7/dev/trace_dev-34_r1.json	943	67184478b48c3eb3f82bcc4ca1389a346cbda0066f9151d5409397e30423431c
reports/v7/dev/trace_dev-34_r2.json	942	b96cd74b5cf7b8289073b9b4c70f402046be35377dfd1794915e7b5e57354ef7
reports/v7/dev/trace_dev-35_r0.json	936	bb01e2488649da1c08b352924cbbcb2d3768da4f971f188384d8d83c4f672ae7
reports/v7/dev/trace_dev-35_r1.json	936	71b3bac048db86ec5598154647e159ae3b8603db6d9610c898e477f3a4119c9a
reports/v7/dev/trace_dev-35_r2.json	936	6e2daf42ad0583c8930304e1a7e6f03fea52da87b50269912bafa8e038439ed2
reports/v7/evidently_ground_truth.html	3655674	5862be816c0af93a3fd0ce63a22da01bada1cadc0bf29e5d78d6b80d6f1c4250
reports/v7/evidently_ground_truth.json	1324	5936946a8f372e5ebb84bf24923613d0a8a667568d36b79ab2b439e0693649d7
reports/v7/evidently_judge.html	3656757	fb9b03ac7963b170b8a26e925a6334f559e5e07bc91eb919e5205f59a0ffde5d
reports/v7/evidently_judge.json	2626	0f054d8532d986b3748773e5c2e9130fe4c07d1981214f6f0ff0437fd56978c1
reports/v7/gate.json	370	607325c4658d3a2590efa482f432e21cbc0b30bb07b508732755b9ba9c408598
reports/v7/golden/.rows/gold-01_r0.json	5461	a24c566f3b3f19adea19383cf927694197320c5a0a80553ffef7dcbb964616c1
reports/v7/golden/.rows/gold-01_r1.json	5461	e6ff5cc1422ffb13d5c356696903d5d0578c01554117e736a84bc467ca983a3e
reports/v7/golden/.rows/gold-01_r2.json	5459	f4ef5197b51eb90da6c20b78fa0de898e87661b22119d7f5505f305fbc94ec16
reports/v7/golden/.rows/gold-02_r0.json	4411	4113183dd852f859c2bf53434da19c347bbc97a8e936452df33dc87caf588e2d
reports/v7/golden/.rows/gold-02_r1.json	4415	a43caff9e5847e30e49e0d2bea94826ca2410ebe968bd3bf054255bcb5c6b845
reports/v7/golden/.rows/gold-02_r2.json	4415	14b9b453352f33c406996e38f83e83b0a5da9691db94514914cd9cee65f48785
reports/v7/golden/.rows/gold-03_r0.json	6482	50240a92f6168d2d8c2bd9e1e48942a490b370c78ebb1bdb6d108dd9c8e76b9a
reports/v7/golden/.rows/gold-03_r1.json	6484	69275fcb4f6baddf5236cb2e96fd666ca01919bb51f7660b55f91ec6b6965f05
reports/v7/golden/.rows/gold-03_r2.json	6511	96499e9f41a511394bfdf09404f8af70299cbd7e38bcb6ea146f6123d669af02
reports/v7/golden/.rows/gold-04_r0.json	6372	22d833531eb46194579de1f8e77de553ced83c8602cca58b34daf3d80aa2b57f
reports/v7/golden/.rows/gold-04_r1.json	6327	fba8c0061e8a9213b3cbc643679292f8449fe424e719ba19cb8b92f262dd8435
reports/v7/golden/.rows/gold-04_r2.json	6327	cadd00e4c5f8166ce49af6fe9a7cc3e31bb55938ae8bc858480f0313ac4866c1
reports/v7/golden/.rows/gold-05_r0.json	6086	436fb46018fc22366909696087c24a039a16d7596b820fc38c558a3ed8040270
reports/v7/golden/.rows/gold-05_r1.json	6254	e2d9156cc9e0d8a9c72dc996fcf9dbd68e758c3ce48288bd634b11b06bd3d1f3
reports/v7/golden/.rows/gold-05_r2.json	6146	e172a92c9d9c9ee639ffb70ecfa649172a06f7c16c29f0156de5208f33345760
reports/v7/golden/.rows/gold-06_r0.json	6534	73d9eda146e37a21b5da41ae6d4d97ccba9e804fa6f6465a228eece2dc1c5230
reports/v7/golden/.rows/gold-06_r1.json	6372	d43ceafb97a9c3428fe75a9e4751d9ad1ac32d6f88d483d1850f8c67bf94b1e5
reports/v7/golden/.rows/gold-06_r2.json	6802	a44265fecd49a67efcdcc41c1a4d55f6f1ef65fe18ebdc727465cc81ef41bbf9
reports/v7/golden/.rows/gold-07_r0.json	5077	a7164d61c243bf282c0b6b1c5ec293d837ece2b356dfdf9f1a577b51c8b8c730
reports/v7/golden/.rows/gold-07_r1.json	5077	66b498abe89dadf8443ec00f36c8ef968a7fc9863951097a28116f056610ee31
reports/v7/golden/.rows/gold-07_r2.json	5077	24231b1426c11c7589a4d9e6bada40a853ce39173f159d040d5a7b14916d86bf
reports/v7/golden/.rows/gold-08_r0.json	4560	ab749f4e4fc8e31c7eb0076f7411acb6b7873b5d0d0a1d9646e8bac90d1bbe7f
reports/v7/golden/.rows/gold-08_r1.json	6199	ea4e1da847ef563c309aa646cccece63409a95750fa09e6e18bbb6bad53bfc75
reports/v7/golden/.rows/gold-08_r2.json	5355	55138aa82bc0389c087cf40063ee15eb1b5e948a174a1d8ecce835bd9b58e8c7
reports/v7/golden/.rows/gold-09_r0.json	1508	3a925158ec94b09cc1859b16a807033aa70a1720132d9be84b63395221a50911
reports/v7/golden/.rows/gold-09_r1.json	1508	348af3cc33fb4c5de2041a0feb4f1282d677872a0be8803b23ec6141b3ff4b06
reports/v7/golden/.rows/gold-09_r2.json	1506	2574c9a2506d33d626a92ca5a17bdeefe59bf0f9f6656d7d0a6a3744de63b03b
reports/v7/golden/.rows/gold-10_r0.json	1383	8928da7be8de2843ba6c407da225a712aeeb671254a074ffe9d46dcf467873fc
reports/v7/golden/.rows/gold-10_r1.json	1383	8c405d7a755805caa026e3a55215d87bc48302299d4ae2e6597c1e3c85ebb9ee
reports/v7/golden/.rows/gold-10_r2.json	1385	091191545c13c61c7f68f2a4aa73ac0e7a48cbea22aeee89a157e4795075159f
reports/v7/golden/.rows/gold-11_r0.json	1400	bc6ff5149a76bc09b147f3312606eb5d6eb15d36bc0f296d1334a66750e2356b
reports/v7/golden/.rows/gold-11_r1.json	1402	e6923918bef3033110116785d207d607884238166fc56206bdadf6bdf27aafb6
reports/v7/golden/.rows/gold-11_r2.json	1404	c38896019748f69abf6888f61b423133703fafeabd7287691743b31a08049803
reports/v7/golden/.rows/gold-12_r0.json	1485	f92dadc36625cf8e8724c78d55e3b53ea0dcc7b9bb9c33ecf8c3379ba1413cfc
reports/v7/golden/.rows/gold-12_r1.json	1485	8946c2f70559bbc4aab91f5b21df51cc4d4dd8f70eec4f23f80610f880d9acd3
reports/v7/golden/.rows/gold-12_r2.json	1485	bf4c4738911738242d5f8f33d27748525ee6c2cb82ab2a31f2c1270f518b32fc
reports/v7/golden/.rows/gold-13_r0.json	1325	c3daefd20382e5b4fd52bc861a6718f6aacce9b0a31a0dda02b8e9c619dd346b
reports/v7/golden/.rows/gold-13_r1.json	1389	178938b01bec6997950168725661127fbbeaab13bfa8cbc2164e190249b2c1ad
reports/v7/golden/.rows/gold-13_r2.json	1389	7d5a8eb5859ea1cc4884f968929167fb710082ad807ce762cd035e58ccad4be5
reports/v7/golden/.rows/gold-14_r0.json	1388	8dcd7cb900022b790e9685415fecf7c3aa5b71aa1330028ec94b199c275ffa97
reports/v7/golden/.rows/gold-14_r1.json	1392	a59a44a730df558d03fd084c413b2a90b67d1d958cafebd6bd5771363550df1a
reports/v7/golden/.rows/gold-14_r2.json	1392	60e4b13d87e3d3881d40c171b70de7942f105c0f89b432bbbaab8d995ffa3d6f
reports/v7/golden/.rows/gold-15_r0.json	1483	0b8855307511d11343bf058a5564eb3f955ba53d84a2edc8e715f17c551e9054
reports/v7/golden/.rows/gold-15_r1.json	1483	16f1e45a083a49ca6ecd2f66bbbc52abfca92336e8afddf06b0fc0599b58aef6
reports/v7/golden/.rows/gold-15_r2.json	1483	0c7ec6c117964b0948f3d13893d432323c83645d2d9ec09787bb2c3bc3e81375
reports/v7/golden/.rows/gold-16_r0.json	3081	aba6c75c3edab8c150ef330c1987a22aea7de4a0ec723326ca5815a52df4a770
reports/v7/golden/.rows/gold-16_r1.json	3081	2d131a0589bdaba281a796c2686f266630bd7c695fbb079b8f66f6f890deff22
reports/v7/golden/.rows/gold-16_r2.json	3081	9f446e220a096b7d362cc3ee615af00cc3258038693509d22a8e8802b21adde7
reports/v7/golden/.rows/gold-17_r0.json	3101	6240e8ba077bdecd6f1a4aebd13b023f391642bdad9ade8155ca732a4247f932
reports/v7/golden/.rows/gold-17_r1.json	3103	61d822b48d6e3b98891ad643ba655996d27f94ef222c1aa04ca0a7c4fe54c21b
reports/v7/golden/.rows/gold-17_r2.json	3103	a49f5bf4e7feea22d40274b9e8a764cfd9ec9eb968e49317ec88d8e7625d7482
reports/v7/golden/.rows/gold-18_r0.json	3191	413714916cc7a929af14c6bf36269c43b6c0f3ec1430080127a73aac673216c9
reports/v7/golden/.rows/gold-18_r1.json	3183	1626773c1e65e5ac818ea07842266b3dfeeb1194c66b18fbd32ba80852c3a693
reports/v7/golden/.rows/gold-18_r2.json	3129	2119e46e24934b1fd37dd0723de4cb70bf01c323363264c41bc8d2ddb5e71ab8
reports/v7/golden/evaluation_identity.json	96	b68b2556aa0ebb09dbd86d15265b2bed3e77c4a02170e16378453eb83aa4358b
reports/v7/golden/harness.json	40845	73233590c1a9a192f23dc81280ec1bf621ed34f50bd6bc8f6fd24a81662395cf
reports/v7/golden/harness.md	2822	c1f90efadc537bd14683ea51592c0229e3ed066cab492df2211984eeb17412f7
reports/v7/golden/trace_gold-01_r0.json	5661	0920e11a6db123c9520d2cd5e88a15cfdde572f67711ea83e9cd0ee7ae0ae133
reports/v7/golden/trace_gold-01_r1.json	5659	e5580620255036f5d8f431bce21a75037df3659dba7da49130a89f5ac0d6c9b9
reports/v7/golden/trace_gold-01_r2.json	5658	5eb3b90e9a2084c049c81e2e29702bf3af6560cec3dad093f0cca24e1917f3b9
reports/v7/golden/trace_gold-02_r0.json	4428	39a9721c468c6586b23fe6eafdc57c88dc2d004e833b51a96fa3aff9b6565556
reports/v7/golden/trace_gold-02_r1.json	4432	09a3d5e2fa46823f5fb07b5858f4276393d3e62c686bcafec763f803aa7b5ca5
reports/v7/golden/trace_gold-02_r2.json	4432	f302fbfe861b9ed6ea1e04609fb0835b2c0b43458964d46408279742ef430c99
reports/v7/golden/trace_gold-03_r0.json	7025	213db7ee9332bb4791f8400215591d992361b7edbf52d92e817b47401ac9ae3c
reports/v7/golden/trace_gold-03_r1.json	7026	97dd5b593b47bb1a677cb596880cbb2bf16b570371daebbe2f39b5c3a116435a
reports/v7/golden/trace_gold-03_r2.json	7004	bc6bb062c9beb9c9089ce27e012e15ceaa49bb4d4f782bf913a57d6e306a7079
reports/v7/golden/trace_gold-04_r0.json	6323	0bf80c61fc8ef605edab37ba516d6818877f4f12e4f0fb0b0a37d770f20cff16
reports/v7/golden/trace_gold-04_r1.json	6293	a0fcfa7d31fd8df6ac6e7e1a95f43a96eeafc23e31a23caf580622c19d866155
reports/v7/golden/trace_gold-04_r2.json	6293	4dd4843e112df7aa9e7947caccf57f31a4145360cd5ab38fe4d10cc4f84f8f39
reports/v7/golden/trace_gold-05_r0.json	6356	76a5a94c38c15fc1ad1004234277f54a54d26dcf6ba8e461d9681e842130b941
reports/v7/golden/trace_gold-05_r1.json	6397	d5ccb3653d0b410226d3b4ee73d5bfec55b28679ce091a791cffc62ebd96cd5d
reports/v7/golden/trace_gold-05_r2.json	6324	000f6b94a3542927252d709a4f72e4fe5ce67f85771525dc387cf8509f7e6bb6
reports/v7/golden/trace_gold-06_r0.json	6774	c9ca25ed91aba90fc181ecab4ad4becb16896039ba81e254e2397be6da01ec22
reports/v7/golden/trace_gold-06_r1.json	6389	1f850716f808d293c215ada2cc4b85191ac300f391e695e6529df512397ef0d9
reports/v7/golden/trace_gold-06_r2.json	7030	065500181fc81a25a52edef2b1f5d66dab0954c0da34570331ca6db6119f41e1
reports/v7/golden/trace_gold-07_r0.json	4989	9af54c32defd6a693ea5c090c72523bea20620aa6e097a78e12c24b754f813f4
reports/v7/golden/trace_gold-07_r1.json	4989	bd88be92fd46bb89b660678b4a7e2f088fe7703cc80801b48fc29612b5d31df8
reports/v7/golden/trace_gold-07_r2.json	4989	cd4242306e6f93eafc460ea6af8ef2b8b7fc6345b044a3462c7102a02f8511a3
reports/v7/golden/trace_gold-08_r0.json	4481	7d7d3c25a1216b1b2a51815acda6285b2e9f716107f3d212ecf4e883f87f05d4
reports/v7/golden/trace_gold-08_r1.json	6243	bbffda857b94d18742fbd787ae547b1cb175d6f2c070c0b0303c2f6cfb71a1a2
reports/v7/golden/trace_gold-08_r2.json	5241	38465ba65fb3f3267af72610f27bc86cec62bc1fd082fcc447bda97780552de9
reports/v7/golden/trace_gold-09_r0.json	1001	ab5e9921b02e7d1140a9567830229dbcf964e083526bb0f9bbde07935e48dfdd
reports/v7/golden/trace_gold-09_r1.json	1001	ae4e4a7017d818949f36ed0c7bc5a979a7ab6ba46e9e97731f3f3825cbda4fff
reports/v7/golden/trace_gold-09_r2.json	1000	b9a59f7c9bece187356f0c0426cf35f659e5d9d1ce3285cf88d8da0f25fa5c36
reports/v7/golden/trace_gold-10_r0.json	962	2b16f8562f774e08aa016847efa8c3ffdef14944db9279b0109db3fc75791cfe
reports/v7/golden/trace_gold-10_r1.json	962	fa12c5f1bc2eaa85ef25dfa36fe2f2a52e6ab4638e6a44092dadc9377d88a15e
reports/v7/golden/trace_gold-10_r2.json	963	e2c0f603fe1f3cf716d38adcff8f6e5ebe4dd8bb848345154a6573db5d0df522
reports/v7/golden/trace_gold-11_r0.json	969	3536192e57eee7d9c15ad74d0c4b10e095bd24453efe2d8be2cf668f90eec73a
reports/v7/golden/trace_gold-11_r1.json	970	6c10cbbdb65bac5b6593824db9300a12ce7d0d8b2bca93b80e4684cc3f8f3bc5
reports/v7/golden/trace_gold-11_r2.json	971	86f4466a40c83bf62f783513004ca4d9d5fc4ac4c71e2165c6bff422af8e42e5
reports/v7/golden/trace_gold-12_r0.json	1035	fa9ed30def97065c9736b9f9b4f816885fc3f5529c7765d2aca80b17e53580bc
reports/v7/golden/trace_gold-12_r1.json	1035	8436ff2f2b1b8ee6fe50e218d5163e8ea8124b8db16f6d842649f11e5107317c
reports/v7/golden/trace_gold-12_r2.json	1035	95217b58dd5be70f504d581a761381962fa3b02378ff324638cafa0762bfa48a
reports/v7/golden/trace_gold-13_r0.json	933	e1b81196ee27470320bc0e932c177bfb40d5666a1a30b1e7a5020c6caf620cfd
reports/v7/golden/trace_gold-13_r1.json	976	b11f4ee8379b692d51c5b1bcb491c5f749f37b0478c05cce319347b9eca2e2a6
reports/v7/golden/trace_gold-13_r2.json	976	a50b627ebc55aebfa62f0ceb6f527d11984b9e7ad3c22fd7e3054fb650061e91
reports/v7/golden/trace_gold-14_r0.json	969	7f12a987e14e21b3c96713f5c3d126fe51f4eb0761d08a14d8cd62c27c1b5669
reports/v7/golden/trace_gold-14_r1.json	971	f06a2eeee572c6c7af23bde6250e65d80cd0ac503345460d3827f6f7837493d4
reports/v7/golden/trace_gold-14_r2.json	971	fbf7dc63fcce3d14d7a96f1a9a2e81eaf70683323ed35ec96fea4bee6cf081fc
reports/v7/golden/trace_gold-15_r0.json	1008	da0b0a70a53185cb3e8734bc36883092d89871d7a7324a4fd2be26412ca23494
reports/v7/golden/trace_gold-15_r1.json	1008	2cc836458026b0eca8cc6b289e19ac4085abd07c3ba1af97a363338125b44581
reports/v7/golden/trace_gold-15_r2.json	1008	5a5f05ec5d86d48abe2b5c7dfb4d26b372b0ebb729c294866c113d7da9caba63
reports/v7/golden/trace_gold-16_r0.json	3232	6668d0f6f6ff6b114eff7d0ce0a726021ec88e3c50c2c7483a819bb643769074
reports/v7/golden/trace_gold-16_r1.json	3232	15f95a95598761f9752b3ff89353de9268836fd9f807204704a16cb6461d5c6d
reports/v7/golden/trace_gold-16_r2.json	3232	9e2fd6217932e8208b939b286dcd5c5056434c2340f9c9d4f13d8e59608e08e4
reports/v7/golden/trace_gold-17_r0.json	3238	3baf9dd7012d76990bf495cd5bd7b9cb657288b01fd60ca446639362e87d52a5
reports/v7/golden/trace_gold-17_r1.json	3239	740f2cfd695ef0597001d2232c95f7580ea498f0c183f55117529a9b65c69718
reports/v7/golden/trace_gold-17_r2.json	3239	7ec6267899855f08417f16333093fc09dd9beb29b33605904ab64fa754dc8809
reports/v7/golden/trace_gold-18_r0.json	3300	1d645a6d64b10890cbeb29fa5cda78cd58468f3c099717816c98757667c1db2b
reports/v7/golden/trace_gold-18_r1.json	3292	dd077de7c7862c720ede9cff9bf75b07611a945d02a13395ecc49b0e12da6ef6
reports/v7/golden/trace_gold-18_r2.json	3239	fccadf785971383cbaf47f92bffbb2d1050ba3b7720e88ecddcc3c74f2c6f64b
reports/v7/judge_verdicts.csv	65167	4c1b57d8ece7e9f78e9173535ad2badc189686ef07b29256bf89f30420918348
reports/v7/metrics.json	640	b263182342ea8271c6a0482e8798bcf6cf3d76b58357cac7a92ccc840b6c0d0a
reports/v8/dev/.rows/dev-01_r0.json	1682	7e09102cba34d8288c808976150f6ca350fd17c8f0e4ca89cf107496e20f3ca0
reports/v8/dev/.rows/dev-01_r1.json	1682	896918ab9143ee64ec2cc38831574ebc9ba4c15b136c4c58f130763d50375928
reports/v8/dev/.rows/dev-01_r2.json	1680	585441f67460ac0821e2d6d84ecb4e91edd6b11e77f7c4af7e621c54ab6c1d3a
reports/v8/dev/.rows/dev-02_r0.json	4470	4b46f8e250dcdc7d8c183ba2f92a4dbc402d874d695eccc5ad4048f19732ca17
reports/v8/dev/.rows/dev-02_r1.json	4470	b80bfc8bbc61a686698d54f7e921c904dccc845d7b4c6b948266010de9035482
reports/v8/dev/.rows/dev-02_r2.json	4468	6905ac828e049919e518a4c78e3e423948135f769590d0252c89b532c8bf79e4
reports/v8/dev/.rows/dev-03_r0.json	1368	87fec806544f22f4212cdc87bea0221e3214e187dcce2a9bfcd3852f1493f0d5
reports/v8/dev/.rows/dev-03_r1.json	1368	17e0029426be400827c4a7e11572dced9b76e1f97ade93d1d3caf4041dc492f0
reports/v8/dev/.rows/dev-03_r2.json	1370	f377d8145eae7878226c8504227cebf5fe36637b95b76a501f3095fc2727aa35
reports/v8/dev/.rows/dev-04_r0.json	5080	b375c7dec92edf6c5a6a9536bbe393228a9c9cde676401f9df466179de5c59c2
reports/v8/dev/.rows/dev-04_r1.json	4382	a4c2dca75627c4bf6aed321f11fee149b96a84097f4bb6f189a26229eefd8cb4
reports/v8/dev/.rows/dev-04_r2.json	5500	02b6fa4974946187f166cc654cd67446d2c74a33d2bf9b38f3a8caffecdf7ebd
reports/v8/dev/.rows/dev-05_r0.json	1374	a8b71402696a654aaf568eb7019b53842e7005ccb9636ba6830452bae609bfc4
reports/v8/dev/.rows/dev-05_r1.json	1374	00631fde66f1fa373a86d36a4ecb9c3f8086f4aee0b2926b5558ff33dccff1a6
reports/v8/dev/.rows/dev-05_r2.json	1374	79f2ee660537cee7c4fbf1a188fa99741ef36dd0ea98fc38000e814b0d50dada
reports/v8/dev/.rows/dev-06_r0.json	6408	bb8acce347a1f68322bf472aae46491ce12afe32fbe5495ef1027f3391b0f505
reports/v8/dev/.rows/dev-06_r1.json	5792	4f11f1359cdfb973daea9c4888da0837ed813e2ffc71840b169507ad5fb9ec4e
reports/v8/dev/.rows/dev-06_r2.json	5646	fc928a8a9fd00a6e83b0aa72f682ade1de92f610ad40977b43c8cc08b4abb939
reports/v8/dev/.rows/dev-07_r0.json	6222	870ed388334a9d0ef5d4a8a76929c15d59c5c08f3b455dccdd20e61e0dbfc643
reports/v8/dev/.rows/dev-07_r1.json	6222	bb5e88099d867c974285d681209ef035c1ffa06bbd13143a473ae7f1502afbd8
reports/v8/dev/.rows/dev-07_r2.json	6222	3827a919c3bd1047b998d081646133f3d21648789b82011ec6fe9f32308ac04d
reports/v8/dev/.rows/dev-08_r0.json	1636	9f9fdfe16847cbe65217404c76ed09d838c9ae20aac43daa15a4753640364889
reports/v8/dev/.rows/dev-08_r1.json	1636	4546f17c487e66fb70444daa47552a8eaacd6ffeec621087af8daf7b39bbd229
reports/v8/dev/.rows/dev-08_r2.json	1636	9a07c67ec1b1d1854beb8478653949031559dbeda7cae3e961892eef03ceec4c
reports/v8/dev/.rows/dev-09_r0.json	1420	18c7d149bdc4b79483b15837ec4790a929181c01a6a165d3adb2e57125cad439
reports/v8/dev/.rows/dev-09_r1.json	1420	6eb000f92804fcee1fbcb9fa6ae3664b81d81d5d61cef3f97eeb139a75e78f1e
reports/v8/dev/.rows/dev-09_r2.json	1420	c76637037e8cabba218acc826e6a97516b5f694b497b6c1846dbed970fb8d456
reports/v8/dev/.rows/dev-10_r0.json	1723	2b069cbde5ac7e48a3b7490356a2aa1cf664d1f59662bf2f05752fd66970f8d9
reports/v8/dev/.rows/dev-10_r1.json	1660	a5bd4239e9e97b6c8a739bcbe0296dd47939515e8044645961dd4f5b81f3b110
reports/v8/dev/.rows/dev-10_r2.json	1605	acaa3093ec7f99932457b0067ef7d716c41025e7d1d7e0a447522de6c8132220
reports/v8/dev/.rows/dev-11_r0.json	5552	2e4c204b0d3af0195ec87b4abc973ff038f3791bed6ebdd6f7867e5a3138a054
reports/v8/dev/.rows/dev-11_r1.json	4756	1bac9457eb0ad94219de832854c08552f0d36102981f5d536bb73a4a5742e565
reports/v8/dev/.rows/dev-11_r2.json	5602	c3abd443440b93cbd74a5c4688c6d495de06cdb5cb7034a0823ded0a7199d354
reports/v8/dev/.rows/dev-12_r0.json	4626	bf509f6dacc21d9648729ca41a40067ea7e1d8d022963559b61a59014e41c49a
reports/v8/dev/.rows/dev-12_r1.json	5790	dd78ffa64f849267e3b0806aa413dbf515c186f0bed270d5227d42d379f4ee4a
reports/v8/dev/.rows/dev-12_r2.json	4636	02c69898dda23a351bbb831d813cc48af0418a7b20b77b0a432f94ff6de91e0b
reports/v8/dev/.rows/dev-13_r0.json	2194	bf964b3f3d8aebf2a38ea8ff85c90b95acd362664124e8528d861b42cd4e5f50
reports/v8/dev/.rows/dev-13_r1.json	2194	544f163316ed3709ca76f2c441b74bb347c6971f642578025f06e2c98d474547
reports/v8/dev/.rows/dev-13_r2.json	1475	8c5a421a8f07eba0bc716875aef88f811c3f6436997589c3a4b6551a7cc88942
reports/v8/dev/.rows/dev-14_r0.json	4712	1ace977e8a780d4efc355858565cc447b3613c3f84978cc472a73d7491e0a069
reports/v8/dev/.rows/dev-14_r1.json	4596	138536a08dc197fc2d2fa315105cca6de21953b95152ecc5dd49924162722c30
reports/v8/dev/.rows/dev-14_r2.json	4710	8ba94a8d9f6acd919774237718246f318c71bed61420d047abeaa6a58a493eb2
reports/v8/dev/.rows/dev-15_r0.json	1447	a3ead5678a038b9214d2198c40b275e972c7bb916ef2ce1ff2caf11ac1321c19
reports/v8/dev/.rows/dev-15_r1.json	1449	cc8b4dd8379541116e9a3c76e185c2f8ddae22feabd12bf13dc729bc2f4955b6
reports/v8/dev/.rows/dev-15_r2.json	1447	498430f30acb7a3a7415c707a87b470047de54c4d4cb7a4535c5db1474d87083
reports/v8/dev/.rows/dev-16_r0.json	1322	80bb6ab1d111f367f3132e8d0cbd56bb72421d6a7609df4dbd4c027637fc4b1e
reports/v8/dev/.rows/dev-16_r1.json	1324	0cd8f6bd336354a814ffeca71fbbf1681504f5994d335c27f64c3d62546a942c
reports/v8/dev/.rows/dev-16_r2.json	1322	4d7aaa6788d7417ebacf3842eda9ff40854b64cb9288d2b2d33c091fc7cae70e
reports/v8/dev/.rows/dev-17_r0.json	1327	6e2ce669c3f3685eee11c233122561449584a37a0537c1e5d79d479cb585f030
reports/v8/dev/.rows/dev-17_r1.json	1329	2537c4f8f6e97c8031d2396596d0a61fa55ef2704888ff367e60a3539765b909
reports/v8/dev/.rows/dev-17_r2.json	1327	99ec57d492d710484beb741bac38302b96e7c3cad36ca9fd41332444c9e952fb
reports/v8/dev/.rows/dev-18_r0.json	1332	71d84119558cc6d5749ab5faeca510ae57a3cb27f501a2285971410d53f5602a
reports/v8/dev/.rows/dev-18_r1.json	1330	fb6a411351871f8ee802e677b6c33fa995c0877e70c2808c9fceb1d962f606de
reports/v8/dev/.rows/dev-18_r2.json	1395	5c9d25c4793a2327dc9ca09209a56008635253a970dd9fe9f10f2072f4be8057
reports/v8/dev/.rows/dev-19_r0.json	1325	4ede2a62ff5f8d59a4b5810e0fb5ef52c6368f5949156f8dbf0fd13b42a53bb1
reports/v8/dev/.rows/dev-19_r1.json	1323	a7d0be6e6688bf11d223e99ffce4475ccba54c8d2d195d497491e6f0d7bda15f
reports/v8/dev/.rows/dev-19_r2.json	1321	7d418689a1e700d092c9e2e5bd005facd279420d9e0b14b891960961d0d12a66
reports/v8/dev/.rows/dev-20_r0.json	1356	7aabaccd2a9ad8776b950ed52c6ed3d550b27c0f6fa36df305df7b0688b5fb92
reports/v8/dev/.rows/dev-20_r1.json	1354	9cb5505b43463fe7487c431e4417520053830f0c9fa9c6b9a5df224743055af4
reports/v8/dev/.rows/dev-20_r2.json	1354	8e198f212895c6e6072ec0cf6bc1c5e4d5cb51f6b54810cf910d56170ad17b88
reports/v8/dev/.rows/dev-21_r0.json	3977	049ea033e0558d7c45b33d8f2407a94e1010fe6f9a4931fd5651c932c551e9af
reports/v8/dev/.rows/dev-21_r1.json	3977	bc223e796cb129cefe38fd3d5d6915ee71a6bfd0732a152ea844c33aa693e3a3
reports/v8/dev/.rows/dev-21_r2.json	3977	30be4b207bca917e960b3597180960c5a4f02b71e32e405c0768931ebe7fb627
reports/v8/dev/.rows/dev-22_r0.json	1305	0e75d7cc74d4a2b357138a8e6ca78a88a944fb6e6df21695253ff742d9e1063f
reports/v8/dev/.rows/dev-22_r1.json	1272	71f74f8bdab5735f1fdc25848e9dc2efa25dcfbc0bd8b1463f8c4a83339002d8
reports/v8/dev/.rows/dev-22_r2.json	1303	9d3f46e43241eab5f6be7d21fb1ca338dd5fbd77274d110df01d09dae653c2e1
reports/v8/dev/.rows/dev-23_r0.json	4035	c261ceb3eb8da0ad8008e553943c82c5fe1f3466dd4a8113af13a29b40f142dd
reports/v8/dev/.rows/dev-23_r1.json	4047	608461c5a9df46991aea05112fc9c8cfe60b7904c82cb4edc87433fc0ea3afe8
reports/v8/dev/.rows/dev-23_r2.json	4051	fa650626c27277f16d8c19d7404709b418a7a79eb623e1a8fb94915387f67c54
reports/v8/dev/.rows/dev-24_r0.json	1309	56c4b2f73c67676db7dfea2019e0ab76dc441f48ec19fc303232886db89e7dd3
reports/v8/dev/.rows/dev-24_r1.json	1307	26645d9d057382955a23176189eff47d646921ff1b56e1ad747f5b6d10f98daf
reports/v8/dev/.rows/dev-24_r2.json	1309	54e1c6c7166de1caeb63933532ced888ba5fd59d09e979a4c346b71157285d81
reports/v8/dev/.rows/dev-25_r0.json	1313	4c8cfde1e32834052e2d10a11e4226d464135e996f301659f951af9641889090
reports/v8/dev/.rows/dev-25_r1.json	1313	8f2bf2754aaf32a2b7c43f6e6258627638d8d8b2dfeea0a04754663f519a6f27
reports/v8/dev/.rows/dev-25_r2.json	1313	e8add66e033a2ccc8463dd0eab6b7ae3137a4a67796c5e5ef2749b6080942566
reports/v8/dev/.rows/dev-26_r0.json	1329	05a7c989d139b834df023c0a4a8a010efffdee9cc9bbd3f19abf4a49bde9ae17
reports/v8/dev/.rows/dev-26_r1.json	1327	f8248e8c3f262cb15cf41c1dd23575a45d51807d5d4e9b1bce3ed1792a845a60
reports/v8/dev/.rows/dev-26_r2.json	1331	c00f133ce4ef3ea10132cc5244914ad530a55a6a5734ef612f6048c7f23b6381
reports/v8/dev/.rows/dev-27_r0.json	1384	f3f74ee3d1fd9e2a2390e845b68b320f27ba6a8ff6d76e5d759e93b6c8caa5d8
reports/v8/dev/.rows/dev-27_r1.json	1384	495dd2e1973beac3fabbdd82b9a2215aa83c2270da719dd82f707e00b95c589e
reports/v8/dev/.rows/dev-27_r2.json	1386	7c02e2eb50198b9ea2441c01a41327665a1062abcfc056ec36f45749121432b2
reports/v8/dev/.rows/dev-28_r0.json	1424	f7703bd8180a41f388b697263630e70275c68997f6f1c31a73ce82bf2a1eda84
reports/v8/dev/.rows/dev-28_r1.json	1424	7b0654847adc559de9b254fcc16f51c7f249b4cfd03272e410b474711549505e
reports/v8/dev/.rows/dev-28_r2.json	1424	5babe42cefab6bcc84604c9ec6f7c9bcc276387224f2fd3a42a5cee9302a33f5
reports/v8/dev/.rows/dev-29_r0.json	1416	4f65011e59582d76431a928f83c2458c928d85acadc7f8fddac8512b5afb75b2
reports/v8/dev/.rows/dev-29_r1.json	1416	99d44602b0b8e93bfbf7e3980863e64fe4dcfb4b2ce191f08279468ff6ad657e
reports/v8/dev/.rows/dev-29_r2.json	1416	41ddc624804195855cbfcfe04ef08cba21eae6b96ac9cc247f8253a87528e1f6
reports/v8/dev/.rows/dev-30_r0.json	1370	820e96bc0cd0407a2c9ac6caef0dbd882b48a668793cecd6d93feec8582b0e92
reports/v8/dev/.rows/dev-30_r1.json	1370	43a087933104ba00be5e984a473c20da3f1967d1cac0364b804606d85be23cde
reports/v8/dev/.rows/dev-30_r2.json	1370	a37db4746da1c0fbe66cf96a5a7f66c8ded29e284ec5ce7f88c0e6b85f22fa8b
reports/v8/dev/.rows/dev-31_r0.json	2768	ecccb3d8b62795614023586548c341fdc749b8b26a15e14afe32301b28316ad0
reports/v8/dev/.rows/dev-31_r1.json	2784	e505d099576c3a77b3bbe3617d5ba54de983e1dc77eac039b4231d9cb50a9f89
reports/v8/dev/.rows/dev-31_r2.json	2786	2c0088b28cafb67b9987cbac414d4996b6d1223a524fa617c3e2d2135c9458a7
reports/v8/dev/.rows/dev-32_r0.json	2908	da08d691d888de2415903d109bce5481cf1b344c08e347a77de14db9cd100c66
reports/v8/dev/.rows/dev-32_r1.json	2938	ebf2aa939f3e735673925eca37bfb615b860366d178e1b375f0ce4de3246776c
reports/v8/dev/.rows/dev-32_r2.json	2934	14fb623959919e678ce6ddee6475a845307b5dc8d0f794b3cbb5b4b863177457
reports/v8/dev/.rows/dev-33_r0.json	1415	f7b68de3721353a13087c281cdce6735faabaefd0026a0dd13975473370af241
reports/v8/dev/.rows/dev-33_r1.json	1448	d0d395f26c8a907ea2ced9dd60fc2a3674574500486ab86282f031e56021c14b
reports/v8/dev/.rows/dev-33_r2.json	1448	a40c35c2e17644f6d0004a0426df225926dfb35da8edc3cab153f430b9ae6066
reports/v8/dev/.rows/dev-34_r0.json	1356	931d04097723e155ba27ba70685f6bf60926669339ebcbd18d8be01f8c318e74
reports/v8/dev/.rows/dev-34_r1.json	1356	e9476eb98492d05b911077a171cbdba0582bc0f8ae9107678ca7c73049c6a2bc
reports/v8/dev/.rows/dev-34_r2.json	1358	65b70e093e83a9be198946fb9bc1207a958cf3aad6896ad4eb83ed14dc885cfb
reports/v8/dev/.rows/dev-35_r0.json	1342	8904263722bb71ec3b7899483f0dfd7d0f1b6709ea03b993a285a5fbf7c3d249
reports/v8/dev/.rows/dev-35_r1.json	1344	c91cb1ec5f29e58d65530e49c37c8027538da24351ef590a014b7384f0cc46e5
reports/v8/dev/.rows/dev-35_r2.json	1342	292a2ba8571cc68ee7ccdf48386dfa351f245ed8f503b1b499df63a63dd8c11b
reports/v8/dev/evaluation_identity.json	96	aee5775b09a0572b16278de929d4cf8a84c8aab46cee43335095fa8d16dff496
reports/v8/dev/harness.json	73849	6407946489bc5d23e0367b853505ee922ad1bcc53aa13b25dd9017e065d103e8
reports/v8/dev/harness.md	5137	95c6d15850810d053ce74fffeb64f9c324ad79a70d434417881165ecb0cb8b74
reports/v8/dev/trace_dev-01_r0.json	1142	f9a0181785c7a9c24a298d280634802a976027f316ad71899714667de3f000c0
reports/v8/dev/trace_dev-01_r1.json	1142	f48ad770a471664843702ce1962746c5c144b2156bf3e602e74ebc4c46795bc1
reports/v8/dev/trace_dev-01_r2.json	1141	34a980b2049ac5ffaaccd2cfd383b3f05adf83b478d735fbea283313743223c2
reports/v8/dev/trace_dev-02_r0.json	4450	f9cfa01b4d3ea71c0d4fccec9c464a2447f5506cfd80e338ff6e352f828bf74a
reports/v8/dev/trace_dev-02_r1.json	4450	3526075229602f77dd324a87ea1fd16edaa05bd937c750fb76405813ff1a5589
reports/v8/dev/trace_dev-02_r2.json	4449	c9d9819f156a945b3b276a003e35e20f08af9556ce94255288302f57ce3c3e2a
reports/v8/dev/trace_dev-03_r0.json	946	4349319fd22caeff6b406950f59bb4132344da3a5039e8093d9038fb55db4a36
reports/v8/dev/trace_dev-03_r1.json	946	6564ff630d51f3ad643a634aaee8c5ea29e40b3e9b0b0065b21ee6060fe96da8
reports/v8/dev/trace_dev-03_r2.json	947	abcbece07dd04132fb5a72328d18d154cf66f547dabe1d9664872a9c9ea271a6
reports/v8/dev/trace_dev-04_r0.json	5358	8966c304853a3f1e75ef807909b177b2c45830d9c7675235f80b233a547176d1
reports/v8/dev/trace_dev-04_r1.json	4453	1fd710eb451493fa8414f0a81731696ff1d1145ef76831fe117531cd197cb5e4
reports/v8/dev/trace_dev-04_r2.json	5794	070d8e1b4f56e0cc60d1667e48dba215b930d821a5d4480aea766a6db052c1cf
reports/v8/dev/trace_dev-05_r0.json	950	1fbe1f5a8774b1f62b29c283e36ce0c408102dbf95986d5321e070395f6d1fdb
reports/v8/dev/trace_dev-05_r1.json	950	2d3405d589bda4c9c5af2cf1b84b0cd2b7dbca2c674d31701c6e810dd10a2300
reports/v8/dev/trace_dev-05_r2.json	950	42bcc032e7f3ce3e8cacd42b22d46543654217f6c5bae2b6238dd38cace12c3e
reports/v8/dev/trace_dev-06_r0.json	6475	1e0ec3d4be32a853a69967977cf87406e4e60aa65dc252b27a0a98657febd1ee
reports/v8/dev/trace_dev-06_r1.json	5864	56fb8b655b794b233c63dc9167f8e274c7afea57277ddd43eb47051891faba05
reports/v8/dev/trace_dev-06_r2.json	5943	32d687d787b27ea8e5b5a432d1f13025c116a792c2651cb592510038c3220714
reports/v8/dev/trace_dev-07_r0.json	6523	28dc61080130b1ce40bc6c5f2a9a18d0342c7f5f3f7a09883e0f4b29b9889c0d
reports/v8/dev/trace_dev-07_r1.json	6405	8e275ba5356c4fb014036655b6b24148c2fd02eaa79e639647655c3bdcabc135
reports/v8/dev/trace_dev-07_r2.json	6405	fb9095606c3d0ab10cb3473f067f4aa11019b218cb68d04f277096d3b2146bed
reports/v8/dev/trace_dev-08_r0.json	1075	1553998320939a755483e429e61cd9b805d7b54c60b95750da768d0d64fd04ea
reports/v8/dev/trace_dev-08_r1.json	1075	66fcbf752659cf76750badece2fb493c4efba2f6096fbfd921773e8ceae6bcef
reports/v8/dev/trace_dev-08_r2.json	1075	7437b37d2cf74f9a23f6c9b21067f1dcd6dd064babf95b8eff4ad0661eafc7f5
reports/v8/dev/trace_dev-09_r0.json	963	a151afca39e3d6a61c6a2ffd62f8a0709941429b2101be979ffa8af12a9ad577
reports/v8/dev/trace_dev-09_r1.json	963	638052db6dc7028a8dfcb7c86c9fe91ef28017543c586d9fc831f1f581253a2e
reports/v8/dev/trace_dev-09_r2.json	963	194696ccfcc4e431ba26290a04d02a2ab08156273b49fb46431f2095d9e3e742
reports/v8/dev/trace_dev-10_r0.json	1150	5011fa2495c501989d4e82fbeb877d62f5ddf247411906a1bb6114242a3e1baa
reports/v8/dev/trace_dev-10_r1.json	1108	c680f13534886f6b9817505876f2a418ec2d0f6bae7412418b93e6f1a9568448
reports/v8/dev/trace_dev-10_r2.json	1071	5f7d0ae3aa261dd42ecbc1deb62884614ff2c01fbf3bcd26a2419cb65368d32e
reports/v8/dev/trace_dev-11_r0.json	5683	e3dfab14c07272a0b9053bbfd8ecff94f7eee2947fd68886778508533f06f7d6
reports/v8/dev/trace_dev-11_r1.json	4723	9482e9eb06f8e2152040d6e79caaa1676d28515d125a13c6bc04f4341a919c59
reports/v8/dev/trace_dev-11_r2.json	5757	1a5528ff74e7bdd028a27e641c6ea720cafe25e28b53d584bfea3bb559377eea
reports/v8/dev/trace_dev-12_r0.json	4547	b92a2eda48f700fa77005a61ea6c318ab585cb764dfbc5d9268f861f7f6058ca
reports/v8/dev/trace_dev-12_r1.json	5903	db6ae8a5c2e0bb595d3688e41832028ea75996cac2ef7d6ef60ae74824e803b0
reports/v8/dev/trace_dev-12_r2.json	4557	a4efdafdfca98cc52710e2f3313f1c12862306da9ec73f7a5cbe5443d1952092
reports/v8/dev/trace_dev-13_r0.json	1870	ccd21a092cdf4f493a7e64fba651a20ea78e462a644122a859a3ffd04f295505
reports/v8/dev/trace_dev-13_r1.json	1870	acfda6eb487791a245262a6abd1ef6f85cdc13c08ed2b122546ced9812e954e9
reports/v8/dev/trace_dev-13_r2.json	986	dc492d8402e52cd4e385ca78a093c32eedcc27db38ca33d911a62d7334f0e0f9
reports/v8/dev/trace_dev-14_r0.json	4618	1a96e3d851db60b910681b5ff40f0514dfc66d951920597bbc416d59da243f8c
reports/v8/dev/trace_dev-14_r1.json	4615	fa37e91c25ed56450c4fb9f10b47875674ccc2daced44245a43ed054699124c7
reports/v8/dev/trace_dev-14_r2.json	4617	ee8bbd0290787b59313f202cb918caf0956d9aef8596702e1fb08c4cfec0c8ba
reports/v8/dev/trace_dev-15_r0.json	971	148be5ab2554ad29d03c1fca4cdb929b7f992c85c404a4ffbcd5bd8a98703823
reports/v8/dev/trace_dev-15_r1.json	972	78513b7318d7f6518b203703ac7e5d8753e1d297e7bbb0e74acc231246f8abea
reports/v8/dev/trace_dev-15_r2.json	971	3c3b03f640a5c9f7dc6341f9bad7a869fe9016b49ac86e571a3cf5c775d97fe7
reports/v8/dev/trace_dev-16_r0.json	932	ba9777551cccdcd2f4147891c77244accf16090f3761d4c47fc3f1af79b1a818
reports/v8/dev/trace_dev-16_r1.json	933	ccc382984cf3929fe7a88ec9d866ba816ed22ca7de9cf52578b973a68c298948
reports/v8/dev/trace_dev-16_r2.json	932	57f243136a1424e82ef46c1f190352c0a7caa918c9f6601fd04c5c8ed9b73fe3
reports/v8/dev/trace_dev-17_r0.json	934	4830242460f8099bc8b911a4add3ea314498b8e7b45fcc915c875cd08db55a2d
reports/v8/dev/trace_dev-17_r1.json	935	8edbcffc1a052efaac6ed88333e094cabb32ba6899d3a3c87d8ca8fb6df4cd0c
reports/v8/dev/trace_dev-17_r2.json	934	610032de1c8d88a4f386517657596d1f336caac9601d5111a3049b43f3d24418
reports/v8/dev/trace_dev-18_r0.json	927	2d5a07bea23a650daface1a4b3a8473b532d0518201b498269c13f8a319a94f7
reports/v8/dev/trace_dev-18_r1.json	926	94aeee842287a012efca89e5e2c7c26d306a3919546b1de30f242557ce2593e7
reports/v8/dev/trace_dev-18_r2.json	969	1f6aeebba98e6422eb7de408db5c6e72ecaacc48501b0db7e507253a00844a07
reports/v8/dev/trace_dev-19_r0.json	937	248c86bb7334f176a752d5af1aaac82ecfaeffd322e879e02322fa54e977ccb4
reports/v8/dev/trace_dev-19_r1.json	936	a8c8bce4d54c5096d24258d68a6a3e8bd44fdb5afd648bb54715a413dac2547a
reports/v8/dev/trace_dev-19_r2.json	935	b82b2bd5696595626bbcf49f6de22644039607f92768277f9fed2bc838889c6f
reports/v8/dev/trace_dev-20_r0.json	947	4f11025a9d6005116d26cab359ac1cc8c8c77e2f4fa00a9db0f18caed6620779
reports/v8/dev/trace_dev-20_r1.json	946	ac9710418a5aa063b713b1372595b8f5f2d25198eee6b2250213bee31576a9a6
reports/v8/dev/trace_dev-20_r2.json	946	73c48464ce1fa6604a655ddc4236a9a0bbdcd36da6836016c5b2465fe17dad23
reports/v8/dev/trace_dev-21_r0.json	4116	8c789d26eefb2cf3c29f4eeae8fd6ea88852b701a2c06d0b11ef53cce89a8666
reports/v8/dev/trace_dev-21_r1.json	4116	27d8c731eb15214d948ecbd81608f417dd0c7913d4b29e45fa37175b6cf738bf
reports/v8/dev/trace_dev-21_r2.json	4116	89dcfc23c3100ba477d141a53f5b6527934c45ffbeabbe2a1df2a38253eb0e4e
reports/v8/dev/trace_dev-22_r0.json	937	7eb09fb5d189ae7272a3c2fefed5a5d3e72d6398492b7e536604915649e257f1
reports/v8/dev/trace_dev-22_r1.json	915	fc460b2028eade835e03d36424b97f9a61ad8554540c28057397ff16b9197206
reports/v8/dev/trace_dev-22_r2.json	936	42c18fe7ee904fae1f85bc166a9287f4a8f32920641a52b8e8034ca775b36a59
reports/v8/dev/trace_dev-23_r0.json	4187	b33ae80cd10f31adb51fe58edd74bba0b1c1b1ed29799b75a85a41a8b1b2db57
reports/v8/dev/trace_dev-23_r1.json	4199	678fa5a151942879662b653855d36a08dff66d9017cb3cbeadb10ecc84c2fbc1
reports/v8/dev/trace_dev-23_r2.json	4203	4e325ad19a2f6281df18585911e86943dbd712e39d4fc929cc3ddd5d552909f8
reports/v8/dev/trace_dev-24_r0.json	919	395fb85f4e92efd58ebe5726989905d5cd3d57f71f4dfbea39591c8aa6d29b64
reports/v8/dev/trace_dev-24_r1.json	918	d7a5e2bbcfb069d4b3d985a266a4ab316d27d30232ec514f6ddc3d18524b7735
reports/v8/dev/trace_dev-24_r2.json	919	43df3a087379c3d59f20989a68a7973483478c848d0d41dace7027d39d1bf99d
reports/v8/dev/trace_dev-25_r0.json	932	c48ef46217c50bb06fa902b37d94fd4bac841ee3becb714c4d173dbcf1afe047
reports/v8/dev/trace_dev-25_r1.json	932	974cac7ac1a44cb8af8b31c5931b714cd8c0f94a89121680f6a7bbe6830beeb2
reports/v8/dev/trace_dev-25_r2.json	932	7d5e9ed86b5c6f0a692f245ac2d77fe66b7634be85a9c7ac2890b7453f5c23a8
reports/v8/dev/trace_dev-26_r0.json	940	3777f6fa474504aba1f97620a5baaf6445c90d3242c53cf84c0a8655bc4e305e
reports/v8/dev/trace_dev-26_r1.json	939	521fb016a16da6ded938ac14f3a0bc23128a8b6ee79c7001d19f8b5e13b27302
reports/v8/dev/trace_dev-26_r2.json	941	93e451ddc436c6d8ad14bf12bda091a55fe3560531953d8606f1fc940ea64a16
reports/v8/dev/trace_dev-27_r0.json	949	e66a11d949deaf1c99326140ce8ad1473edb33ab0ef9d81c5dd030c0fa98ee20
reports/v8/dev/trace_dev-27_r1.json	949	c582fe38bec86ba8c4a5d3d74cf201437bf0d965e8533c92e4a80fd190ad1d6e
reports/v8/dev/trace_dev-27_r2.json	950	27b7b0f4619e9b367805143b66668faac1d78d9dbc40582c7a82230a39a9aa03
reports/v8/dev/trace_dev-28_r0.json	979	c064fdaa812fae539334136007c861fba32ec57abd6a1092d080c4b4a2088ae6
reports/v8/dev/trace_dev-28_r1.json	979	4cc15f8a869d541a506036375f8c81124378eda925cd9f3a1ef67be83e294ead
reports/v8/dev/trace_dev-28_r2.json	979	202b30bc13917c14737987ce63a0adbcb0fef1035e5c4ff99bd496ddde2cf135
reports/v8/dev/trace_dev-29_r0.json	968	b42e9a9456b4dbd336e2b3e81c1e2020c9cf520e41882c45a6cd932d022811e9
reports/v8/dev/trace_dev-29_r1.json	968	288c24d9e5f07fe67d18dcab6c0fd213031970c4629e32ded89b8c92f6f2a91f
reports/v8/dev/trace_dev-29_r2.json	968	11dfeaa100b56eb99b0958565a557261f4d9dd1c5210931ba04d50cb17f59ebb
reports/v8/dev/trace_dev-30_r0.json	955	2fc2cb2308bef85b7c36777f83d04e0bb349037c86d288b9816fd08d632514b1
reports/v8/dev/trace_dev-30_r1.json	955	76dcb5ed65295695983eafc73b8f9122a80b6c45879aa0706456cb8a9bdf567c
reports/v8/dev/trace_dev-30_r2.json	955	919b5221a3735f7474b3b7f7e78b5fae54b0e7e0ac9f7ac0b38384cdaf88fb22
reports/v8/dev/trace_dev-31_r0.json	2950	2dad7eed86f49c22a24e0ea9398c432264360d26de1b2ffbd00d3967c1ecb080
reports/v8/dev/trace_dev-31_r1.json	2966	8c21ec1dac9c27d2d9b7c53f4578cdcf5c5dd7b818c6a09c613b077428feffe8
reports/v8/dev/trace_dev-31_r2.json	2967	95457240d73f6e2fd6e2b72e9ecc51428d571307baa9ba78bbc71fe6a382a273
reports/v8/dev/trace_dev-32_r0.json	3076	a5764e72d513a8e49add64bd49731e799fbea4e14c0038a3beb52194b1a23aa9
reports/v8/dev/trace_dev-32_r1.json	3105	7495ef9c68a1ffd188efc57a43125e3187be5e5c2eb0eda08129c9d26f5c7560
reports/v8/dev/trace_dev-32_r2.json	3103	5062c517c4c1b097712ca551ac1d15966c0757fb8637eeb164cf4162429c6e51
reports/v8/dev/trace_dev-33_r0.json	985	65ab0abb76bb296f4f97357e1e100cf341e2622d88a6fa5df05693626e122c4c
reports/v8/dev/trace_dev-33_r1.json	1007	43fd372ed9312427f8a694c241c3890ce38ae70a8d1523d3965851f52966f6ad
reports/v8/dev/trace_dev-33_r2.json	1007	b7c0c1ebcc49ba81859fd5f1449831898fc23b16e4295829a280d1e4ca0ad20c
reports/v8/dev/trace_dev-34_r0.json	942	bcdce91fa4ce9ec1ea485995d79fec11f471e35a68d4044746c9a599187b3fb3
reports/v8/dev/trace_dev-34_r1.json	942	d1cdd9455f1d45b4b46192607800c4ac6db294314c6057b9f9cdd46ff427effc
reports/v8/dev/trace_dev-34_r2.json	943	056d4e26fa89ee366ed182deef257de473a67f1caa3dbc1aabfc4274eccba79b
reports/v8/dev/trace_dev-35_r0.json	936	2160f95659161f4165e4cf9e287e24c7344b93f9723210e0fba4cc994c7f3d05
reports/v8/dev/trace_dev-35_r1.json	937	4c5f01f3a2ac98ab87597fca543467f66ece4b3b0a14578de0ad076f043d23ab
reports/v8/dev/trace_dev-35_r2.json	936	228ff9a64ffc2d8f406a7da38e973b1f5839b7a1e195a7dcdfb93d98359683ee
reports/v8/evidently_ground_truth.html	3655674	12c0432ba425f84047e5e98ddfc892b2f1e8f9ac8be62bed6b9dea31537f0459
reports/v8/evidently_ground_truth.json	1324	9f451d0c9a70b5aa38d2342da32f9855a51c5d4d971ec1dd132b25423bb482e1
reports/v8/evidently_judge.html	3656757	80711707f479360cbc52bf2eb11d77115a3b52f4481ddfb292af8b85e599115a
reports/v8/evidently_judge.json	2642	d9048543952c486b79fb7b18fa1c26db42773028884bd466e252e169cb26d5ca
reports/v8/gate.json	370	c06950495093912949ef96dad53f0cdc5ad636aec7c85e01553a33d1fa431c6f
reports/v8/golden/.rows/gold-01_r0.json	4650	d2fac292f56c94a4c4a40e4f917c4bf22d86739ff8b269e2dcfe531187d234c9
reports/v8/golden/.rows/gold-01_r1.json	4650	ba197709d0210919f9b1fe4407b1dcf7b53d95dfb9eef09a4c9bc603d2d4584a
reports/v8/golden/.rows/gold-01_r2.json	5493	7913b4d272a4ca5eba7457c103aa9bc957167517c77971517b65d73257639f43
reports/v8/golden/.rows/gold-02_r0.json	4640	b5956cff0fc65075045110240d971806367f2e94c8fd3412250c63dfd78c6952
reports/v8/golden/.rows/gold-02_r1.json	4636	d2cb29e8672b577ae2163776f0339795d488bfac54bdf9f8bb6273c17997cdcf
reports/v8/golden/.rows/gold-02_r2.json	4638	b376a45cd0a4423b8e36ce76b0601b5815da4d5034e305dfde7654c69e29aca3
reports/v8/golden/.rows/gold-03_r0.json	5805	f2eab12287b62b36d62f22cc010275441bd368ae15b4567b8bcf28dd18e336a1
reports/v8/golden/.rows/gold-03_r1.json	5805	6ef4f6091e19189a31f20ef949a41f2f0d7b8b9e67a2b00f906eb1026f170f5a
reports/v8/golden/.rows/gold-03_r2.json	6593	83e8114b69e9aabde01ba2b04792086d2bfbb687d31f1d6c517e57cbd541c259
reports/v8/golden/.rows/gold-04_r0.json	5848	15b7039930a752f2e070088b129a5b922eeeec6698389985a7a728ee20b4235c
reports/v8/golden/.rows/gold-04_r1.json	6310	573a8d378d81d411419c25a37d9da5eab47bc01c32ed710f7ef5a05ee378eb01
reports/v8/golden/.rows/gold-04_r2.json	6223	c64515440bd08b7271501c644c2762545e5098fb6a7aa7e8549871d8ad4ca0f4
reports/v8/golden/.rows/gold-05_r0.json	6128	0c666523ac2ec82572bbc8f0e9a6e323e0d4e1f8f2cb58f495e4febd81ae0dc4
reports/v8/golden/.rows/gold-05_r1.json	6285	374e417095d710357fc82fcdf7de84656e20a838f4b8e9733292c2ad3d470983
reports/v8/golden/.rows/gold-05_r2.json	5821	b6795f7f3fc71321722ed0a309bd95f7bc93537b9e4f6004fe4c0fad3bc32141
reports/v8/golden/.rows/gold-06_r0.json	6542	69e47b4094fb260fb040e635af942a35a48c55c541d0af6eed7b356b945b2a5e
reports/v8/golden/.rows/gold-06_r1.json	5499	71dc75628b458090caf110251f6ce5a2808b7a01472325bb0d8b026ffa22d41d
reports/v8/golden/.rows/gold-06_r2.json	6534	eb9725d9f8776f280cd90bfcf6a4199319ac2815ff50669461186514255b8e02
reports/v8/golden/.rows/gold-07_r0.json	4988	e0f4e2468dbda428f65e190ab0cb8e6380122d4febb70a3e19a967e7a5ab56df
reports/v8/golden/.rows/gold-07_r1.json	4990	cd35dbd2bec7b925b04485c711080d951626cb39c6a932e8ffcae60ee5302b8e
reports/v8/golden/.rows/gold-07_r2.json	5274	573352f46b9c5670a0119ffcf2be2a8aeaf61a8ea84638db8d24a1296bbbc8e4
reports/v8/golden/.rows/gold-08_r0.json	4699	a37218085bb9a1de056c86e4ff860ee5d7418e2b3cbe226036c1d4d22e473e07
reports/v8/golden/.rows/gold-08_r1.json	4697	52a79fe159a77f534fed5812116c3669be7ab009ae7ad1937dd4926a4875f9ed
reports/v8/golden/.rows/gold-08_r2.json	4699	6d804f68bda71d6be256e20281b5067140a45a51d0e84ce06a4cbdab649cb620
reports/v8/golden/.rows/gold-09_r0.json	1510	42c04c7df8b3b880e7c8874526f14d2436be5711bf9b498a6d371b9a9d0fa4df
reports/v8/golden/.rows/gold-09_r1.json	1508	917698db26d2152ee8edcedbf7f9e52f4b4f0ba23881fbafd80e602ec03031f3
reports/v8/golden/.rows/gold-09_r2.json	1508	2d15b5587ed3b2a7b94c209a233654fdadeb62b766150dc0ce0dbca579681c29
reports/v8/golden/.rows/gold-10_r0.json	1385	fdf36e2d93d10744def4d5a9c445b8d2deaad1bcf8abb5cf8a67d04e8e32905f
reports/v8/golden/.rows/gold-10_r1.json	1383	95d4815ee892ee8ea2d68810c07a70b765172a449f9a453ddf89d85fa25a35b3
reports/v8/golden/.rows/gold-10_r2.json	1383	b21c5e13abe9ea5128694ea57feb36dfa771f20f1550a523a899518e60ece4c2
reports/v8/golden/.rows/gold-11_r0.json	1402	aae8dd3fb22281bd3f145a320535a87e942528c7a23155cabd518bb32bcd50f0
reports/v8/golden/.rows/gold-11_r1.json	1402	913779089f4dd728d188a62fad77e01b247067b1a56d3062a45d6a0ca174a80b
reports/v8/golden/.rows/gold-11_r2.json	1402	2d14cf2171a4a883e4761bda0b84c2d006e073e6d75a75625886d2160d7705a0
reports/v8/golden/.rows/gold-12_r0.json	1485	331523de1ad550e86dd1160906621718c919627ffa47c5be6f0c6a922bd69a79
reports/v8/golden/.rows/gold-12_r1.json	1401	a049301d0e397beaaca816fd4d5968c37fd809f00a07f75d4c6f1fbbfe04b903
reports/v8/golden/.rows/gold-12_r2.json	1401	4d0da45e66200d924ca9bb5ac52703670babaf810b0470cdd9bf4290317ea819
reports/v8/golden/.rows/gold-13_r0.json	1392	28888059fc6af4f3bf6d1d24a2fb0169cc041ae76f88a0a1f84cbbb4132f787a
reports/v8/golden/.rows/gold-13_r1.json	1392	2950c6f8d27e4526e5581c5ca4a8ff403b5a0a7ed1818de0cd2ea22a30dce172
reports/v8/golden/.rows/gold-13_r2.json	1392	8284d835f307bedcccde1224e6bfcd7a5070fdd2e82b097e0d30c2284b0ec1dc
reports/v8/golden/.rows/gold-14_r0.json	1390	87dc1358e218f1dd3829bcef0c5766b8f74a65649f49d92df44f7a79387cccbc
reports/v8/golden/.rows/gold-14_r1.json	1390	d96913a16449c8b090d317c50a42a2593c2cf2e13029a72fd2d032305097b2f2
reports/v8/golden/.rows/gold-14_r2.json	1392	d18c46fa437210995e209dc090fa00baf766dbd396e2109974e126905bb817e9
reports/v8/golden/.rows/gold-15_r0.json	1485	c1c46fa9d6b97716537e6b0daa0b21790bd3819e5f4643c7d50d390f8570b1f5
reports/v8/golden/.rows/gold-15_r1.json	1483	43933a54a232a600cceb02bd075bb947747927a27a347777923132b69b57b499
reports/v8/golden/.rows/gold-15_r2.json	1481	c88b1305f86e925a24e2e26d74eea9a4167b684129f3f24c757eb5f32c3f8350
reports/v8/golden/.rows/gold-16_r0.json	3075	ae2bac0198056f096cd1649b3706e07d418edd9f54e81699cbbac1177d41f5a4
reports/v8/golden/.rows/gold-16_r1.json	3059	4d25e7bba1f1d53c8dac5cfa57f93f09149bf9b6059bf6a7c6136bd4384e4d20
reports/v8/golden/.rows/gold-16_r2.json	3059	f3f3b76b646cacf1626faa5467092573c49a367c592378a7100709600f5e9008
reports/v8/golden/.rows/gold-17_r0.json	3175	64df6a8af097d6bbe50a05be941116dfa46fdaab66fb5d338a9445a319a784cf
reports/v8/golden/.rows/gold-17_r1.json	3135	dbaa84672d5f69f9a417af6b00f29d4ab92e8f3f036ac042facda0b1aadf8639
reports/v8/golden/.rows/gold-17_r2.json	3173	e383eb0d504a5dc20278f5e76abbb16a4198ec24dd36576a6424dd8e09ea3d81
reports/v8/golden/.rows/gold-18_r0.json	3252	84279ad616312eba8165184c40bf28ba18adef9825e5a2769dcb3e70baa0ffc4
reports/v8/golden/.rows/gold-18_r1.json	3324	801494296a75093dec8618eec3fb62545493b68075c767a2f06367eba97798f9
reports/v8/golden/.rows/gold-18_r2.json	3322	da2a7a12ff3474acf70aad22c178829c8fa49511da2337fc95213153ed37ff5d
reports/v8/golden/evaluation_identity.json	96	6c5b9f0f9b270fdde2264582e0e170066696cbea8fa0160d240129a1aca31dfa
reports/v8/golden/harness.json	40724	d7c1bd52a314c16ba26e665183a94e43d3dc058780c76627480398523f002ee9
reports/v8/golden/harness.md	2812	30ff29ccf453cbc8314de5a2e5f2e9ad6eb0809b9adf402d2e0847a2c58e8991
reports/v8/golden/trace_gold-01_r0.json	4692	0c812123b9f99c3bec33731dcf1c663e289a01b833fb7cc52e59fcc99f6774c5
reports/v8/golden/trace_gold-01_r1.json	4692	a41fcb1fd7a7f3579687d34fe14bbfd1a68b99a7d13b9de526802a02fa8e9326
reports/v8/golden/trace_gold-01_r2.json	5692	2c9c9edb3e659a19fae399ea92e6b498b2bf71ec5235bddbfeffe588fcd811bd
reports/v8/golden/trace_gold-02_r0.json	4589	0017403068c05745b15269ba4f9b2ed9723c26a86e76c9c4d27746d2be9b4f7b
reports/v8/golden/trace_gold-02_r1.json	4586	1e35402fe0d3daa722cc56c7c550c2bd8afa7cc98f24949c870ad790472b6e59
reports/v8/golden/trace_gold-02_r2.json	4588	2aaf9f953ea5b69e55f8299c86dc5e2eb33be86a49f119bc8080f227a1ac8200
reports/v8/golden/trace_gold-03_r0.json	6232	a194b1891b6691606d2ddc2cbe3b06a0dfd36501c8cb925a0446411cb22bcddc
reports/v8/golden/trace_gold-03_r1.json	6232	8a5eef7ea5f6a6a192d57f3e08b3cee36e86c2b4f946f6ff06ad7319e5b3aa80
reports/v8/golden/trace_gold-03_r2.json	7086	1e8a933ff75904cf1aaee793d4c224f5142058c76fe1f1d0998c5cbb7c6ad5b0
reports/v8/golden/trace_gold-04_r0.json	6063	7d785ffa8cd4e95f0d8bd05a44d8ca5c10eae8107ea0a395365e8b1cc1656a59
reports/v8/golden/trace_gold-04_r1.json	6265	1012c793565bf7e0d29aba8fc0df802bd1df36bddf5d32569e9e43a6ba97b8c0
reports/v8/golden/trace_gold-04_r2.json	6201	d90d7b5a10fc5f75572d6044338f82ad1a234c982402a7c975b2473e8b1cc56c
reports/v8/golden/trace_gold-05_r0.json	6398	9cbe76ac0e9d4760fb57258958b85140add72627c78078a50f06b42ccb823999
reports/v8/golden/trace_gold-05_r1.json	6431	2cd19f24b1f3ba2a543c30de76feb232298a4e35687d2c2af29779b470650df9
reports/v8/golden/trace_gold-05_r2.json	5999	49061b53c9cbaf98a54a4c6b2a2eafd80fdb2b211f1628347e3502782f397fbc
reports/v8/golden/trace_gold-06_r0.json	6782	27619cd8e0381ec817d659dff12caaa34000fdca9b70eb4e091fa9ee81237be4
reports/v8/golden/trace_gold-06_r1.json	5613	4a18b6d9f0fd80583c3dbd527566e027c3ab7c6bc7fca1d175aad1cba418e15a
reports/v8/golden/trace_gold-06_r2.json	6774	35249b2f75fce92678220966a7adc303d809f148ad1d0b831063e848f4ab03c6
reports/v8/golden/trace_gold-07_r0.json	4904	5353f18f323d4f17e6ac932af3206f8ec3f11d8738e1cd2407c24adece9219e6
reports/v8/golden/trace_gold-07_r1.json	4905	86f06a5cb9d8ffa7641a4898ece1558c59704fd039e71c2d76a70b8790eb4355
reports/v8/golden/trace_gold-07_r2.json	5140	6c0e42627e656bed9a415490a5205964ce32a5bf2ffa4671b683c3f50cd136cd
reports/v8/golden/trace_gold-08_r0.json	4588	4f3125c71c6d8905681858e64b4a4837ecf1b1ff06f418c7d940e77b6798d906
reports/v8/golden/trace_gold-08_r1.json	4587	ba9cbee9be1aa28e5341450a2dd592ba7fc7259dbd2fc21ff0324c5989c627b6
reports/v8/golden/trace_gold-08_r2.json	4588	f560839666177310ebf3c0051d901007d9329ec412ff54150ebfe0e2b49584c1
reports/v8/golden/trace_gold-09_r0.json	1002	f056204579374260391a321fa1d7897139a840c0e932f031d5bf7a232a3090d6
reports/v8/golden/trace_gold-09_r1.json	1001	2575f892eaceb9d186d3a8e049983846acc7b69d543e1bce445f2ab54863b4bb
reports/v8/golden/trace_gold-09_r2.json	1001	918bf4c2b10fdf87484963c278483fd5c20567fab5853c06b69a3d1cb3d23dbf
reports/v8/golden/trace_gold-10_r0.json	963	98ed8ad7274f55d03380e4f701ea54e3019e87a51c4425cf53a4f89c3e266612
reports/v8/golden/trace_gold-10_r1.json	962	bad07f06f72aacddc36b2ec2162cb94999ce730528c665f009594e399e13337f
reports/v8/golden/trace_gold-10_r2.json	962	58bfd12d3343a66925fb2d1fdeaede428786395d8b428db8579750aaef0940b5
reports/v8/golden/trace_gold-11_r0.json	970	4cb4dc0dbb37dbe619243c7da0424d11c544640029303ffa6a500cfe8154b4e2
reports/v8/golden/trace_gold-11_r1.json	970	a93c261cb8d38e4c914181479cfc8198e6d30015cdc267976f0963be980fbaa6
reports/v8/golden/trace_gold-11_r2.json	970	85f2066c6677b6b4e05b5588f00a256dafa31e3a05c6a23bf2d7dd88bd6e1791
reports/v8/golden/trace_gold-12_r0.json	1035	c794a526f4cb95eea8a9a2d8d1a6572a31db47e2dcf9766ba34180961e154492
reports/v8/golden/trace_gold-12_r1.json	979	9afa6a280340ab12f7c8df276d4a3c4a4b93150903757aab5db89d3be3882607
reports/v8/golden/trace_gold-12_r2.json	979	fbab32bc79720786f4a62f4977abd67d299f283159bacfb0d90899886d1d8715
reports/v8/golden/trace_gold-13_r0.json	978	cf59b9b8d9a1659e53ceb9649209dd4f269d4a056bffdac2ddf77edfa5bb57e4
reports/v8/golden/trace_gold-13_r1.json	978	68eabdc7f8196bd92a689d397aecfd44823f971c81217a7a836d7c7811c5aff9
reports/v8/golden/trace_gold-13_r2.json	978	b3cf4fd2da3a46b533a95bd59d81137723fd5db85a8dd19260c6f639876761e3
reports/v8/golden/trace_gold-14_r0.json	970	2826e034db96f7c0b84204789373b6c6dafc0613cfbba2ceeac6adc84698efbb
reports/v8/golden/trace_gold-14_r1.json	970	4c6ce46a8f8ce2ae756490e1058514c9d91a567bea44c4873c011ec419ffafd0
reports/v8/golden/trace_gold-14_r2.json	971	61d0a88ed9e1379efea010d1fe718eed77c496c4120ca51992b21c732bf94775
reports/v8/golden/trace_gold-15_r0.json	1009	4df4650d1ddf0e48ff7db1f90f1dbb912ff3346e64debeaf176a8b473b1611d8
reports/v8/golden/trace_gold-15_r1.json	1008	7536b772206d83800c0726074ba884c323c9776043e4116b3ccc9d629742066e
reports/v8/golden/trace_gold-15_r2.json	1007	f6226b8eaff5c2c2242ba6fdc75991415fdbe6d3925e6153f2cc549f095ca96f
reports/v8/golden/trace_gold-16_r0.json	3225	cc2ce341ea30c6bcae214d3b5fa5cbda7af1c833552aaa00d9dc53176642fb2a
reports/v8/golden/trace_gold-16_r1.json	3209	88c176e276d5516a88463b054afec52cac5ed3f585883ae2788a523b19b47da9
reports/v8/golden/trace_gold-16_r2.json	3209	07c2e730c28f08deca56e4b5b55e40be25ff049c3475a4ac5bf6eeab4914fb9b
reports/v8/golden/trace_gold-17_r0.json	3311	996a91418dce7529ba842e6ae4a9d9e42d47a5a075489d6d1f67e0039a329737
reports/v8/golden/trace_gold-17_r1.json	3271	5bb23ae0cba245002321551c0746d7e63188a02567380186a5b4e2d374f11964
reports/v8/golden/trace_gold-17_r2.json	3310	a650e7f9abd23ebd2d61e3220299b42c4bf4c7c79c0915869ba7bfaa51cf3331
reports/v8/golden/trace_gold-18_r0.json	3394	4a2f71eaf59c7deaf60f6b15492d1ee03127ff270fce73aaa161000456a4868c
reports/v8/golden/trace_gold-18_r1.json	3465	9c499605e3433325b39abf6aaf18682098850d26e367d158e8cbac0b8c44b11a
reports/v8/golden/trace_gold-18_r2.json	3464	f93770d2a4dc97d93058011e9247e964fccabaa3ee5405033ee51acadbae3286
reports/v8/judge_verdicts.csv	65635	e357ef9b68b88780c316db6a08d6c55fb860b2a2a3c75b2c11091cb60d10711d
reports/v8/metrics.json	658	c8723654e3d4aaaa2c58ad5f50de401749a6e3f437c228a7f398849b027b0006
reports/v9/dev/.rows/dev-01_r0.json	4823	05c4d376b51623dd1cc4f952d16bf66061b93fbe5be431bd34a0453dbea3a445
reports/v9/dev/.rows/dev-01_r1.json	4607	28a752c498700cdbb4caf053397c3cbc92bb57039f502a310872d533307bf5b9
reports/v9/dev/.rows/dev-01_r2.json	4611	f7e3fe2c6acb8fe6a5c9d7e4b4fa088128c5329d914a4b2b0f69413526f90ba4
reports/v9/dev/.rows/dev-02_r0.json	4553	0eb032fd4a77481366b916da91f3a1d616e90fe68d0732d1e4570b1398f0db27
reports/v9/dev/.rows/dev-02_r1.json	4549	56c073eb55a15a9fa132707a92065e9c110c11f73c9bfb83b25faced7332c3c7
reports/v9/dev/.rows/dev-02_r2.json	4491	5d35009b525ac61f8b7ae9b19f5d5c0dcd55fd6bef8dd666db4d4463ebe5dc0e
reports/v9/dev/.rows/dev-03_r0.json	4199	1c6a09a7d8215f9efc5a84ceb446a5aee12cd7d320f7a51604daad77eb254c42
reports/v9/dev/.rows/dev-03_r1.json	4259	1801ccb02b5b9633416853558177c96e2647897ce9360bf77def93a21b8aae4c
reports/v9/dev/.rows/dev-03_r2.json	4197	c8c272c61cc14df06d5d158b5bbf30cb4ae5ba88aad2645804ed76a2658454c4
reports/v9/dev/.rows/dev-04_r0.json	4365	3e82f162b8ab640441ee2f7e42d001d8c352f78d5b08b60b3e10ddfd9a5396d6
reports/v9/dev/.rows/dev-04_r1.json	4305	ad87ed79cedd3a81ed336e2b665e39fc57953304ce3213c773826b4d2da1e539
reports/v9/dev/.rows/dev-04_r2.json	4363	a34f0671941d9c61f7418e836834c8639b930829b93d037e3ace1915dfa3b444
reports/v9/dev/.rows/dev-05_r0.json	4830	a3d5b17662c0219d7d829fb2a19db2199a9c5f049437ac465c0268903306fdf4
reports/v9/dev/.rows/dev-05_r1.json	4816	45c1be00fcadb5c70bb2d06e27e1efda719b9349fb1e79c61609c2faf09d5b5e
reports/v9/dev/.rows/dev-05_r2.json	4925	e7469306e7ba5b3b994e5c1ce7195a3deabf84929ca0266e2d885036f77b4556
reports/v9/dev/.rows/dev-06_r0.json	11538	b6ca61975b73a8a11cc26ec96a9b381586f4cbc1bf9277d170eaf29bafc61091
reports/v9/dev/.rows/dev-06_r1.json	7814	ad6673372f2237ced0efa52bd25b709929890dfddc8b2d7c31600f74e3f6a5df
reports/v9/dev/.rows/dev-06_r2.json	18101	0d07d2ee72774c88752e8607727219107d2f72ae398647a92131d0a05ad64031
reports/v9/dev/.rows/dev-07_r0.json	4278	4520a9beaf161a2359b119760ee327dbf002ce57d9910ea7d02496df64e07ba1
reports/v9/dev/.rows/dev-07_r1.json	4278	e9e9d746933665c94b5cd5b68c84062a9d8666e6853fc87afca8119c91332f3e
reports/v9/dev/.rows/dev-07_r2.json	4278	9942f6db170bbcc8d6fccd45948439f2d4db7bcad5abfa94b9b3f748e96c4745
reports/v9/dev/.rows/dev-08_r0.json	11776	f4f6b54d9006e4701b3bd3ae97ba8650052e97da651d89c147cf038403c3d043
reports/v9/dev/.rows/dev-08_r1.json	12152	3962f27c990b9e5c7a4b1270696152c34cc257f35f34cd3e85fa7a60a5df31b1
reports/v9/dev/.rows/dev-08_r2.json	12152	7f610088eafb0116d201cd1c0bcfa7fa99482d77a4ca055dcf0bd7ee85336a01
reports/v9/dev/.rows/dev-09_r0.json	6139	b17c9497387a032713e9e6c0d911804614b6683c49ce8eca54e27cb584e50597
reports/v9/dev/.rows/dev-09_r1.json	6007	9d13c2005147f14dad868321c4df1139c1b7f4380a0b1093177474de35bc0be8
reports/v9/dev/.rows/dev-09_r2.json	6151	81a17eb0ec8031c2a5347bb511aa14f0b567b296b2f201c59e4f87da71030ea8
reports/v9/dev/.rows/dev-10_r0.json	20774	58fafd38b41341708437a29ca72c2c16016f0630d7e2ca14c9d073af1a9e9033
reports/v9/dev/.rows/dev-10_r1.json	8617	d2bc3cde60525942ea843936f225581a75c365d7a9e923cef1fd5f27191c57a8
reports/v9/dev/.rows/dev-10_r2.json	20360	12e5f0a8aa73a0d95d21e4366c76fe0af1e562f9d2a0b99cba57cfb3020bed68
reports/v9/dev/.rows/dev-11_r0.json	6425	792ec62bc310530dde997d6c0e2491bd267a2c3550e0e15725d8583f6e3fdca9
reports/v9/dev/.rows/dev-11_r1.json	6467	cf597e536d204a746b786aa263886cb5bc6f3d57360dd50c7836b504118d699f
reports/v9/dev/.rows/dev-11_r2.json	6634	27550440031f6f8a1aa8a81e2f43ad071f94bfe9396b422f2915537487437b96
reports/v9/dev/.rows/dev-12_r0.json	5225	65c0ef6bdda55d28df0eb255943392f3d034a74ed30c0945e78dba77717e9b35
reports/v9/dev/.rows/dev-12_r1.json	6425	51bf564e3c41b11b12394817517242fdb365e02b7f32af65174171de3e3b8d07
reports/v9/dev/.rows/dev-12_r2.json	5225	955e679061358ea16c7f2679c919d9fdabceeacd4ff894f54c405725285179d2
reports/v9/dev/.rows/dev-13_r0.json	5750	38283e7e4c5fb887e54806c7f3a94b1400bb2be93156167bc2d687479dc5b608
reports/v9/dev/.rows/dev-13_r1.json	5978	f730198ee4e14511c49bd0b05042e01802529ea275e7f387ee86c5f5659f7a8d
reports/v9/dev/.rows/dev-13_r2.json	5857	82c93c8596dd17bea555b0721be16a7b7b82fdb31d38ed6cb1fde8c6bb741a49
reports/v9/dev/.rows/dev-14_r0.json	6167	16f25b41c2979509452d87be19952003a745125ebd474f8c1ff40036873b8fd5
reports/v9/dev/.rows/dev-14_r1.json	5276	76322a22de38ddf874419068064c5e0d10201dab7692d7820d11f236b35dbc59
reports/v9/dev/.rows/dev-14_r2.json	5247	f68b0c5f4bed65cd1325edb31b64ff374d284b8a6bf6442e7e5852093d944200
reports/v9/dev/.rows/dev-15_r0.json	7195	38f58131930970926ccf446a91f3a97cbe53cd505faa1494ae52426447c0f3ab
reports/v9/dev/.rows/dev-15_r1.json	7007	1eef66167f271ed996f42d2deba8716cb4d8f0af6aade4b4e93bb7e501ed84f9
reports/v9/dev/.rows/dev-15_r2.json	7103	bf4920444b7766db4b52652d0bed0594ed5f5a60f494b8b8c7daa27916b3b53a
reports/v9/dev/.rows/dev-16_r0.json	6908	f2df4147d338f63476b24f282afeccecf50adf1fc7f1ae714c7e1f3012fe75eb
reports/v9/dev/.rows/dev-16_r1.json	6908	d15434feae4576c1f867ded5b4aefde1fa9788e1dfcb096e4693d21e45d0a05e
reports/v9/dev/.rows/dev-16_r2.json	6910	3385d89580ea51b432e72407ae828989ccbeadc14f61b584e877032bd02ec4de
reports/v9/dev/.rows/dev-17_r0.json	5008	5f396b8aab9c13a0860ce128593808ffb21e9e5e114b6f9c6b1aa581175bd9c6
reports/v9/dev/.rows/dev-17_r1.json	5295	9500b27f386fc81e3eda013c1016bc3147f35e51c359efc839906d562c7e66b4
reports/v9/dev/.rows/dev-17_r2.json	5272	d8fcbe54d080ad20e7138d23035ba6618fe3a4d3005d1883ec27083cb23d9804
reports/v9/dev/.rows/dev-18_r0.json	6236	6f60badd82e64e39888a6d21d9b9673ba3fe10c2d6fe557191b56e35ebc2cd47
reports/v9/dev/.rows/dev-18_r1.json	7958	996cced9616edd399453bfdf3a340123afb58c33a85fbd04890960cd0b501ab8
reports/v9/dev/.rows/dev-18_r2.json	7761	2303b86eb533350f901f42023256e6161f78fac2b2ad5e61c5b719030fc0f2c0
reports/v9/dev/.rows/dev-19_r0.json	5874	6a780a7c1118a4a37ad2d034702b96b25f06c89a372bda47f6d619f65d03a51a
reports/v9/dev/.rows/dev-19_r1.json	7699	0a336a77afc920d7f46846b78b85d2be553541e971eac741d3f1b7d1b3b93ae3
reports/v9/dev/.rows/dev-19_r2.json	10315	75059d456debb57623ece2bc9721a79da6924137dd18b2bf996b80839c970ad8
reports/v9/dev/.rows/dev-20_r0.json	5072	a3a3bdd8f69dd8885dce6741e3283ac84384f7815a63a928ec561619bc51214f
reports/v9/dev/.rows/dev-20_r1.json	10114	e044aec4bb060ae797f77e49c657d6834902e5c1c0091aa624a459c5d712a6a0
reports/v9/dev/.rows/dev-20_r2.json	5047	094b95fdcc1018fcf29913e2f6e59b3eb406799530199dfd1758c8a734f36e1d
reports/v9/dev/.rows/dev-21_r0.json	9089	8eaf9f68ef2a4e5941acff477164bf6b18254e5de0a1a8b940e66417d0349236
reports/v9/dev/.rows/dev-21_r1.json	3078	f700500bba793799c6d56148b4d08c90f543cebdd65d7e65f6061e06c4bc16dc
reports/v9/dev/.rows/dev-21_r2.json	8685	fd097fa58582b31d71ba06bdbcf3dbab1d3b419e3bdd0107da4126312f38b1a7
reports/v9/dev/.rows/dev-22_r0.json	5815	f34ff33ebeee5b6c6f303046d07be1018220e805a06d2c10fb80604fbe6d77ae
reports/v9/dev/.rows/dev-22_r1.json	4365	d313c9c5b423f95a658b1a3c9c915bdf54a262c1cd2f80da606a28ea1d2c1416
reports/v9/dev/.rows/dev-22_r2.json	5907	ec3f9440def41e3c91cd3a656a1ddaf905945f36bebcbcef97c5537999c325aa
reports/v9/dev/.rows/dev-23_r0.json	7059	b8a0da7e54b7c638f78242a81c74bf42d15fdde7e7d60b39dd8a9eee3bcdf53b
reports/v9/dev/.rows/dev-23_r1.json	5060	3f7ee885b7afcda6173cd7cad021e3ad03c551a65639b25e1df0b3899a05e202
reports/v9/dev/.rows/dev-23_r2.json	10007	3c0e54a1e83e8aaf1b79ba109f8f45ec7ebafa27b5d55da74b0c0a38e1905261
reports/v9/dev/.rows/dev-24_r0.json	6797	658fda796994bf674e688d60a4315fff7200f9ed75ea87b22c3afbe6398f42ea
reports/v9/dev/.rows/dev-24_r1.json	5556	db542a141e8421b61246c1613e743354de83f20ebc5d34d026f089c0b3e38334
reports/v9/dev/.rows/dev-24_r2.json	6776	5e72dc83e298d16ac4169ce0337a93aeb752a38083d8fd5635c409faae9016db
reports/v9/dev/.rows/dev-25_r0.json	4631	cbea0ac242f0601f22a0cee65393b7ab34ccf81919d7bf26265335cf4e18472c
reports/v9/dev/.rows/dev-25_r1.json	4581	5d6780713b8c6650be62a935e63dcdd8735d3cb00046641883d45a958230ea6b
reports/v9/dev/.rows/dev-25_r2.json	5257	441922f7f287658b90ed56723ec93c82ba0233c6af051776dd5652ebef62a261
reports/v9/dev/.rows/dev-26_r0.json	5456	c3366cb5c921de3ff04bb415f606d6e69b8c69041fa6964f4f4608867e05a5d1
reports/v9/dev/.rows/dev-26_r1.json	5206	9c656c5c4910ff04854b55fa25c4c6460f358ba19c0bd1e4b05679e2c2783bb6
reports/v9/dev/.rows/dev-26_r2.json	2657	b691843c7876f4583720fbd8974fdf3ee83e97dd93510d8a3721f72c92c94ade
reports/v9/dev/.rows/dev-27_r0.json	6435	197606a30510ee8b9e241405902028fed61e4b379533b78b09141c7df7087318
reports/v9/dev/.rows/dev-27_r1.json	6376	3f839039adbf68f8d57b305bc72aa991b4f4501704660075048f3e39be62ca25
reports/v9/dev/.rows/dev-27_r2.json	6766	95e4fc49a9bc472b39abaa2cc1f4bc11a5af9e8b7aed97fe894a07a46963910d
reports/v9/dev/.rows/dev-28_r0.json	4949	c34275189351543e901cf65de717f10f513897e20d4d0b60d08ff3934da79c8d
reports/v9/dev/.rows/dev-28_r1.json	5005	2bedde3de2e4e82cdf4c336bb6dd64d133c1c84249eac7db006c9369ec3e83df
reports/v9/dev/.rows/dev-28_r2.json	4987	de56b035e2c4a09abb22f4ca0edcb501cc237342224d94402f81acf79464d042
reports/v9/dev/.rows/dev-29_r0.json	5253	3dfe4ed49e7c2a379137ecb75396ad49ea516bbc7e22f1bfde6251177e7dd10a
reports/v9/dev/.rows/dev-29_r1.json	5255	a705ceeda9b22c9b9cc508082fbec49be441893041825d6eab03c88e7a8dcb81
reports/v9/dev/.rows/dev-29_r2.json	5243	b85b81dd1a46d7c7015cd4733426d10c03f36d835f116f79c0b1f9887268c7f8
reports/v9/dev/.rows/dev-30_r0.json	6312	76f0f8ddebc181bb92dcbb8edc01ecf4e11a17ce4865c3fe03ce80d245aae17d
reports/v9/dev/.rows/dev-30_r1.json	6624	ef1af86f2f64dd0b9c072cd756e96486983f6b8915065faf4d0db1757c2c609c
reports/v9/dev/.rows/dev-30_r2.json	6541	a4b12b4c0c5893a65ce153ca1b36695c14f697fa5ad74f11a6922e3934c3bb01
reports/v9/dev/.rows/dev-31_r0.json	2774	2399927985658136b2e33d2f19d7285abb4b1ca8233b0906938424418330f4a7
reports/v9/dev/.rows/dev-31_r1.json	2846	e75a071764804cf4479b88b46680aec0d26201a98626b78aaffe69fd1359384b
reports/v9/dev/.rows/dev-31_r2.json	2774	0c18785539ba07da3da95af80f775b522f6fdec67a751c54e987d8410b846a1d
reports/v9/dev/.rows/dev-32_r0.json	3106	dd159fd51c44ece4c675a8dc207434ccfd6cdf67b4c187334a21c95d49ea4219
reports/v9/dev/.rows/dev-32_r1.json	3110	cf5195297ab814e5025e6a2ad5ae0961fafe9d050e7a94b5efff095c0c15567a
reports/v9/dev/.rows/dev-32_r2.json	3108	0d8db7f003d09b0fc5ecd6aa2de8743a29f73f4f0d1e95dc50c70c93632ce286
reports/v9/dev/.rows/dev-33_r0.json	2954	342d19f1f3f43dd575682f42e44ad4d0c893f9c52e731b019a7398038d2ab61a
reports/v9/dev/.rows/dev-33_r1.json	2988	aa3d8909589cb06e21a3c15e7e761e3844583e173879bbb8f32903b05380a55f
reports/v9/dev/.rows/dev-33_r2.json	3110	29b8ac8892d485dd1c74017b02d3fd726062297b34774914e91f2113c029ee78
reports/v9/dev/.rows/dev-34_r0.json	3222	089f8ad22bf966bf194d68e37c666e9aa6ecbf24b4f32fd3a4050ffc94b61afe
reports/v9/dev/.rows/dev-34_r1.json	3220	5f3c04e9ca519e6092536b41fd11e56564d5aa9b6995091c889e3a1536f35d47
reports/v9/dev/.rows/dev-34_r2.json	3220	44e2d815e03469ddb0e511bce8be72c56b594ed73ebb9acad9591bf39cb2780b
reports/v9/dev/.rows/dev-35_r0.json	2804	c4f2dac2741fd4ba9af18a4a3ad106feadaf8ae33de93de47b72616f06b508fc
reports/v9/dev/.rows/dev-35_r1.json	2891	baea276fc0f19bc663e24563b8ddda51fbdffa2150ecb6922230ef29c65dd76f
reports/v9/dev/.rows/dev-35_r2.json	2889	d33fd9621ff93c797fc1cc57024c7d37e7d40f9f7cc1228b7b0c310d2bba8afc
reports/v9/dev/evaluation_identity.json	96	916ab564e166c9cc4853a7ab8bf0f6cc3a197d7aebf1170cb68f064c0273e67a
reports/v9/dev/harness.json	79634	3f836c6e29534a303e839e7aefa092598c30a0ba18a69ea51a62a4618ab31ece
reports/v9/dev/harness.md	5040	0a3b2437e5fce6d95c56f402a6a1fd7792bd3a8198adf9e9f9e55c8f6db98167
reports/v9/dev/trace_dev-01_r0.json	4737	7604e89fd969fe7dfe448a0eabdbda06f318529ccb8fbaf2b79d7a903adef0c3
reports/v9/dev/trace_dev-01_r1.json	4586	8aad5d2aafa58396ed3a7f03bbd8f0088456fab4eda5094a43a700c84e4ad22f
reports/v9/dev/trace_dev-01_r2.json	4588	1f1a24d0f8d7e229584daab7f24b567aa15ad244b33e299748cfdbbcd0bc4adf
reports/v9/dev/trace_dev-02_r0.json	4523	bff975e84960fbfb1dce06537f700be4f4e42a537a8d3aed9bedfd3b504f8193
reports/v9/dev/trace_dev-02_r1.json	4519	518042eb2ee517250c0b4db116ea79444c17a4185e1242060e91d7b3d6041880
reports/v9/dev/trace_dev-02_r2.json	4464	c6ef056040bea587a336d40e5c75fb3b5aba9e71481da33077a4b22eb5d181cd
reports/v9/dev/trace_dev-03_r0.json	4277	137d9ce8d23feecb3952dc2ad8fde92d754ab6d29cf1e798cae5bad36d057b66
reports/v9/dev/trace_dev-03_r1.json	4336	0059967ebb97ef31dee1598208a3ea89e8f47e16596d0b90a67444203fcc18bc
reports/v9/dev/trace_dev-03_r2.json	4276	f7fcd3fde2a2df2ed42e7fecc60a43f73fd6ed996f8cf84fff291c5b19818e96
reports/v9/dev/trace_dev-04_r0.json	4430	29259d0ac5f4a5fdc15ac052d80490f7806177c9d67bd294465c9b6a8e5fe87c
reports/v9/dev/trace_dev-04_r1.json	4370	e93dfe27baad751655536025016b7d20f8446c63692e7bda552f0d795f3f52fd
reports/v9/dev/trace_dev-04_r2.json	4429	9a948a201ef59d63f05c49c89cf89b243ac767a439cdc0b221fe48228bf61eda
reports/v9/dev/trace_dev-05_r0.json	4757	054f8174a78a5bd95160787ac9011df2322e950af25a497b1e340e5aa813f960
reports/v9/dev/trace_dev-05_r1.json	4743	0d5b6f08d3420a7c5410a6ef8ba56445304a2edafa9693657074e2a4b2d3cd7b
reports/v9/dev/trace_dev-05_r2.json	4852	086328482278c0f3769a14157c7f7d1caa15ec5f7d8d213678e4e89348de5872
reports/v9/dev/trace_dev-06_r0.json	11727	ecacf6e8010c2ab4362982f0ddb76750d770801d98c0c448f84168e4ba2b8a3b
reports/v9/dev/trace_dev-06_r1.json	7462	8c86a3c9e367157a5e540f2a42db87a219dbc9ee90a92c42db60b63c88fc1bb2
reports/v9/dev/trace_dev-06_r2.json	18442	6a867d716d59a0ebff595c32fa4cfcb9a6ddeace4d74277180c2a3f5c0bfb42a
reports/v9/dev/trace_dev-07_r0.json	4257	474743a7334a15fc9f494ec005ea228e0c5379613cc3ecb8ad50b897f6256dc0
reports/v9/dev/trace_dev-07_r1.json	4257	e8559d6fc1b31aea61e899419a8fe4ce0f61c991a9d75c9ef4422bc70b11e0c4
reports/v9/dev/trace_dev-07_r2.json	4257	30eab30bc68f1719d9db8dcfd1bee7316135ded63bbf4f14f4f0a7c3120f4714
reports/v9/dev/trace_dev-08_r0.json	12565	7e147990f0c54072083d86eae2030094f22d82719e45b55f0434fca951e9179b
reports/v9/dev/trace_dev-08_r1.json	12991	19dbaefe30ffbe2bdac207b5c20f4650d061255534b8a31ffd6c386e56ac66b2
reports/v9/dev/trace_dev-08_r2.json	12991	a0216d437e9567f5c96801dd026f601b033fbd20db1377d6bbbaeaa42d6e49e6
reports/v9/dev/trace_dev-09_r0.json	6201	7b85b1fecf3abd2381a018b54094f2ae141618b4b34220ec91d877393eb80b46
reports/v9/dev/trace_dev-09_r1.json	6081	d53d27037492c72a974904b5f8dd2d045c71a6b89452e28536b16333d0d87ee3
reports/v9/dev/trace_dev-09_r2.json	6209	2abaa66857acdfa8070b64f979c8ea4ead99f528a2fbd1bb27bc0a1f4ee86945
reports/v9/dev/trace_dev-10_r0.json	21596	f4eb84bc60a4fec4172dd2c207b660e4659770dc95802e1a239ee280e7417cf1
reports/v9/dev/trace_dev-10_r1.json	8109	f6d9a4f7974d5eef7bc28646dcc7e22d7c7218f1e72d67a38b15fcc6501d9af2
reports/v9/dev/trace_dev-10_r2.json	21182	915090e7b451f59050aa36a653dbe35a944e5be121c7a4e72e539a8b04d0c6dd
reports/v9/dev/trace_dev-11_r0.json	6395	907c5625d625e71669c339c140b56eb5c3b2e0b47d019c867664928c0cce0c19
reports/v9/dev/trace_dev-11_r1.json	6434	0df1b10dad201b75f7192da4c60e009ee5ea1884f296fd7d8960373ef3e82047
reports/v9/dev/trace_dev-11_r2.json	6632	aa9f17159e528948eb82300d36fc1add21b7442468b2a6e7b172db8d222b006d
reports/v9/dev/trace_dev-12_r0.json	5045	1e903dae9a059a5384dd05c39319ea17a769e0e5282546cb978348e1dac29883
reports/v9/dev/trace_dev-12_r1.json	6672	8dc007f3414dcbae4c3b25c6ce391115143582fc452dadaa6d425fba6d43ab44
reports/v9/dev/trace_dev-12_r2.json	5045	d6048cd07f4bd81178bb783272810919239e52436a360ef450b69fa16dbdc685
reports/v9/dev/trace_dev-13_r0.json	5977	36dab3252f73bd5b4ac1bcbc99ba322186a583fefaf7f2bc7214d543b24a7fbf
reports/v9/dev/trace_dev-13_r1.json	6206	87d22d47fb69d9c6546de94eb866867242d4ee9beba3fc3ccbcdfdeb02503a7f
reports/v9/dev/trace_dev-13_r2.json	6085	c4c888314f25c38a103c56f784e032099430931a0a9e06d8e1c63014de6a997e
reports/v9/dev/trace_dev-14_r0.json	6397	0ebde84b708a7b3030288abfc2bd1c2cf7534097f695bf3eb6e5909e0c3ec271
reports/v9/dev/trace_dev-14_r1.json	5057	71469e504a688ed04ed1d8882e87917b1157060820152cf2bcab926bb6c5a15a
reports/v9/dev/trace_dev-14_r2.json	5058	f0c63d15cfe9586d931c79e7c50b0cba986e5583e811c98ed5377661067a9fab
reports/v9/dev/trace_dev-15_r0.json	6986	c09edf4628cd86253b9dd1bc1e133eec9c8ccb5dad7b5dfe5283ed9fbc5ae645
reports/v9/dev/trace_dev-15_r1.json	6864	3a31ac650c5933bef7a3b67d918a733e99072fdaee6015692bc8c528c47ed5a0
reports/v9/dev/trace_dev-15_r2.json	6957	aa8061189b525b35ca68caa20a1379cf3d70af24e163cb365b12d6c2b47c0a6b
reports/v9/dev/trace_dev-16_r0.json	7634	55db65fbe153e7d1a353b412b5eba1c0fedb6a502fc32911ae2fdd6901f4744a
reports/v9/dev/trace_dev-16_r1.json	7634	fea0614eb2c7d7ee05df2832f4cac80a97e25f3c40ab6f007a87bf36cc40ae03
reports/v9/dev/trace_dev-16_r2.json	7635	4fcf81007b9efe3b16f289d591fc4e108c825c5684a525d7dff973e92b025001
reports/v9/dev/trace_dev-17_r0.json	5405	ae5e4c96d637da8a79ccbf9f4a82aef6a652406dca9b732d4bd9d9a7349abbb0
reports/v9/dev/trace_dev-17_r1.json	5413	a421a5826718427682a0863cd1d306d0f06905e880ab377e2d791e2fb3075456
reports/v9/dev/trace_dev-17_r2.json	5396	b03dad50412b19115d0e1de9e5a84ea273ae1d9902349709c31d7a05e8281826
reports/v9/dev/trace_dev-18_r0.json	6716	841b592ff96b9f2c5ef81a658b43dd2615965bbe0a17b725514c3762f5753c26
reports/v9/dev/trace_dev-18_r1.json	8769	b6fb14ef0c063eb37862ddefac381a77534669cfea3c800ad9f04143e1d40796
reports/v9/dev/trace_dev-18_r2.json	8403	554c656d7589f2d20320bdafe7f39a46cede2f9c38f63c2a274d8d388f5624d4
reports/v9/dev/trace_dev-19_r0.json	6487	82778abd69abaf4451e0103b2214caf4f473e1f6d14e80652c75d156515d5331
reports/v9/dev/trace_dev-19_r1.json	8623	52073136badf1c0ecabe75c4f62b6c5b4871dc5dd0144bdcd4c6a7a108e0bfc8
reports/v9/dev/trace_dev-19_r2.json	11710	7ee2914d9bf6eb87451c89b8d9779706b8644405ac8478d77569395bdd425904
reports/v9/dev/trace_dev-20_r0.json	5360	0fe11fadf4d487698fe0417bbf4d445af219d8a3cb6b498fd2358c10ce4ec03f
reports/v9/dev/trace_dev-20_r1.json	10733	07c1ea468224934c28761f86a054b8f5db6f3bd4ae39aff2811315bcf5ab9711
reports/v9/dev/trace_dev-20_r2.json	5335	9838306602fdeb3b1c3b0b38c78aad55af6de51f6c1906c822aace8f27e49068
reports/v9/dev/trace_dev-21_r0.json	9856	d70de5523b8ffee621b47d566c6016f7ead427dd09507e35c82ae03264ec029f
reports/v9/dev/trace_dev-21_r1.json	3226	ae68d1c63460c9875b7981da7a1ea124bfd1534ddca09f0f96aa2c6a6e899ee0
reports/v9/dev/trace_dev-21_r2.json	9453	88173f1f9fabec640ce8f4f2b09c7d773517039538fdd5cc92706df5354d22a0
reports/v9/dev/trace_dev-22_r0.json	6140	2891da409d96a852156da4752518bc6bff83beb728f89798d79ad0c2e22e6b21
reports/v9/dev/trace_dev-22_r1.json	4528	04257401aaccc1368f742b5f5f6f9fbb57b09a34c96305207930f169e6e8fced
reports/v9/dev/trace_dev-22_r2.json	6232	12f3067cd4e94ffca6ed8e1b8405b63d54920a95b392e9549821a7c31051be37
reports/v9/dev/trace_dev-23_r0.json	7540	5ca571cf153d4b875c640ef03d5f85de93e511577d08bfb5cbb2d49eb8a04d52
reports/v9/dev/trace_dev-23_r1.json	5421	2a47e6a258c2a320b4907e52dcb6f9484c891583b560c82eb347607aeb64a1ff
reports/v9/dev/trace_dev-23_r2.json	11091	c400060e8bcb3bf5096c76cda79e281a4cc92dfadaa00faaae72c2766437f329
reports/v9/dev/trace_dev-24_r0.json	6725	bdc095405822d150915f8b51de62baea1155ff496a0354388415df50ee46b2f2
reports/v9/dev/trace_dev-24_r1.json	5299	84704fdc6389ae0c980472b8987d99f34488357fd3fa0db17e0ad069b340fdf6
reports/v9/dev/trace_dev-24_r2.json	6710	6f5a044a06708d4f28a034910cb294b5c0f75303821e177f42ee12f0d0f3e9d8
reports/v9/dev/trace_dev-25_r0.json	4919	beb68c820c2c69ac0473ca72c30317c36f2f0e57f6065d7bc84656e95dab20ec
reports/v9/dev/trace_dev-25_r1.json	4870	bda0dfb7b19e1fceb4e54e526f761589e0b5738929e8a70602dc36ce139b1050
reports/v9/dev/trace_dev-25_r2.json	5577	269044a08bcd4694c0625c2859221f3c8979acee07bc1d49152263124af4b46e
reports/v9/dev/trace_dev-26_r0.json	5865	dc2a3cfe367bdb5a346ebbf040ef8ec98f92d6b9a8b5c692f41732c35c82fe66
reports/v9/dev/trace_dev-26_r1.json	5615	df06cae0d1d577310fcc015e414e56f9ea9430c8e16adaf38cfb6652391f2fe5
reports/v9/dev/trace_dev-26_r2.json	2783	b3390b1af451096c442f3fc31fdc177ee2e7e58267d65bec3720f59b8b708a7c
reports/v9/dev/trace_dev-27_r0.json	6704	5cbe49c32058b193d384ebd3bc566f42841aed3986203fb963d7681c420253d9
reports/v9/dev/trace_dev-27_r1.json	6645	040c06578998e59fd0e99fea780d1b542ac7a0c092fb3688049247c512e6ad34
reports/v9/dev/trace_dev-27_r2.json	7036	90751b9a142cd8ad4c14fe2a5409fae5cb3cbe4f7202e05243f4e1ec788f6b3e
reports/v9/dev/trace_dev-28_r0.json	5211	a25ba60d44a167ce6f451cbc6aa70cb78a063747c2fe5f63aac193ebf4420a3d
reports/v9/dev/trace_dev-28_r1.json	5266	c8e08afa1d54a2bfc39e98a8f32724ea7745723c9b7dc1108c087f063ff97d0c
reports/v9/dev/trace_dev-28_r2.json	5248	11220b107a7596d38a625770680bcfdde049a0b04ad186e73474eed2b23d2716
reports/v9/dev/trace_dev-29_r0.json	5570	6c9d14f0d87d915a3a0dfb7cd788d0d56cb6675dc36370d4569c270e015c4d73
reports/v9/dev/trace_dev-29_r1.json	5571	ffdcf75cbf91c5eafbd4ed1eb358d4644857dedd9aa4170ffc356c344d9c4763
reports/v9/dev/trace_dev-29_r2.json	5560	1a0ec8fafd4ad1ed88c351aa408f6780fbf9359078c3e60779b7d07297ee772a
reports/v9/dev/trace_dev-30_r0.json	6348	00de1d46198ce4c8dfec9bde57218a7fd90452d646120d7120f102c949059b28
reports/v9/dev/trace_dev-30_r1.json	6600	fcea53e7145c5d80b6650b3eb25c1b82724013e9e7c24b89baf5b1d6d73ee66d
reports/v9/dev/trace_dev-30_r2.json	6588	3e07941379375b5fbd5a58d65f8a9179f33f2e2adea9c7dd4cf82c49f6e3b447
reports/v9/dev/trace_dev-31_r0.json	2923	22b9ac378209f7da174833629dd6c2b3b487a109ab0b430d2436b7f5c806ed24
reports/v9/dev/trace_dev-31_r1.json	2996	796b83107112387469e64296fc896b9ac18266bcbaf9b8b11e412e897541e3f5
reports/v9/dev/trace_dev-31_r2.json	2923	4512a1945e4b134387d5e87f979e7ad2eb46f1243feb4e6499e68d0096e9f1e4
reports/v9/dev/trace_dev-32_r0.json	3243	cde86eb177d77a0184bdff8889fac9667e611c77ee8d019f2b3a974b2fdb827d
reports/v9/dev/trace_dev-32_r1.json	3245	270dca41625a0d8f0b8070d90a82cd1806d8a46393011b8839726863cbb5f545
reports/v9/dev/trace_dev-32_r2.json	3244	791c24f0b73fddd5564e9652c0904ff81e67db16106cc5149cf1f01a8d9e22d9
reports/v9/dev/trace_dev-33_r0.json	3095	2f170765154ea3afa274c5f736d7b56d7c87a974c0734d0da50c4ea2d20d20d6
reports/v9/dev/trace_dev-33_r1.json	3128	7df6f0cba5b365174b7f4e726dc315c9b993bba3f3c4c7839327217d86a7c5b4
reports/v9/dev/trace_dev-33_r2.json	3251	254ca3e602abebb73b45fe62c5fc3445aba5f9cc1369861a853fe31b2106716a
reports/v9/dev/trace_dev-34_r0.json	3355	ace8a8d96721c45d4fcffdda76f26078c17aa359b8ee00c2e8a735ad153ecc37
reports/v9/dev/trace_dev-34_r1.json	3354	c7c3288582f85cf8b3b88c37bbb5a640eaabb60a7fc42bf90d7ac9d383b1b90c
reports/v9/dev/trace_dev-34_r2.json	3354	5d2f84023f82ed4563d176f943163f45c743d9a1f750aad9eb81ac3438f89632
reports/v9/dev/trace_dev-35_r0.json	2946	0f54f87590efdcce3c0395c0210de1eee484d50d21658989e4a9c47007f56095
reports/v9/dev/trace_dev-35_r1.json	3032	cc91ac5b45e54f7d72ed626231167e4885c0f8841ec6f3ba73da491fbf6b7408
reports/v9/dev/trace_dev-35_r2.json	3031	df42a0b1358d996d63f5433a184dbe30ed4b7b5ff16bbe5ca9b48baaba345f55
reports/v9/evidently_ground_truth.html	3655674	27df9919501076264fe9f95caecf028be6a343c80324458e757add1b0a36e3e2
reports/v9/evidently_ground_truth.json	1324	08437bd92a7f28ebb04c6da6f67445f7d264a6a851e2046403db06c83b9ebf65
reports/v9/evidently_judge.html	3656757	f6ab68de7bf85202ad7c27efed5003899c7e8ec96d457c8d2bc3090d6545174b
reports/v9/evidently_judge.json	2641	fbecfc86b129cf0dd48da5234f87281b72359b8654d9485fcdf8a04180c87e52
reports/v9/gate.json	369	d4bf3b8fb0e8ed61b3e13af6e85c53395230308fd7d77835ed69d8f02627e756
reports/v9/golden/.rows/gold-01_r0.json	5080	747cea3e013d601ffba770f48661324b305132e751927f9fc0231d6ed574485d
reports/v9/golden/.rows/gold-01_r1.json	5019	5a5269dba809836609ee84fcea76edc2312ff37208572ce0950dfc19f9fe3169
reports/v9/golden/.rows/gold-01_r2.json	5019	e1b111c4ee177f620f8f07df2690e24b048cb9065a4761036e5dc585630faccd
reports/v9/golden/.rows/gold-02_r0.json	4647	5c41e716e9f68a0a03610b739c723d926ece0a7346c17f741c9e4d996c0b92f2
reports/v9/golden/.rows/gold-02_r1.json	4674	afd36d2544422bbc1efb8cb440b4018195fed34c395d9aa1d1a1fba18c0019a2
reports/v9/golden/.rows/gold-02_r2.json	4649	3030d596b3be51343854b907db05555bd77c34a3a73c3d4931d3fca5d3591f80
reports/v9/golden/.rows/gold-03_r0.json	5755	fa488fa6672a641b0454ab0adeb1d7a83bda909d91cea53b84f73505ff11cfbe
reports/v9/golden/.rows/gold-03_r1.json	5755	37d75823aa86b2fa6d510ebd2358b1ecc8c7b64f91d948b27fedf7bd150713e0
reports/v9/golden/.rows/gold-03_r2.json	5751	6451b07033195680239bd660109ad33ae696c633715a84d2a2339bbf2b614561
reports/v9/golden/.rows/gold-04_r0.json	8577	07088c8492c79b324bb47e54bf6057208e4efb2409a5c5d644a625302027af81
reports/v9/golden/.rows/gold-04_r1.json	8599	8233d7c8e1f82fbd18e2e4571e32fce04a59335fc092dad407b52a03e333d4eb
reports/v9/golden/.rows/gold-04_r2.json	8364	68279effd7fe3ca357ba9437df6093540ff2ad2d6399253d354c1152d5b1d4e4
reports/v9/golden/.rows/gold-05_r0.json	5564	93cb23bf27b469d64708dac2a27febee6e5c2c703385fef43949e145e510a79a
reports/v9/golden/.rows/gold-05_r1.json	5556	5d73021f403a8ee73d664cbde3b335fb5099a75ed22e98851c0984172b68d738
reports/v9/golden/.rows/gold-05_r2.json	5514	e621aef6258695273241e205b463f6bd48b2e192d6e18e7890003d272d0f4240
reports/v9/golden/.rows/gold-06_r0.json	6969	3d78734254fe79048458c06ead05b48e8904f395c9fa461e4e404666f327f06c
reports/v9/golden/.rows/gold-06_r1.json	7054	6a37a73152c279a9fd2d65d43a37a61ffa0de5c3d9aaccf526d6021492017c10
reports/v9/golden/.rows/gold-06_r2.json	6979	6f19a1ec74310f8debecf132b366147b6dd0c32647bee1b31e86e84c1ff58cc2
reports/v9/golden/.rows/gold-07_r0.json	6523	6b6f57bdd5ab7bba787d791872843c81bbb4a90d9b314a3a61d39ca28ad4f022
reports/v9/golden/.rows/gold-07_r1.json	7093	b5b18e09dd5b9c9dfe7ffbb4ecc558b5f062da58d8fa7a07190ae215378d2472
reports/v9/golden/.rows/gold-07_r2.json	6428	a250de2c3168d6e4db3f9d6c1a8c0f7f0ea8a223454b6cf6847e62b61c4adcce
reports/v9/golden/.rows/gold-08_r0.json	7204	90eabff14b9402ba34eaf30c427069aa9c4b5a1524c5cd5be04555f2e7ee9baa
reports/v9/golden/.rows/gold-08_r1.json	6502	ff2274629eb2a921081b8d9dd70189fe1c07f678fdbae2d14f7ffde919b370e5
reports/v9/golden/.rows/gold-08_r2.json	6496	4ff7e9d84671bf4e31697b23cb8e8c81a114c3c99582f5436d97671dab110b87
reports/v9/golden/.rows/gold-09_r0.json	6956	5a0a1aad711ec8e66edb5b0a3405c286b33ec3b5d276b53bd693b2bd159aa499
reports/v9/golden/.rows/gold-09_r1.json	6747	a8e086bc55f1fab5c05cd43c12051e55a11cab16e2d19157d9a1119579063d14
reports/v9/golden/.rows/gold-09_r2.json	7195	054ca4db9c7cbbe32eca0671c9454b35b936abbf0366504f5b4ceb4035067501
reports/v9/golden/.rows/gold-10_r0.json	5776	385b8c8168140fb7e7ea9ffa3d79c47675020a1804ce2feee55fa6f36e95b721
reports/v9/golden/.rows/gold-10_r1.json	5776	b2bcfbc9f3bf0d34f9f46cb9d9ae7e334c62e8f8b8f8008289ea462a384bf664
reports/v9/golden/.rows/gold-10_r2.json	5776	6c436664131d288bf5e5e194603c41bea2970dfc15a92735a74f753c6900e0bb
reports/v9/golden/.rows/gold-11_r0.json	2413	633672dd437dc35bd936602b7b40980deeca5e0a9a42c467fb708be281f70752
reports/v9/golden/.rows/gold-11_r1.json	2413	4094fc89c17ff5b3339cf00bc78bf613b475cbdbcbb731ff1f1a7aeb9584bff6
reports/v9/golden/.rows/gold-11_r2.json	6468	0bc6bfa7b9ee7dd81f105b015252f267207d95dcf4e8d49ef5bfeeb9a2f7d9ce
reports/v9/golden/.rows/gold-12_r0.json	9557	91b6263796988dfbeb2d03aecb50d89f388200add06e69b26a714aad80113890
reports/v9/golden/.rows/gold-12_r1.json	6862	88a700455508481b7df74edf2a33aad99e83e619fc9d937eb394947147d66fd2
reports/v9/golden/.rows/gold-12_r2.json	9671	89067d6bdc8c21f1523bd5ef9a5142c8f09bca4e944f7b34686e84724eb40249
reports/v9/golden/.rows/gold-13_r0.json	5407	3ecf4758d9937586f4f57d17c90f6cacc51b79c0244c0b0131c9752bbb6cbb5f
reports/v9/golden/.rows/gold-13_r1.json	6348	4a3c75c33a3123dc3e8dbd6af272082cd8a3d218ab8404ace2119bf72fda23fb
reports/v9/golden/.rows/gold-13_r2.json	6209	99c4356b5ceef94914d03aff45c8de50809f71a470831c189d9a1bebe28e60c4
reports/v9/golden/.rows/gold-14_r0.json	4395	d4646cb5b519b75e3f12a182b324915ad4a5ed1607588621f5f069ed739d62f1
reports/v9/golden/.rows/gold-14_r1.json	8155	859d8cded00f73102f83662b7ddbe6abd9e24c3ddb461a34ed42363e10835a2e
reports/v9/golden/.rows/gold-14_r2.json	4395	afc7074094d23e5581f3752b04c44072d1dbaca243d2f7eed3fd7acc38ab8577
reports/v9/golden/.rows/gold-15_r0.json	6350	147bed05893a2397fecd97853e9cce341e99c9042ce41e4742ac5c30ddb00122
reports/v9/golden/.rows/gold-15_r1.json	7120	00708bd7d8a868ab7843ce42ec5703a5dd0ae3ae97f18919edd428c6409849b8
reports/v9/golden/.rows/gold-15_r2.json	6343	1be4b1922702642eebd2b057770fc441e617c7df13d9521c451582bfe432e5a9
reports/v9/golden/.rows/gold-16_r0.json	2943	565de625c2a554ff033833ecae0b5205c0052da475731c1d978c960d80fd4927
reports/v9/golden/.rows/gold-16_r1.json	2943	94f78d5ff4752e74ae0eed1040193ed93ec14198bd3aa3fdd213d19ca820031d
reports/v9/golden/.rows/gold-16_r2.json	2943	558c3d81dae8714ff3d449fc9b6dc6bd987de96a617c714fdd297e38ca21d424
reports/v9/golden/.rows/gold-17_r0.json	5540	64c24d6428ed7ab124b4de71d8823f1d375e34b184d94d341888773a31d28f14
reports/v9/golden/.rows/gold-17_r1.json	5540	76709b5a5193a0b134cb19155965d123e6e0b244e50234f70da4bb29b24a3431
reports/v9/golden/.rows/gold-17_r2.json	5663	267d964ea6d38aef031cef850692a61843b31e4b37a488cd2899cb7877a9f4e9
reports/v9/golden/.rows/gold-18_r0.json	3239	2acd32b7e041a120593f058866f18544ed7ef3e06ccef896774903057144578e
reports/v9/golden/.rows/gold-18_r1.json	3237	f9665ab3ae511d9c4529a9cf49b28daae47ce329b9084e051fbbed1d297704fa
reports/v9/golden/.rows/gold-18_r2.json	3274	c6cc07fbf257dbf5bac467e17256d770c7312b1045ddf3d602af635996bafcb7
reports/v9/golden/evaluation_identity.json	96	20d3991a87fc75a6f0c69ff6d2dfe64bdb718309681a1c10fb640f319b402f57
reports/v9/golden/harness.json	44111	adb981a6aaa1c10c2d2b1c4bf72fb8451e42a8d92f0ae2dec15e08e66d839a62
reports/v9/golden/harness.md	2842	c5357bc772800e2089c781e93428205d737a84b79a1dc9400079cc043cb00a50
reports/v9/golden/trace_gold-01_r0.json	4925	a8526d7244581c71efb4ee2e1e0e300c80a900fb3409237e2811fc7b18993d2a
reports/v9/golden/trace_gold-01_r1.json	4884	e27152e503d122153f794e3d4799ce09a0cffd0498e0422b5d0f1a872870f53b
reports/v9/golden/trace_gold-01_r2.json	4884	dcd58df2427ac17eb07a2b6347e7eed533e3b98267ed5491ac9a99e36cf4e8ec
reports/v9/golden/trace_gold-02_r0.json	4589	21b81af3e484699344f24ad3061f2c71aa66ed41e2cd2c362f4c1e07cf86cc8c
reports/v9/golden/trace_gold-02_r1.json	4615	77e3fe945d276fa48ad44945f3f6fe49cdd6b3ebb6f4b0d02fa2b12fc569957c
reports/v9/golden/trace_gold-02_r2.json	4590	27a28c0953e6c073af65a0838bd09e40abffc30ce491e709f2404b692da6a235
reports/v9/golden/trace_gold-03_r0.json	6014	dccb19b60255f0241372050fdcff21a9cd710b25c51ae2fa2770f3af1a1323c7
reports/v9/golden/trace_gold-03_r1.json	6014	7c05a892c35e83512f2708a1a0fc27d8a4f1fd4537dba01985a3a0f946e9f93a
reports/v9/golden/trace_gold-03_r2.json	6010	31d254cf1ca37fd0ec2133a3f907aac2104a7caa51573451aa024e7884704de8
reports/v9/golden/trace_gold-04_r0.json	7991	e51acac1048cf9e2aec4bd11e7d6cf18f5ba3beb84515e09f75d77fdf36faba5
reports/v9/golden/trace_gold-04_r1.json	8014	a05193d3c0ee820c6f30f835c2ed7d39f15ed6e49ed273e75167ad277f5e3d85
reports/v9/golden/trace_gold-04_r2.json	7853	a197522d3716b866d0b64fa8c8e701855abc3ce52c6c82d9d75eb3837e1692af
reports/v9/golden/trace_gold-05_r0.json	5826	1fb30d44d85a11118fd216d09ef119b46b91078dae1ef72ddf8ff2e91794da8a
reports/v9/golden/trace_gold-05_r1.json	5818	99ffa54dd0eee44d07d68b73938d3c3f7b43fa845e7a1c29c031204e703d2106
reports/v9/golden/trace_gold-05_r2.json	5633	73986c74f2a0ed7e13515fc2d12e4a13aa11ec9b4a506085756a18163f402d81
reports/v9/golden/trace_gold-06_r0.json	7040	1e2c02ed947b0142b352e87856b5391e7088e693ef0d8bf83ecb665f884465bf
reports/v9/golden/trace_gold-06_r1.json	7111	d60cdce0bcce089f01bb091c25684a90379b8c22b3c74a8c68a65db1dba43593
reports/v9/golden/trace_gold-06_r2.json	7060	2768ff0f0f1220c02e3d52abb63dce827ebef7b9d8daccd680d5c9deb216f8f4
reports/v9/golden/trace_gold-07_r0.json	6427	4f781d4d154655ae55e6736811dd3ec0ac6328adf202197e74f193ae7d8d0fa7
reports/v9/golden/trace_gold-07_r1.json	6887	2a7387d07ee393732c7b145cf530edc89acf9ed37399fc89b715d422e26c457d
reports/v9/golden/trace_gold-07_r2.json	6346	edecacc883fafd698e75ca5a61bf3b482f1be49f45b4fbc8969f55a5232d403e
reports/v9/golden/trace_gold-08_r0.json	7586	742b78418667cf529794ddfff135991891f6075d20b5013fb6b6489a88e86f53
reports/v9/golden/trace_gold-08_r1.json	6878	af9474cd3512c7c7501f4cd8759a51bb67d37be57f62957ad399c4aa5446c5d4
reports/v9/golden/trace_gold-08_r2.json	6872	a2502d37bde6a5b01545b3e3814402b47f92901ad10b95361cde3145f709e6a8
reports/v9/golden/trace_gold-09_r0.json	6764	2af953e369f6ab4d0a42aa5123678abeb634d0f69afc0279877b62453c0c4da9
reports/v9/golden/trace_gold-09_r1.json	6944	943213fb4775662ed083ec33d6e7176fffc9e9d44cb59c80f751b6a227d02732
reports/v9/golden/trace_gold-09_r2.json	6993	81e683f77956a18596232b23f577f5e20d87ab6c5b1233f068a9e8f89702e865
reports/v9/golden/trace_gold-10_r0.json	6211	b6e12a1f5d08869d99a29bdcaecf3243f798f05476b73c5c33d16d08e048b827
reports/v9/golden/trace_gold-10_r1.json	6211	c54a0f980be4bae9f1b245fd1dc811f9078918e44c643fc4598c9465e20b1c06
reports/v9/golden/trace_gold-10_r2.json	6211	d0b5e8c6b0d7b2e818fa8dc2ab7a1937fcad5bd9d5dd418df198ea8e544995bd
reports/v9/golden/trace_gold-11_r0.json	2433	d9b4d2bae6b12781b203033c5bb189d9d550718f07085c5daffc29128b7f5e4a
reports/v9/golden/trace_gold-11_r1.json	2433	ded9b210e74181321bc3cb92918b2a1601c44f88e8f2a5ebf6325591e7205651
reports/v9/golden/trace_gold-11_r2.json	6950	af281de94663fa222d2c4649e9f96ef692ee32fc6f29dd5e111265e5924e995e
reports/v9/golden/trace_gold-12_r0.json	9994	43a58c864eb5ec221e63ee60e2cb5a3b5ad321c5dc086c03f3e1412537a9890c
reports/v9/golden/trace_gold-12_r1.json	7182	f5607d7bd9f2d23a2b21da216ab2b50e37691c7f2db73fb1b87347e38d32ee8f
reports/v9/golden/trace_gold-12_r2.json	10107	a8f7b63fb97b8be55eff4b89ae5454d98bbc6857c1e0a484539a128177c2875e
reports/v9/golden/trace_gold-13_r0.json	5752	5b4069bf21b179cb71f126cfa3421e0218e24f813afe5948de82d9518a9d9ac1
reports/v9/golden/trace_gold-13_r1.json	6682	b4f33ee6fda0c12ef1a9b7147445f50d54366917e59fe253f364a518bece103b
reports/v9/golden/trace_gold-13_r2.json	6543	f25aa0bdf3e2ae2561c0f283617abbf9a1bf7bc3f72481c419296a194cab3eec
reports/v9/golden/trace_gold-14_r0.json	4276	4268f8eb0b117f57bb7e7d3c8574ee9bd1da45e744b222087680708a564573ad
reports/v9/golden/trace_gold-14_r1.json	9001	acf1da8ed14ae1d737b44d40f86019ae3ae9598d76c66e3184fd051104d6f878
reports/v9/golden/trace_gold-14_r2.json	4276	0dbb9bcc37b810469b70f1bf490747e75d389b6d74965be41d340ae2ecd2274e
reports/v9/golden/trace_gold-15_r0.json	6738	f4b46cc7b0b7cf75883f9b7cf56bc1a16934e0a93609970f99cfbf702fc2fd8c
reports/v9/golden/trace_gold-15_r1.json	7663	366f3e2c93db92e4cc2dafc835ca710aec37810365c12ca2f5e92b17a3cd7a99
reports/v9/golden/trace_gold-15_r2.json	6732	f40e2cfba0f0112907a43166bec50d2d8b78f1402affe2e816676809d51b6b24
reports/v9/golden/trace_gold-16_r0.json	3062	969a5edfd7450587a225f590a39d36d378461c5b3eda556319cfdf97920f8689
reports/v9/golden/trace_gold-16_r1.json	3062	a4067d3b13e437c2bb69947236355756871fbe6f61a08c31959a6f7efe75e37a
reports/v9/golden/trace_gold-16_r2.json	3062	b53ed795a025c23192292209caebd8bc29588754b8a216eb94375f0dce5a3254
reports/v9/golden/trace_gold-17_r0.json	6261	1a71061dcc193d4bdb66f4e3e35b09006ff18ad350744eea351d4a027dc9dab4
reports/v9/golden/trace_gold-17_r1.json	6261	fba98a0ee7a1e3e4abc6351f5257c35f6b33b9e26047f404ae481f7ca400860b
reports/v9/golden/trace_gold-17_r2.json	6384	5c3279ceb2b70937195646c40b994f1c831bc38453d99c4f868d2d459de2a85b
reports/v9/golden/trace_gold-18_r0.json	3348	dba09e3a009cd1eb1f44004871a8acf14cc13a2e44b7120d76d1ae934146a908
reports/v9/golden/trace_gold-18_r1.json	3346	8fec40e1556d2c5864e0cbdaa9b477aecc5086db9a305261c44877675ded7cec
reports/v9/golden/trace_gold-18_r2.json	3383	b737c623490c8eb12e7a5223bc02ab928f19f058c4ff053084d5d04f684f40a2
reports/v9/judge_verdicts.csv	73770	7c82114525486efd4492f3a78ab07e7aac05b0f7e3bb4930a01ac30dc00553cf
reports/v9/metrics.json	699	116ddef9f7f945aed45f21f6217627feeef2fb6d8550ccb9d09d9d66d89cef15
scripts/capture_screenshots.py	5108	b9e46151235cbe400409adafe19a7dde69bb6a3ed8b643fdb9319cfbea934f00
scripts/check_api_features.py	2729	49b992d8803a67a98a85b286bb225d0801402165ac9caa70f03770f35f374fe8
scripts/check_api_roles.py	2615	258c729b71ae81866d2f5569cc4dd2e934be43ff76e82cf28899a54859347446
scripts/check_deliverables.py	5592	aa1c67166e24ebb4dcca9d42144ba4047c8908a377916fdcb350ab5f32ad0730
scripts/check_provider.py	3327	c67f5af29381511298b253f1cf742e90805249cbcaf57f9824cdde633be285aa
scripts/smoke_api.py	1196	b953a339d735d1decd5dc31222f5a54b4ca9a6f61e1380fdbce02c4f63b80b6d
scripts/summarize_experiments.py	5500	f392dded3b3acdc12eb97814f393f45dd195f5e3995f94b3febb6eb75ac6be98
serving/compose.yaml	570	047b532eeac0bde538464ccdcbcad15b3013cfbf90bf420b8fba54112f5ace04
serving/named_tunnel.md	419	832cfd48382e439e2044016c9ba400cf48aadded6ea316c8d5293882a18e002b
serving/pyproject.toml	124	4b14aa1ff6935636a73cd576f22fdb935b2a88c84710e8cbbdd1faade0523173
serving/qwen14b.env.example	252	0cfe05fffcb9a26522a25b558cf0b05c541663a21deb17e053a5f59e34b9d8ab
serving/serve_qwen14b.sh	314	acbb56980525a029b5e3c2105d104e42788dea491851c7d7a48e01ccecf6840b
serving/serve_vllm.sh	597	ee6ef54f8cb7bc31ac6668b602a42e4914890b19ffb59d9bf28732dc96b9c39b
serving/uv.lock	283843	b27bef3d3fa40359b54a586e0921955007663b23e4fa6387136350269b3cb16a
src/assistant_mlops/__init__.py	0	e3b0c44298fc1c149afbf4c8996fb92427ae41e4649b934ca495991b7852b855
src/assistant_mlops/agent.py	21834	19b9f1c99d892a738b9370473c31a5e220c16eb225aa514758de5790df034c2e
src/assistant_mlops/api.py	6318	18b7a4a86c3cab43934ad97a158b0b24b44843b5abf3c652ee61532a2271ccbf
src/assistant_mlops/auth.py	521	09b22ee69fffd4b41fd7fa65277e851452b8430885c5e666e7decc8d2d64aada
src/assistant_mlops/experiment.py	10014	43e057f53c3f1de9bd13cee51da1497452e9393ca7d8a25efde8340a61622f63
src/assistant_mlops/gate.py	2097	5258061154f0acbae27cda045055d9c9a398c052481c8e0aab002df4a1beeb75
src/assistant_mlops/harness.py	8514	35d999f192a3e7f5b2a3a5ec9ac007c537bd3a4c02b4920cf8baefdf23e06d87
src/assistant_mlops/nightly.py	2994	e9c8b0d547cc5c238b7f5fa9bd54789a8c9c9cee981ffb1ea323bc4fc1fd72f1
src/assistant_mlops/production.py	1161	ea431b67a25f6e8ba3b5ebb92109e4237b6d7586f0e65ac60992b4b4a5613a9a
src/assistant_mlops/provider.py	21043	89bc44e8548c1b657386fae03f65c5f645e065f044f98bb51f9bec140f402989
src/assistant_mlops/rag.py	1883	c7d5659afcd3dd77c48c67467135dd2c34f1380ff87277f41380210eb6e1ee28
src/assistant_mlops/regression.py	12750	b1ccb8938078371b160235f819b666e42af0386ce2be94cd30818037af6ade57
src/assistant_mlops/retrieval.py	4743	5b027905819cb806e2cc7339c5dc2285a74f454161fabb41498b75201b07e0a7
src/assistant_mlops/schemas.py	1233	95aa3ed6a938f5214083749676ce6588b7e1d9e887e069da4c9d91e290081efc
src/assistant_mlops/ui.py	1301	4513405a5e9b146a7662742c9f05a9155b6bb41aa01636a7bac011e868dad96d
tests/test_agent.py	14795	5cad6c107cbb6f47d97f80ae351e165e193f2a90417cf1d7fe64b5539eb68f28
tests/test_api.py	3740	246c18880d724fc1f1e8dacb807b119f09d6cc4226b397587c26e0481db8baf5
tests/test_checkpoint.py	1978	edec697f7c37519dae13bf7440632e9ac685f0472feae5de140f5a2ec91a9de3
tests/test_cost_accounting.py	1232	bfc2beaceeb8e7dae5838f492df20d938a71154c2fedde6360b610caca81c0ac
tests/test_demo_deployment.py	3556	e61f12f3cc2616ae43a59c252ff042790831d1472e3b683c0d06e8c561cb8a09
tests/test_evaluation_availability.py	1445	a46dfcc2af076bdd61163d4fbec0741d2dc038d19a541b2bd2be37a6af9924db
tests/test_judge_cache.py	4057	3100ab2bf2d4d759162d7f9601c1887153c40635e8b01bb79f0e7f43fdf7aa8b
tests/test_production_baseline.py	2328	32ce6df07d11a0327710e439902cbba7c037829039c2c4acd9453799f0838f55
tests/test_provider.py	21434	62f02660bf67324ebe9d55dd3a7f16f6dd969c8cab98acb81c5ae99bd8d4eac1
tests/test_rag.py	711	372d9e4f62fc0d87d9b832a9ffc534d9871af16d4a1c0cdebd03e04a5f6c2913
tests/test_regression.py	2770	7521c9fc1faf22191dee72631804ca4dd7ad91b7299d5c60531a6de146b78a43
tests/test_retrieval_modes.py	1801	c54f11bcf6824d12fed4a0b4eb4e83a19ab29dc84681907bd2a8171c1e19ea55
uv.lock	356917	1050028f2fcdfcecc3d5643fcea1e5d0d757bcfa284e7f0d404096d8644b4367
